168,15,51,192,92,100,87,225,124,30,79,189,120,74,89,50,111,159,33,87,214,228,37,168,90,106,59,60,98,52,127,29,239,159,126,199,227,64,143,16,70,26,230,68,136,176,62,49,204,243,169,124,198,16,141,104,189,85,28,226,73,77,28,209,230,151,55,73,204,66,222,81,77,38,77,100,158,30,164,40,141,201,125,206,243,125,136,136,143,161,8,222,250,105,1,229,183,124,97,164,118,141,163,195,56,115,170,86,16,130,150,43,127,173,65,89,220,195,151,56,171,131,34,23,19,100,9,184,108,122,101,85,158,252,117,218,161,26,241,127,171,35,226,124,78,69,30,173,152,0,181,39,25,76,73,243,210,131,57,226,84,171,66,120,149,10,83,85,198,96,240,75,228,118,235,45,126,199,31,22,74,11,228,73,178,226,222,154,228,16,101,35,165,166,56,244,47,119,82,162,51,64,37,28,5,102,56,133,213,225,15,118,65,80,10,34,192,144,164,111,246,251,110,152,63,162,126,162,229,54,153,234,164,194,61,202,170,137,5,40,110,190,173,156,155,247,254,55,173,240,141,0,209,177,32,69
69,14,101,193,53,229,185,189,90,217,197,183,151,180,114,46,27,42,4,150,42,136,76,24,238,124,252,176,154,120,94,30,13,174,77,230,137,16,18,228,220,27,55,28,227,225,8,112,219,187,240,253,5,118,0,174,19,230,244,91,41,53,198,22,213,106,236,62,182,11,95,2,68,251,78,105,55,135,22,159,238,44,42,104,63,162,160,190,223,113,51,171,70,127,13,35,251,18,228,250,214,130,117,45,238,113,42,109,230,130,56,46,142,187,86,173,39,241,223,75,250,76,193,236,10,236,131,57,111,196,59,116,87,27,117,86,99,108,88,154,158,176,232,56,153,189,122,156,199,106,20,92,5,43,201,66,160,135,53,141,107,207,22,13,103,109,59,121,136,90,210,144,184,225,30,228,0,103,244,152,88,197,225,127,202,205,81,11,61,79,145,109,191,216,9,217,67,112,40,183,32,230,203,12,143,13,78,36,162,186,124,137,148,43,224,53,119,172,64,5,187,127,247,124,152,39,182,224,5,99,200,74,35,137,2,195,170,70,15,12,40,46,84,68,140,138,27,131,99,156,178,64,47,143,170,186
33,190,213,99,38,10,83,254,204,157,48,255,210,119,41,77,139,132,254,241,67,236,208,75,107,168,132,107,98,215,127,81,127,249,76,68,108,176,161,238,202,102,111,190,238,220,18,6,77,79,148,71,175,190,106,203,49,82,195,100,229,187,182,243,186,126,173,167,46,17,175,188,209,79,108,163,185,99,54,62,85,152,118,23,135,128,97,88,199,196,231,40,238,5,3,137,199,148,12,194,66,105,18,180,48,28,161,231,111,94,92,50,100,7,240,65,79,147,242,112,134,51,97,174,3,216,176,236,214,186,218,92,40,27,197,142,83,213,54,39,58,239,27,51,79,84,228,99,49,113,211,213,174,91,122,43,184,41,17,140,103,54,254,42,161,34,47,29,203,3,180,147,2,134,234,195,219,114,126,38,228,37,165,128,113,238,103,196,179,148,13,158,81,98,140,96,235,200,62,101,135,46,102,113,33,153,222,31,238,39,41,17,40,186,62,102,210,235,144,238,166,43,151,89,175,78,69,52,104,165,62,245,202,186,198,172,222,248,192,83,236,46,184,181,177,104,173,154,111,198,221,245,11,165,34,237
45,144,238,118,7,247,71,34,52,217,254,51,56,57,47,177,84,101,162,8,211,247,185,199,109,195,179,19,47,43,139,66,146,246,122,10,55,120,254,158,222,113,150,199,208,123,220,252,122,64,191,58,132,96,172,65,212,209,141,33,188,124,247,124,237,159,7,13,154,35,166,232,203,87,71,87,91,61,186,128,235,170,64,194,126,203,62,18,26,153,51,95,101,22,165,188,20,218,222,222,171,5,151,174,61,232,28,169,169,134,231,164,148,16,161,4,161,175,50,175,42,236,12,118,59,161,69,157,29,66,84,176,203,99,113,41,96,165,44,168,84,164,159,23,123,161,105,222,28,184,132,11,203,195,127,93,223,33,230,48,70,4,131,231,146,53,74,13,124,106,234,99,148,78,89,169,180,111,171,128,226,1,163,34,40,198,26,176,208,123,122,119,121,145,5,98,13,202,55,217,169,97,40,95,50,28,211,199,222,228,146,211,86,148,20,1,203,138,148,177,77,74,106,136,9,156,190,108,252,36,111,3,48,117,24,118,99,61,55,81,131,51,25,129,107,238,90,235,70,17,10,104,192,78,127,227
227,40,59,184,17,197,135,52,252,24,178,234,0,184,132,34,17,195,30,123,87,32,114,46,173,31,237,20,213,211,68,47,136,166,36,184,137,10,254,128,9,142,124,179,103,235,253,195,41,234,65,170,159,38,54,229,170,12,247,155,138,38,143,187,102,95,123,197,0,232,97,185,237,156,12,51,52,104,2,27,235,45,18,90,25,232,72,149,137,167,78,206,96,53,89,159,27,222,30,248,148,58,122,215,73,165,179,61,121,2,216,86,82,74,216,151,81,105,89,169,198,8,45,221,35,51,220,171,243,251,61,11,19,98,222,36,171,113,97,95,132,253,96,242,106,157,205,53,207,177,55,47,241,1,191,28,63,227,71,134,55,120,127,68,30,218,70,63,164,199,73,203,223,248,186,243,183,249,208,96,119,16,170,254,63,5,244,98,52,69,159,139,96,23,135,30,10,187,180,85,75,117,126,39,1,235,168,130,128,130,189,174,55,149,171,73,118,227,206,50,48,191,247,51,67,59,124,93,210,120,84,104,53,118,112,43,24,29,239,72,220,83,221,3,69,214,198,112,63,185,225,36,90,207,17,167
203,35,232,82,7,255,221,185,163,148,6,66,148,199,232,231,107,178,79,63,245,191,198,202,88,95,111,81,143,207,119,18,25,193,24,158,95,223,29,228,27,117,222,199,153,49,210,13,222,51,125,99,170,63,13,66,1,37,54,77,206,105,23,138,191,76,225,93,222,119,78,252,33,36,96,64,174,125,98,17,5,156,219,143,90,54,194,94,161,43,152,200,36,226,255,32,37,179,80,114,180,176,190,50,224,109,253,148,250,33,110,75,96,231,177,150,238,255,91,81,92,49,22,163,229,116,231,140,245,67,74,35,108,92,35,156,73,117,84,48,134,120,7,52,216,43,18,98,153,99,85,227,147,239,70,136,197,232,57,200,45,232,194,235,200,22,171,192,99,208,149,130,4,62,207,188,248,89,73,40,179,86,55,99,142,169,76,243,214,103,227,106,56,189,63,212,124,162,46,70,141,154,67,69,19,148,26,76,75,129,84,55,122,171,252,188,85,233,255,159,216,119,152,146,56,193,46,94,55,219,94,193,137,66,59,211,17,247,118,144,133,48,8,53,93,139,254,172,183,254,175,152,179,14,103,206
243,22,190,196,240,174,195,203,132,125,139,20,132,87,20,38,228,62,103,3,5,26,228,4,126,28,108,188,59,97,213,16,81,29,162,157,151,246,51,162,119,175,165,251,237,40,13,201,78,111,253,123,200,251,125,17,166,200,205,205,255,98,2,243,79,4,109,166,166,152,135,234,73,79,74,39,98,213,242,132,202,255,5,36,164,51,221,231,209,133,105,19,65,213,255,157,232,10,157,224,39,111,195,253,80,77,244,23,192,48,162,21,190,26,106,63,103,120,76,235,165,183,32,140,153,115,229,246,58,167,141,44,167,156,20,10,25,149,108,123,147,47,80,54,237,25,159,95,63,224,208,2,61,171,173,10,12,140,196,83,2,168,37,63,112,53,222,173,38,5,157,43,216,183,171,4,27,33,246,0,111,21,81,54,125,203,25,1,31,128,158,80,39,79,139,169,85,53,193,158,153,59,177,146,246,214,215,21,98,203,22,1,186,27,207,124,24,49,90,53,232,227,26,80,136,33,190,230,252,105,164,217,30,99,254,41,220,109,118,16,12,210,130,218,185,194,222,99,234,15,213,205,28,0,1,111
107,85,192,93,28,165,76,197,17,127,206,187,127,126,20,176,96,162,66,182,97,131,24,235,102,127,131,59,57,239,47,160,220,42,144,153,19,215,201,72,152,126,153,115,180,38,140,40,75,27,157,161,26,164,36,111,112,251,137,3,169,214,60,79,97,75,230,190,6,144,138,61,150,97,186,44,95,25,232,174,70,100,147,55,0,22,216,43,35,250,47,250,1,140,151,141,33,80,227,110,76,158,104,93,107,87,167,85,135,104,104,166,241,148,186,116,150,46,58,122,221,73,128,232,67,163,91,203,97,0,254,96,147,208,167,14,145,56,13,82,16,192,106,135,120,171,198,129,126,93,16,194,48,41,234,209,20,81,247,151,140,61,159,93,186,20,128,120,111,138,5,8,176,128,101,17,109,169,70,59,216,176,108,33,79,89,39,186,70,168,154,98,7,152,91,239,20,137,148,20,230,2,81,173,174,110,210,39,52,80,116,124,157,21,236,174,127,185,108,102,33,214,144,99,37,36,25,220,45,3,73,202,215,221,161,171,129,143,119,38,202,11,223,66,165,224,131,60,140,31,122,81,207,88,172,40
168,78,196,251,180,168,221,237,141,83,66,155,209,106,173,222,30,99,38,122,240,241,210,226,14,105,206,57,197,190,169,36,155,54,97,185,87,68,201,13,37,57,225,237,95,131,121,42,129,186,58,100,8,211,204,170,113,107,179,231,227,93,183,12,161,51,119,203,171,84,4,143,87,168,3,12,43,212,146,75,144,6,61,98,239,245,167,133,144,67,75,97,201,115,234,197,194,202,2,217,224,126,129,254,165,143,2,82,16,95,225,156,116,200,53,111,63,191,226,15,61,255,62,138,174,41,14,173,201,48,171,242,155,65,35,72,194,69,246,90,52,190,75,15,162,105,84,13,140,207,86,101,168,87,240,185,149,141,190,77,81,145,128,88,151,83,224,128,143,57,114,210,184,168,245,64,124,89,133,158,11,94,175,138,159,193,231,250,39,12,139,85,124,210,66,128,24,98,158,175,109,14,213,98,92,197,157,117,186,128,247,48,122,0,215,163,202,173,194,253,20,106,87,137,121,129,234,173,64,221,35,123,189,24,118,252,164,82,42,31,50,200,58,238,44,140,232,250,250,3,199,204,182,111,243,149
175,74,77,70,141,238,250,115,190,234,165,157,17,110,37,15,238,72,225,237,104,195,143,35,239,204,115,173,182,207,220,53,208,141,179,189,63,135,85,245,189,198,25,242,200,135,1,225,221,100,2,123,155,141,128,200,164,227,45,241,159,128,153,242,107,178,8,15,142,56,32,65,223,12,220,191,224,136,222,242,166,88,251,146,224,171,18,93,243,48,238,149,192,166,116,174,126,83,43,80,158,72,153,96,249,88,149,178,29,106,75,184,105,4,248,205,95,100,239,79,14,176,135,130,77,179,129,12,99,25,32,1,227,60,131,235,5,207,172,202,224,72,246,67,248,160,67,84,123,13,7,225,250,176,164,197,91,21,71,6,154,87,139,135,244,235,167,23,27,129,22,94,6,44,164,106,32,216,239,194,106,250,143,36,103,42,238,214,158,28,27,90,94,227,253,156,202,198,209,136,218,228,130,200,198,18,22,178,10,169,79,215,67,9,181,99,116,110,250,54,167,151,235,240,147,250,111,213,28,13,40,98,190,0,241,154,139,68,67,146,118,58,206,30,70,118,158,26,96,247,247,190,180,164,134,20
126,208,121,73,182,184,20,196,218,86,226,31,85,18,114,125,53,84,230,148,218,14,89,124,170,18,219,57,113,24,20,216,173,103,131,171,94,143,114,60,62,85,243,253,23,167,181,165,203,195,150,24,107,73,148,74,62,90,86,97,174,165,58,89,154,133,41,93,114,147,191,3,39,149,251,0,11,100,92,205,37,63,92,142,197,2,239,151,112,108,211,255,37,117,60,81,56,22,129,166,214,220,194,119,209,129,110,145,43,66,250,248,110,64,84,182,44,81,74,125,127,74,102,239,147,99,175,145,221,95,200,234,43,226,74,18,24,193,114,81,151,11,199,221,108,164,112,120,149,145,82,149,60,184,225,12,234,228,181,17,223,177,143,1,111,244,28,111,232,89,182,45,133,248,47,73,173,70,38,108,22,196,21,5,91,177,194,95,183,214,120,211,77,123,124,213,53,121,95,238,224,157,162,253,67,140,119,28,246,40,247,106,96,159,85,70,169,86,166,99,85,4,171,237,139,156,192,255,120,62,98,246,53,166,230,143,250,24,185,154,154,227,194,145,150,41,163,133,181,206,25,94,100,8,131,212
85,209,93,178,67,230,148,163,54,191,58,26,30,183,189,203,170,234,114,108,97,7,229,180,216,112,3,87,50,127,142,136,241,201,15,12,110,100,126,98,100,254,19,87,98,18,198,225,254,190,225,238,72,62,215,21,49,122,15,126,187,18,141,89,140,237,217,217,250,123,193,156,231,183,93,70,25,49,0,54,47,54,116,119,184,65,183,45,182,6,216,213,198,155,188,250,238,204,232,91,25,159,40,193,43,108,100,192,243,125,107,61,150,83,245,119,193,244,235,189,45,68,125,228,30,176,68,166,138,1,247,164,227,77,171,218,133,170,100,37,217,233,43,46,144,248,75,45,34,17,88,174,108,74,217,165,37,217,158,178,170,143,212,207,87,62,12,251,47,133,104,130,136,186,163,211,13,206,109,179,43,130,236,200,27,73,200,59,128,44,140,88,108,132,78,213,4,176,224,216,176,217,15,0,132,162,78,65,211,165,231,195,66,156,255,33,76,192,120,119,109,22,67,52,21,30,239,223,138,61,95,217,235,93,61,19,139,145,178,3,236,75,179,205,199,134,119,190,50,250,244,143,209,155,158,0
44,39,211,149,142,179,13,85,224,17,243,28,152,160,85,115,78,92,19,75,102,98,95,25,176,135,85,130,1,172,113,104,234,96,197,126,209,34,145,94,122,77,169,155,207,84,61,64,208,177,62,247,140,139,183,12,213,223,164,75,116,227,168,178,18,39,22,21,171,115,244,4,88,232,187,40,137,95,34,248,32,193,140,3,154,24,135,228,136,226,128,20,117,54,74,99,192,225,140,49,212,222,30,162,30,45,150,160,137,85,125,241,152,118,246,76,21,248,165,69,27,7,73,234,156,41,91,19,229,6,24,250,210,197,152,83,7,158,53,6,78,34,86,226,214,65,142,125,182,54,160,114,96,32,238,235,98,134,115,157,88,223,71,97,129,179,82,94,246,116,78,22,216,60,73,212,98,144,242,61,190,11,137,70,125,95,96,122,206,196,252,207,223,191,122,169,244,76,138,204,193,73,243,238,237,245,34,228,66,226,204,22,196,34,52,198,97,20,0,228,18,199,128,255,33,40,94,128,176,111,56,64,156,200,66,80,223,200,40,23,24,89,219,201,123,187,223,57,143,47,129,45,27,112,43,100
26,24,125,31,199,107,198,81,127,99,139,187,90,213,69,167,246,12,3,14,30,148,212,180,231,1,143,73,223,128,72,119,255,230,160,216,236,244,224,202,232,78,242,149,200,49,14,60,235,232,245,237,170,76,207,13,61,196,73,27,240,93,193,116,59,46,172,91,38,91,233,150,95,99,208,169,231,183,57,31,158,92,205,15,182,61,177,100,4,228,86,143,152,153,166,8,223,42,71,33,47,20,42,248,203,134,241,76,57,221,48,203,184,166,190,177,95,197,237,28,129,163,77,2,12,17,2,108,76,155,242,81,61,42,21,170,6,98,92,143,194,154,44,112,225,55,155,42,164,149,214,77,156,151,60,88,211,114,43,177,12,6,174,148,150,238,223,96,167,193,149,159,26,195,98,138,140,244,92,229,8,190,144,185,34,38,118,86,6,84,142,116,228,83,37,114,82,6,6,36,14,199,54,62,120,211,72,2,184,52,175,71,244,131,183,102,127,243,222,141,120,108,201,102,30,33,110,240,140,122,159,183,101,124,87,204,98,101,254,93,128,113,156,12,196,205,175,6,245,31,252,152,81,93,198,228
227,246,124,54,221,223,156,17,76,154,15,62,234,44,226,34,253,84,188,196,136,94,35,103,155,220,40,89,47,242,19,11,222,198,104,146,141,219,127,107,150,240,163,58,47,187,149,58,132,103,112,161,138,131,31,12,124,66,201,119,92,224,206,250,23,128,76,128,124,245,91,3,27,48,168,107,99,83,33,101,91,203,219,76,39,157,46,35,182,109,20,139,144,30,93,182,93,1,201,139,4,246,91,54,200,161,22,249,195,28,52,137,247,81,34,99,229,197,21,32,212,144,196,187,236,250,185,239,158,34,9,137,121,21,16,168,5,160,69,243,27,55,105,109,90,54,140,246,173,18,38,90,102,137,87,124,114,15,185,79,98,64,31,220,198,82,159,83,5,66,85,210,206,193,94,97,192,22,62,203,197,121,170,141,245,12,97,80,161,94,105,108,138,86,33,32,26,50,111,253,55,214,14,160,45,64,107,26,142,66,133,187,225,222,180,31,7,65,29,52,141,198,191,106,63,4,243,51,102,113,191,9,143,190,155,79,219,162,84,158,63,194,42,144,86,90,215,222,171,184,43,196,183,43,10,104
143,97,233,209,68,92,63,234,173,167,149,62,147,147,111,122,240,80,187,35,48,171,242,173,80,173,9,59,155,49,251,122,58,228,243,97,160,135,110,240,166,177,70,112,49,136,177,98,217,147,171,177,248,213,54,222,30,30,97,198,77,217,133,100,162,159,151,37,116,151,60,218,177,5,1,186,124,77,47,80,119,78,234,76,232,82,179,15,165,60,242,121,215,232,6,247,113,67,20,59,101,197,180,63,188,161,1,32,175,19,136,116,200,15,129,126,124,168,49,127,137,180,38,146,174,255,92,16,41,64,85,213,239,53,59,130,131,210,140,236,69,209,125,168,101,205,114,220,221,72,224,156,101,10,108,213,164,157,174,197,87,192,117,202,229,141,207,97,30,25,165,88,162,57,236,198,55,1,39,123,186,173,113,223,18,101,74,109,104,163,137,84,205,121,167,251,44,64,130,33,24,168,225,22,196,13,86,108,20,96,114,162,72,203,207,223,53,162,222,231,192,123,123,184,243,153,9,123,77,224,173,74,244,76,11,46,31,195,213,204,200,113,166,155,191,237,131,86,133,232,105,228,138,246,124,102
6,135,179,201,71,71,243,224,93,192,106,163,158,224,112,55,144,220,198,207,97,30,13,199,94,21,219,13,116,233,170,88,225,30,223,14,227,38,254,125,164,82,126,48,140,77,202,38,207,185,57,164,17,197,19,103,169,4,132,249,12,181,97,7,188,216,102,206,29,145,243,82,98,110,71,203,184,42,241,58,172,44,137,188,144,152,84,97,199,181,180,55,169,214,85,167,117,108,27,180,221,162,96,37,3,208,164,124,150,185,116,128,12,35,207,165,247,192,30,237,135,139,131,88,242,88,202,197,233,6,243,30,208,125,26,146,236,86,199,201,65,137,253,70,219,32,54,21,224,93,186,15,106,107,138,87,253,222,98,142,48,199,224,66,227,149,111,38,172,125,169,53,118,130,31,241,193,134,32,209,191,172,17,95,158,160,20,26,121,83,24,242,97,165,116,82,94,73,101,239,212,215,42,183,53,87,101,134,122,54,10,187,211,28,142,48,191,236,212,140,192,243,255,55,131,186,43,161,12,27,112,170,92,235,104,190,118,179,54,142,105,6,190,18,186,155,222,49,198,229,101,2,174,145,237,147
172,112,63,78,199,219,176,160,140,33,165,38,194,0,78,172,0,77,254,192,171,154,70,8,254,36,148,215,93,92,197,154,210,238,135,212,115,185,148,77,75,171,36,207,76,156,244,162,37,241,70,23,239,210,13,133,25,109,222,243,137,73,206,189,239,156,125,9,56,32,197,12,36,65,1,215,252,44,143,224,149,60,236,25,16,0,65,253,180,232,24,125,4,108,124,249,150,202,106,79,48,102,247,128,197,7,174,127,4,234,0,22,237,71,110,242,10,105,21,96,117,4,110,4,59,222,185,203,228,210,147,181,39,212,167,86,98,230,180,114,5,236,135,77,123,108,38,180,17,170,72,203,12,249,5,172,242,56,72,166,245,158,195,181,189,209,192,139,82,66,148,178,80,209,37,67,30,74,207,168,138,17,113,119,113,180,166,108,157,5,172,124,250,131,103,163,13,143,93,5,148,191,79,165,19,130,187,185,61,8,239,162,117,76,32,238,148,187,206,209,37,240,199,184,18,106,161,33,136,80,138,16,198,53,34,63,189,208,30,80,3,225,244,146,169,87,207,146,139,130,32,19,218,68,189,106
57,76,226,248,224,47,139,42,219,101,82,153,138,155,147,243,116,82,238,106,102,249,159,114,219,204,189,169,21,171,243,159,203,127,132,114,44,152,125,119,75,187,46,66,19,62,26,191,0,82,122,135,240,51,237,36,10,69,222,0,156,225,89,49,15,102,96,199,67,146,16,189,232,200,73,21,240,138,245,18,210,51,177,116,157,63,127,236,84,183,91,244,197,250,86,180,156,31,12,205,241,250,20,141,49,24,154,254,140,175,139,117,185,0,208,82,59,30,151,130,116,172,75,194,146,20,21,11,224,193,138,207,35,175,180,9,189,151,167,212,129,68,176,1,179,253,71,121,53,217,154,103,244,80,145,47,68,119,199,159,7,205,82,101,163,165,49,22,23,43,202,242,72,2,128,171,224,246,236,238,254,238,95,164,95,244,3,198,235,76,6,237,32,49,158,119,46,199,228,81,42,174,111,28,126,37,35,204,44,47,46,57,233,22,178,154,29,148,227,139,219,52,163,140,162,214,70,109,201,11,124,223,227,34,34,100,145,78,217,139,254,105,225,75,55,61,241,253,1,54,203,151,49,155,21,135
228,80,242,122,236,5,104,144,125,157,156,2,81,159,13,19,36,64,146,190,35,226,129,192,162,131,154,195,13,126,203,195,59,197,234,177,175,18,137,182,116,155,147,140,99,29,32,17,205,20,248,28,118,170,255,39,159,170,39,107,32,250,224,180,62,138,216,167,247,53,109,17,153,203,164,89,166,50,226,245,117,107,84,114,200,32,226,18,3,10,38,77,104,142,178,254,64,45,23,45,112,35,63,238,75,123,11,207,112,155,149,194,44,252,149,245,15,166,179,255,57,50,86,161,252,62,165,153,69,225,23,123,168,36,106,240,25,228,32,19,196,54,19,255,118,188,232,132,194,248,176,74,177,91,129,6,70,196,109,65,241,188,61,143,91,187,141,60,25,89,52,57,242,151,152,198,80,23,105,57,124,108,68,185,201,241,2,166,209,86,100,255,151,89,182,16,179,153,96,26,236,216,18,255,82,35,177,100,78,106,71,235,187,240,186,45,23,12,28,109,245,164,17,67,0,196,86,164,191,14,56,11,32,8,204,19,18,28,111,164,28,18,142,127,123,31,37,111,32,58,216,69,80,94,163,164
176,19,163,173,56,43,0,116,32,126,63,154,249,149,36,131,180,80,136,206,26,56,229,225,224,36,184,74,40,234,231,106,23,69,247,65,220,53,244,71,229,1,0,134,254,168,168,81,35,221,172,86,18,105,247,128,243,123,215,141,49,141,107,141,211,118,85,51,100,171,69,28,33,187,118,224,159,233,108,175,48,231,224,61,120,89,35,142,120,223,140,80,186,229,100,233,147,220,145,106,105,99,209,171,142,73,229,217,127,142,215,126,171,63,86,14,81,210,141,194,163,228,200,254,22,93,61,219,17,145,98,144,255,92,8,200,140,129,128,234,186,69,117,159,183,211,213,160,217,225,196,255,191,220,232,13,79,62,231,113,105,190,192,115,130,131,191,51,236,112,49,234,26,77,9,68,65,22,225,146,92,82,8,225,171,214,135,120,38,190,119,90,43,52,103,30,76,142,65,111,6,109,39,107,192,228,98,69,166,65,43,143,169,21,63,232,74,242,241,220,116,197,138,106,94,15,2,164,118,249,144,104,84,96,212,76,0,150,55,146,196,153,248,51,217,31,39,35,46,77,243,102,194,87,84,181
223,144,128,58,248,185,6,220,57,187,185,101,73,50,144,114,93,242,34,29,10,71,28,225,12,192,180,77,216,190,115,66,56,133,150,83,157,151,186,15,75,203,78,122,11,92,253,183,45,83,93,157,120,196,183,154,197,35,47,163,154,228,90,149,101,150,229,211,71,176,90,62,228,58,232,79,156,5,33,48,68,108,143,88,121,145,95,230,26,211,128,77,225,2,189,145,21,236,237,239,16,187,122,191,131,225,142,105,242,191,83,65,125,145,196,245,147,190,232,13,214,229,148,108,106,140,157,20,140,51,120,91,245,227,155,64,206,54,71,177,189,131,5,70,151,74,86,135,241,57,99,44,10,148,64,164,87,207,157,225,83,59,2,76,50,190,164,190,125,10,231,178,78,200,67,228,129,75,69,191,117,168,44,141,82,30,77,198,196,71,129,40,140,124,183,78,32,88,28,139,178,14,147,4,245,153,238,8,137,91,15,85,193,151,54,85,18,29,236,249,62,160,131,57,10,121,180,57,101,35,152,235,3,84,129,168,37,143,81,0,204,241,230,70,21,187,216,155,188,241,116,111,220,180,17,116
111,73,3,79,189,107,45,154,16,179,183,129,184,88,23,176,208,38,161,235,130,246,23,123,142,128,102,167,125,42,64,59,84,52,249,77,222,57,57,43,136,158,56,13,214,248,22,217,57,142,123,215,62,74,214,98,2,185,29,119,109,39,84,133,61,126,213,108,226,0,243,215,198,41,101,237,224,32,36,42,233,89,193,211,39,250,76,163,166,116,122,135,190,76,80,254,187,51,114,71,55,239,176,119,244,98,81,165,9,223,220,118,70,156,215,55,112,69,252,26,69,167,150,220,17,170,236,82,35,253,224,12,123,42,164,233,9,194,139,117,127,171,123,242,255,234,215,19,83,204,14,194,55,85,91,110,88,15,211,163,253,140,35,254,251,9,190,30,1,185,164,166,125,32,204,211,90,69,33,241,244,118,62,192,93,200,184,150,80,186,34,179,177,21,210,76,1,23,29,4,255,150,152,53,26,147,243,108,192,83,109,112,231,140,102,191,122,239,221,122,71,177,67,187,15,128,1,36,243,227,115,126,191,51,217,33,103,89,94,95,164,80,207,43,200,159,212,9,114,247,93,205,245,56,1,101
219,105,35,157,231,92,40,54,91,54,19,250,177,182,33,145,174,182,76,200,40,85,230,234,81,154,81,236,183,155,180,245,234,184,145,225,197,187,166,169,169,223,18,125,24,63,10,117,126,167,23,21,107,23,73,137,21,240,59,201,62,253,109,74,20,119,42,70,19,251,142,48,147,50,45,251,216,157,204,95,96,47,129,116,80,243,140,219,254,229,124,48,240,157,170,189,212,228,78,170,131,51,106,46,62,149,118,55,245,211,51,226,186,11,94,207,36,124,158,147,39,164,202,28,14,153,161,70,23,156,58,254,162,17,182,187,235,55,145,160,21,87,253,1,248,231,101,109,208,94,208,168,53,95,248,97,73,186,47,120,23,158,173,240,220,6,102,219,184,101,141,240,80,243,221,10,116,248,133,125,149,184,148,26,17,54,67,96,195,210,137,130,246,185,203,133,213,229,180,202,26,18,210,245,178,240,161,210,81,168,154,120,222,230,99,58,89,224,25,227,112,123,218,43,120,116,219,234,101,100,91,193,140,204,61,19,10,52,127,140,0,10,86,58,31,130,8,101,115,250,148,82,50,70,83,163
152,124,91,101,9,84,101,28,66,54,60,25,22,74,159,229,38,82,106,187,216,254,93,199,71,137,97,242,196,234,47,156,151,120,156,176,152,246,6,1,168,35,96,31,233,12,173,79,13,255,98,54,20,163,168,244,168,185,148,139,210,48,148,147,228,242,218,3,246,149,243,116,77,223,63,162,76,139,202,154,150,141,106,253,144,139,113,186,108,30,115,23,141,196,58,253,6,23,44,233,249,48,206,184,164,104,244,18,248,193,201,241,43,138,253,24,189,199,67,183,64,61,157,107,170,134,33,61,126,28,253,36,16,13,185,21,209,17,130,57,43,74,25,174,64,163,144,2,121,19,162,225,203,25,128,97,175,61,71,210,44,46,66,165,175,180,14,116,4,76,106,176,236,37,72,83,9,199,202,93,206,100,90,108,128,172,105,100,45,6,105,239,65,50,116,7,138,51,116,112,61,90,119,180,204,117,152,99,80,233,229,201,183,3,4,130,150,249,65,218,18,161,60,181,63,43,237,0,147,238,131,240,2,80,42,32,49,45,155,243,213,111,184,48,63,4,152,151,164,220,154,108,120,185,252,183
104,219,203,71,54,115,172,182,35,246,98,23,239,218,179,162,66,118,45,28,19,117,225,166,78,106,236,0,1,85,95,233,222,79,156,103,17,64,5,2,38,142,141,239,129,206,129,171,75,138,79,65,56,29,142,169,184,33,151,228,66,185,228,46,77,250,207,122,224,85,137,104,25,120,91,178,242,224,246,25,95,179,176,174,83,200,71,208,181,78,93,236,9,41,190,31,229,128,173,146,16,113,170,46,134,135,113,209,188,171,160,40,209,183,18,114,227,77,166,57,143,188,244,207,16,38,69,50,252,30,92,60,76,125,171,67,75,229,18,101,16,185,211,58,148,156,180,168,76,253,132,163,84,164,229,153,238,209,39,198,177,170,17,248,188,164,82,127,35,31,250,20,202,80,51,36,93,246,220,175,170,129,51,250,0,237,233,236,47,42,65,218,31,171,205,105,33,117,71,61,80,66,24,170,220,66,66,82,43,211,88,15,75,164,244,117,12,87,68,233,29,163,52,34,25,16,165,81,142,50,3,209,50,4,52,88,135,213,226,244,14,6,233,38,101,219,9,132,49,14,173,124,253,109,116,19
186,43,16,152,249,233,228,199,59,191,123,156,79,182,2,164,30,249,240,184,25,227,158,198,32,76,54,240,87,67,128,181,111,28,164,16,136,240,93,22,181,255,20,72,221,118,118,67,109,194,45,246,118,147,253,143,11,96,77,123,131,193,190,6,246,123,34,37,48,106,143,222,102,164,217,164,120,164,143,54,84,210,226,13,82,209,101,100,111,93,228,237,128,127,4,3,18,238,13,150,190,133,53,30,78,138,152,128,176,28,197,121,105,174,86,51,119,171,14,98,198,93,255,180,188,254,20,116,115,32,127,120,95,209,178,73,9,49,237,143,183,238,118,220,11,178,104,66,236,165,157,85,227,219,223,255,121,26,126,195,243,68,2,228,168,196,8,232,94,202,237,217,42,54,95,197,219,22,19,253,167,86,26,49,150,202,254,185,247,37,99,148,69,218,115,77,124,100,250,18,242,74,132,47,113,243,40,178,57,232,240,71,233,204,252,228,132,6,84,135,106,213,22,128,145,61,52,75,30,174,40,203,97,110,20,221,43,38,248,183,47,167,16,96,138,186,114,59,99,109,252,6,121,242,23,252
111,1,4,121,20,137,42,248,139,80,74,184,24,116,50,114,255,162,22,130,49,116,155,185,115,85,244,153,99,112,24,158,138,122,172,236,96,182,35,161,246,127,4,115,162,12,0,161,69,2,22,134,107,144,78,238,169,190,197,176,87,93,24,230,30,156,98,159,82,41,3,156,202,1,125,88,208,41,98,38,65,113,8,236,121,117,43,150,50,165,150,241,240,225,254,153,180,223,53,19,243,10,54,197,203,246,175,219,10,171,251,78,14,130,206,86,93,48,218,15,44,30,171,178,154,89,12,90,242,104,226,118,242,95,173,231,218,224,71,67,201,17,46,145,90,126,94,98,185,73,6,150,168,3,74,239,144,19,209,44,127,230,24,130,186,162,156,181,13,164,175,246,177,227,177,246,63,158,2,176,156,151,240,109,33,215,135,238,142,127,18,204,159,189,243,215,151,191,213,42,20,246,95,170,6,140,90,212,147,11,125,225,251,253,87,145,49,17,33,21,128,63,183,214,85,77,137,98,42,228,4,10,235,212,90,215,15,134,192,246,217,20,5,113,175,67,165,230,101,131,181,235,63,249,59,222
242,146,254,234,17,218,159,191,41,231,76,197,18,165,22,131,15,25,214,61,124,186,105,34,12,97,48,102,82,154,33,142,16,226,144,229,240,214,122,123,168,239,49,91,15,238,232,48,79,77,33,68,6,96,171,101,48,168,32,221,227,20,252,161,28,211,41,73,213,48,129,20,148,101,178,120,196,202,59,147,82,35,24,210,176,244,141,102,148,170,172,119,247,31,175,121,15,13,171,130,23,126,121,148,59,17,192,6,176,78,116,16,84,219,49,152,159,129,39,90,190,108,104,109,28,144,205,147,31,233,55,243,114,66,132,194,203,225,5,102,210,245,9,99,223,255,123,167,98,37,101,33,9,242,141,137,116,62,214,183,160,200,138,94,69,140,95,124,230,236,59,119,5,121,47,222,101,98,38,105,132,130,229,205,1,124,246,170,67,187,241,9,123,92,72,157,129,162,59,84,219,92,219,224,95,221,252,37,112,57,206,205,137,123,13,37,251,248,195,40,225,26,135,75,98,83,123,165,12,250,94,44,71,69,106,226,152,65,219,33,16,81,95,106,47,197,5,135,163,158,185,50,72,128,145,109
66,28,17,55,164,213,82,60,59,84,141,136,200,52,144,140,252,111,139,62,8,39,101,3,50,112,116,212,225,34,126,33,79,32,42,211,216,250,95,61,51,135,100,128,63,134,191,34,68,117,123,178,109,197,116,147,244,145,60,126,188,159,145,106,116,138,237,249,143,117,220,43,168,5,252,126,192,183,168,94,228,106,100,105,255,100,83,91,169,81,74,116,211,16,93,157,88,41,191,141,230,184,67,178,154,28,244,193,143,142,254,14,216,171,138,57,154,68,85,218,233,42,61,36,63,24,76,174,151,56,10,71,28,105,183,249,27,12,17,19,18,80,133,200,162,235,242,213,5,187,103,175,168,219,40,192,166,159,230,139,98,192,155,4,119,200,68,105,241,218,159,253,196,57,211,211,236,35,28,205,8,207,182,178,162,45,47,115,101,86,29,106,190,221,6,71,11,107,31,227,128,149,81,220,195,204,28,224,230,58,200,244,82,252,66,81,115,34,67,45,216,98,93,95,153,238,205,158,178,25,86,208,49,178,19,102,28,152,156,74,108,232,141,79,101,31,150,53,6,31,130,11,13,84,21,231
169,99,159,49,109,35,184,101,124,244,164,219,108,227,10,184,148,99,91,171,199,160,70,118,199,8,73,253,158,109,161,123,60,140,146,227,103,155,125,88,176,186,173,73,243,253,15,167,10,138,73,165,212,247,79,148,12,140,19,153,233,206,14,141,11,63,65,240,224,246,162,44,84,107,236,229,182,187,25,184,151,246,167,157,116,22,242,215,245,191,191,77,88,28,118,67,168,106,82,106,64,88,254,12,202,240,235,134,79,56,165,115,237,42,149,78,171,141,222,12,153,76,163,197,107,69,35,78,80,123,84,36,77,137,82,219,64,52,43,231,108,150,31,179,19,157,117,161,162,127,27,94,33,120,127,77,77,12,115,176,150,215,12,8,102,85,68,178,92,132,60,95,204,184,13,215,61,240,16,61,66,228,162,112,26,119,196,84,141,70,222,33,161,74,222,69,191,110,77,159,209,175,95,204,231,157,1,207,99,247,132,225,33,89,73,13,179,46,142,56,59,91,85,206,45,234,245,204,179,240,255,104,29,30,210,107,241,185,151,120,105,239,15,112,126,188,167,8,177,64,3,147,184,192,243,26
181,184,83,8,188,111,103,209,252,167,155,44,129,237,155,162,196,31,107,217,101,30,111,56,66,186,176,60,22,190,161,255,175,13,2,186,189,171,237,33,126,238,98,56,219,78,184,187,144,82,27,159,141,67,204,54,91,250,11,54,49,17,220,224,87,76,19,103,105,22,208,167,214,13,252,73,229,252,133,157,115,236,244,42,28,143,35,199,242,44,220,53,155,3,17,31,167,143,71,7,130,40,252,105,35,87,100,68,74,113,159,2,196,170,116,196,139,210,241,22,180,233,69,73,124,155,252,114,34,227,222,34,212,201,179,253,110,64,55,97,0,119,69,114,109,212,161,62,244,22,70,90,97,107,7,88,28,3,111,251,231,245,164,112,154,52,65,228,15,156,145,49,221,201,158,146,212,62,246,245,145,18,96,122,230,100,96,175,22,87,1,211,235,194,109,99,54,250,6,251,31,191,99,240,2,149,72,130,226,129,147,130,133,45,199,160,173,194,132,3,193,97,176,23,87,241,192,12,122,189,60,68,96,187,235,105,156,246,94,43,108,243,254,2,238,54,200,77,146,87,210,7,233,0,87,197
45,109,93,60,213,177,132,191,109,167,181,198,148,103,56,29,234,105,14,156,30,145,123,128,16,234,38,7,147,112,78,160,32,39,250,255,77,79,58,105,49,201,158,95,136,149,71,203,122,26,138,252,105,38,230,208,104,95,213,164,220,252,159,127,115,101,228,143,180,71,88,17,169,142,26,90,252,84,46,203,11,41,61,180,34,26,111,111,215,136,141,185,67,193,53,249,142,35,177,165,63,31,135,158,213,118,199,235,44,176,37,136,167,201,77,47,18,52,70,252,139,102,59,79,27,96,111,78,142,34,227,49,24,2,240,20,10,205,76,255,125,58,238,213,235,47,3,136,92,19,38,181,221,117,178,102,155,112,203,145,7,161,25,213,154,4,97,71,169,76,235,133,218,249,247,121,102,188,81,105,176,18,241,40,212,234,252,222,178,194,177,164,240,179,8,228,200,201,93,37,35,214,164,105,38,147,190,174,232,106,51,121,17,18,94,107,141,67,80,65,68,207,57,202,77,214,105,190,9,106,172,146,183,255,94,239,214,114,244,102,219,218,161,213,122,162,255,139,151,208,24,13,89,64,220,163
28,10,68,194,221,156,13,20,28,34,81,108,232,41,144,101,130,37,145,10,123,43,179,57,7,104,142,14,139,200,214,99,25,91,176,40,49,78,87,67,247,113,128,214,143,190,118,160,2,217,236,134,229,113,245,32,53,41,135,103,172,142,41,208,79,249,186,255,83,186,211,49,202,41,111,150,226,152,223,141,174,176,154,137,9,241,218,228,140,223,18,74,82,11,231,226,15,133,93,103,252,12,19,181,254,50,239,132,219,180,253,221,149,150,169,22,176,77,99,107,106,63,114,153,228,198,205,95,122,141,102,81,70,89,189,47,101,40,246,161,254,234,62,195,229,234,177,105,73,9,36,128,126,156,136,47,97,61,193,63,110,107,52,115,159,21,135,215,239,19,24,105,160,4,11,22,200,22,163,234,88,210,82,104,216,225,10,147,182,252,193,17,235,71,156,133,248,93,243,242,220,202,189,166,227,168,68,148,81,204,165,68,36,231,216,28,40,140,61,66,177,99,190,73,246,32,245,30,98,251,167,67,135,11,49,77,63,251,116,92,180,101,47,212,97,223,29,43,183,14,171,222,80,110,28,76
204,155,131,69,214,201,20,16,41,241,120,195,47,86,123,69,124,249,26,195,156,133,255,141,85,189,144,124,166,138,117,180,250,254,198,94,253,26,253,32,197,190,141,5,89,123,184,236,228,14,17,19,41,16,108,69,239,81,9,57,252,23,152,75,148,3,101,38,137,62,246,207,192,254,148,168,143,133,160,38,164,193,62,68,55,13,32,189,114,19,123,102,164,138,133,156,233,154,70,125,21,238,80,116,169,47,171,193,137,74,241,174,154,250,195,36,127,70,68,218,169,54,175,121,147,52,90,124,48,140,19,31,102,35,89,213,23,92,228,105,251,10,28,142,167,115,0,155,11,63,252,183,201,250,148,203,123,131,96,152,84,51,69,241,141,14,79,236,87,37,99,139,188,237,2,66,115,241,185,15,217,95,177,16,223,155,96,218,224,86,5,154,139,34,36,125,47,16,241,247,230,26,99,55,206,173,152,104,163,253,69,0,115,57,130,254,68,229,159,189,91,193,6,32,12,13,142,54,115,102,138,127,105,58,71,148,174,10,90,56,16,25,218,191,84,230,249,9,123,205,102,12,161,246,35,7
34,87,140,169,90,94,140,238,36,7,67,249,88,226,3,216,54,86,178,212,45,153,128,52,135,108,167,112,247,26,23,172,3,68,108,16,225,100,4,254,149,213,121,94,237,130,53,242,171,107,2,77,125,135,75,136,36,27,253,14,246,195,204,37,250,197,138,22,178,86,73,87,77,120,228,56,245,67,108,48,57,27,121,141,50,13,199,197,140,1,190,144,1,174,202,94,81,156,240,47,71,92,89,251,164,179,197,128,168,127,153,180,65,2,202,8,86,181,56,170,25,112,197,58,220,200,169,57,75,184,59,10,255,109,254,248,89,141,190,163,73,63,150,237,221,179,95,100,165,40,53,170,43,172,158,155,43,47,54,147,197,51,232,104,30,43,218,159,186,229,170,136,3,127,140,184,216,178,62,178,76,169,246,116,74,86,112,158,175,191,96,29,218,21,5,25,179,67,55,195,254,72,60,194,106,51,190,148,165,179,242,88,20,42,6,79,27,157,73,210,111,229,67,180,99,87,190,144,143,254,100,17,192,236,245,167,193,8,221,204,57,66,24,90,63,88,13,229,72,94,9,135,99,113,134,221
81,74,164,29,214,135,50,238,11,154,138,202,213,153,151,121,193,187,112,160,89,194,137,167,68,236,136,151,215,178,246,104,190,205,250,120,213,251,120,6,185,160,74,148,183,212,242,185,69,137,183,104,49,111,235,179,170,22,103,241,208,149,7,143,87,111,211,120,113,236,225,176,221,59,129,26,235,99,148,187,168,161,73,179,52,141,62,95,151,180,176,116,125,136,159,252,41,239,207,140,114,229,84,139,219,63,6,202,50,16,161,242,7,75,237,236,147,43,196,120,208,117,107,255,209,35,14,36,106,230,60,160,56,146,146,184,11,245,152,90,74,216,212,201,147,176,119,108,219,140,223,212,147,20,34,154,196,2,182,167,220,66,227,150,121,223,237,238,10,221,58,185,86,66,145,207,15,162,75,9,68,98,40,206,96,209,71,252,138,13,148,240,68,242,206,33,227,22,146,178,249,254,28,194,220,217,55,200,142,246,47,81,50,32,16,144,29,51,26,222,196,38,175,249,8,77,22,67,31,231,102,177,0,255,215,25,175,142,182,114,64,80,117,63,39,72,156,115,226,49,165,175,75,124,82,60
202,177,74,132,201,7,42,241,176,143,167,215,2,44,25,166,58,54,120,159,163,70,177,74,28,253,224,180,255,33,185,176,15,202,174,163,30,239,154,149,157,237,107,18,94,225,17,68,36,235,225,35,23,211,43,92,139,69,233,98,208,77,232,39,138,196,17,108,214,70,38,99,252,129,80,200,142,97,53,29,138,146,125,108,236,252,231,146,68,119,86,8,195,155,93,91,28,240,164,96,229,254,86,145,249,189,189,77,97,194,190,96,134,47,208,7,221,54,110,170,26,127,146,123,4,135,14,192,1,249,222,181,139,82,88,248,203,147,252,144,237,234,246,165,41,198,21,85,244,84,39,186,111,147,215,72,117,48,107,165,118,178,117,36,197,239,49,138,29,108,124,197,156,152,156,36,174,186,173,85,217,115,72,114,129,150,17,231,89,240,129,166,222,125,152,85,122,64,93,225,135,13,182,62,172,255,63,24,215,94,86,110,206,137,33,223,141,112,221,243,220,2,165,78,77,10,77,45,9,126,186,17,95,89,253,72,186,47,239,15,148,159,210,56,162,103,116,22,17,91,131,103,137,232,105,187
169,108,231,196,1,21,92,18,123,68,125,213,109,220,207,155,253,223,164,73,179,178,161,246,249,51,32,243,192,183,43,180,25,144,119,220,180,133,169,111,131,230,17,137,48,169,113,248,23,196,86,183,84,226,210,206,190,230,101,248,131,191,46,110,137,176,58,51,104,126,128,73,34,91,229,84,250,95,179,112,1,135,72,99,175,1,149,185,151,251,102,111,242,102,191,234,25,134,82,127,53,58,4,40,174,4,209,96,36,236,254,58,166,241,152,238,49,41,174,236,218,123,186,2,162,128,82,187,192,153,195,81,182,71,156,43,97,123,14,182,126,63,185,169,118,43,86,217,105,144,151,199,152,156,23,201,106,81,227,198,159,1,99,131,211,118,249,190,152,51,21,215,133,162,69,156,218,20,246,107,43,137,161,189,197,45,197,168,142,221,19,246,58,228,250,33,133,194,227,20,79,160,168,30,50,4,87,248,109,106,75,90,181,4,134,44,16,245,106,66,122,41,248,49,146,221,49,205,162,125,185,73,85,185,113,196,193,136,239,141,200,92,228,253,41,136,40,115,132,74,78,133,210,53,62,139
223,191,49,234,212,125,35,104,34,187,167,188,67,106,35,118,36,6,52,192,91,178,234,215,180,163,26,254,68,2,87,223,88,143,227,96,134,254,41,64,210,189,140,251,198,194,222,187,34,214,1,154,106,161,67,167,125,227,185,163,105,188,144,85,247,93,8,8,194,171,117,177,3,28,222,251,211,75,111,235,180,160,217,16,40,91,102,144,26,135,159,222,82,158,248,120,51,35,70,122,50,131,228,56,11,241,206,62,61,81,58,81,237,228,245,50,90,7,97,88,226,72,134,249,43,105,151,113,195,147,181,115,84,181,220,7,137,80,177,13,252,222,218,72,29,74,133,76,52,188,44,34,154,214,83,81,128,175,126,202,247,103,95,148,114,67,223,190,166,64,80,221,2,181,102,170,251,84,212,103,180,15,137,17,219,84,179,170,240,90,63,80,204,164,86,145,217,7,162,53,159,171,81,235,80,233,14,98,69,68,179,40,115,186,155,40,48,254,169,21,94,47,121,247,26,120,157,177,230,167,218,124,161,110,98,235,246,143,155,102,249,194,124,3,169,67,10,17,113,33,35,91,208,68,207,33
233,38,169,136,73,156,82,39,178,109,123,53,27,162,245,248,56,87,49,1,101,82,47,111,75,129,195,96,142,60,252,226,211,57,41,72,108,232,139,30,107,138,64,196,248,201,45,88,96,70,162,108,11,52,83,14,112,214,103,54,224,250,116,36,143,128,74,145,153,34,188,16,34,125,48,166,93,37,14,120,203,25,101,83,147,225,48,240,172,73,77,139,24,6,180,174,32,14,107,194,200,225,87,110,162,199,82,101,121,110,128,198,119,147,209,88,74,115,47,9,144,43,99,210,72,127,101,34,255,106,35,139,115,166,217,171,247,243,152,216,225,211,152,80,30,231,108,153,251,175,54,103,156,186,112,190,42,200,23,74,85,119,147,106,183,182,193,243,112,56,118,227,233,128,126,225,189,193,251,231,250,138,86,130,73,244,149,24,65,135,63,236,72,113,11,20,124,230,88,26,5,27,1,92,137,134,80,23,47,75,37,149,183,39,79,102,71,211,39,110,99,191,240,198,187,187,14,15,188,42,194,190,103,45,92,241,159,23,229,120,83,220,88,180,141,126,101,212,197,142,135,187,242,160,18,178
126,190,122,38,76,167,211,162,174,147,92,214,63,253,23,114,44,247,45,187,124,87,164,207,242,19,244,121,176,77,74,133,201,138,93,4,1,104,209,190,66,167,123,250,209,179,81,86,215,121,124,54,255,201,160,10,237,22,252,53,174,98,88,235,59,53,93,116,209,117,44,213,57,208,130,37,16,116,86,186,148,203,70,254,202,135,167,101,25,146,79,184,6,20,244,30,102,91,59,157,207,89,82,255,244,30,154,16,132,179,188,35,84,118,42,198,246,169,178,152,146,65,63,191,230,158,159,205,118,187,139,165,112,38,212,47,40,197,53,115,246,147,117,250,224,68,76,150,255,128,94,184,48,194,79,114,179,55,179,77,36,118,156,252,66,231,1,37,101,255,104,12,127,216,102,221,14,15,209,136,83,202,247,161,142,9,201,85,145,205,37,210,242,135,182,101,222,31,220,192,43,77,113,25,60,202,104,179,156,218,159,224,17,213,141,83,13,15,132,49,26,206,178,118,44,171,138,166,178,142,92,222,247,237,59,154,221,255,1,226,142,122,105,147,224,2,149,225,245,91,27,20,26,154,169,1
239,198,171,42,193,129,227,238,140,102,236,211,146,255,251,41,23,8,139,106,73,215,119,102,77,252,26,72,247,124,78,102,101,98,137,120,230,237,67,241,237,168,185,162,232,237,49,119,86,98,210,199,157,210,48,194,48,9,199,228,222,1,137,62,129,142,31,64,225,152,155,89,217,108,182,43,28,178,158,113,223,30,81,253,179,65,185,201,128,224,189,40,60,145,109,249,20,28,0,112,182,144,170,222,97,162,114,16,37,250,106,154,156,252,244,146,201,172,150,56,35,85,130,51,20,93,14,248,236,50,93,252,40,156,46,227,126,12,128,194,242,122,234,89,200,124,15,171,169,238,11,12,77,225,176,88,170,93,204,200,46,75,77,95,43,202,254,25,5,155,55,7,227,67,10,226,10,78,35,169,248,227,95,195,52,244,208,44,76,106,109,213,60,207,181,9,164,123,163,167,67,58,242,108,218,149,126,179,19,210,102,211,153,174,137,149,170,144,51,44,87,204,103,63,94,37,242,18,211,139,103,140,19,21,167,247,152,219,233,86,146,205,128,188,33,230,223,187,55,115,242,165,60,23,57,63
57,36,249,2,134,145,144,172,225,69,191,148,126,74,117,175,188,175,5,85,226,223,0,38,224,129,41,80,154,100,157,119,129,167,74,249,188,6,152,181,33,135,39,118,90,81,11,247,185,156,147,60,168,229,108,101,114,193,67,70,226,20,249,219,70,59,171,130,70,4,53,232,184,89,10,43,11,211,177,65,69,172,130,235,170,173,16,189,51,203,119,60,21,67,242,234,89,27,210,206,245,221,66,120,185,32,215,144,112,154,72,116,155,227,192,6,77,27,253,168,146,9,252,244,250,142,168,245,146,59,228,24,140,92,189,197,200,169,235,119,48,51,216,209,107,73,214,7,168,127,7,233,247,206,17,136,17,39,218,142,184,82,231,9,222,89,7,234,163,24,121,11,141,141,186,251,204,27,0,155,8,116,59,23,0,232,7,149,15,189,49,84,66,127,143,149,193,205,61,82,73,147,128,17,12,184,201,83,168,133,78,123,112,9,159,91,103,183,131,188,90,194,50,85,29,31,89,25,192,157,251,145,37,34,180,205,196,15,180,224,113,253,80,202,88,242,23,186,44,34,129,95,95,217,12,31
168,175,0,4,46,67,145,185,201,186,128,155,48,231,54,226,67,174,163,91,85,90,221,25,182,90,171,81,156,126,198,159,148,143,142,239,161,232,247,191,70,150,100,15,21,157,162,137,233,167,93,94,181,234,27,183,27,150,124,168,228,93,196,44,20,130,208,143,202,154,98,119,158,214,61,3,121,187,202,38,178,123,226,50,69,97,180,242,29,171,126,247,182,115,111,61,122,249,195,216,76,117,153,62,34,95,214,38,239,58,33,18,98,83,13,79,160,194,49,127,59,196,166,42,203,107,91,114,182,99,173,225,229,126,140,210,232,152,90,15,207,72,47,67,145,237,240,134,250,134,218,27,124,185,89,18,34,151,43,11,220,44,139,68,234,189,195,145,100,97,30,132,46,246,96,180,255,186,227,151,207,117,144,72,254,133,236,134,32,111,99,117,29,4,3,11,185,248,99,211,70,122,87,32,212,8,235,236,25,61,172,22,112,115,0,154,81,90,168,89,185,78,30,203,122,252,180,35,111,182,215,116,155,79,176,10,242,42,111,30,223,252,74,119,133,62,196,130,220,141,3,180,14,186,113,126
94,214,251,230,208,148,56,60,203,79,178,38,90,166,235,53,42,173,196,162,158,78,72,228,49,240,116,130,20,168,236,132,158,102,0,231,26,123,167,151,151,179,79,7,243,132,143,56,34,169,221,105,76,80,37,219,86,177,239,10,147,1,6,213,229,171,99,224,24,10,159,236,221,12,205,15,172,238,84,67,117,219,110,22,123,172,13,251,252,214,191,132,251,117,242,211,164,118,97,88,65,85,135,105,43,187,14,184,48,82,73,100,201,61,195,142,135,215,125,162,46,136,254,253,202,104,79,110,160,15,28,233,46,141,95,29,113,251,209,184,57,62,133,178,107,190,8,98,32,199,84,4,188,139,239,52,127,202,67,67,205,165,143,89,227,227,125,130,60,182,98,184,47,48,142,96,215,243,49,13,5,164,14,169,10,88,104,192,22,18,28,30,193,56,0,166,8,91,23,73,96,64,177,80,228,125,200,213,1,148,118,7,182,89,181,138,243,179,101,123,106,165,176,96,191,13,49,109,91,93,54,61,211,212,120,132,186,160,124,201,176,1,111,164,67,209,82,138,225,252,169,222,45,229,7,24
177,93,179,128,189,42,21,102,233,250,128,98,75,220,10,18,161,115,210,120,163,112,221,84,59,230,15,151,35,254,127,175,214,0,235,114,118,119,108,206,102,49,190,238,247,91,12,245,141,159,230,117,127,10,49,92,24,17,162,28,33,131,31,233,212,12,105,177,151,34,127,67,146,135,78,34,5,102,215,252,131,60,116,223,110,237,96,201,51,206,113,7,146,249,207,18,39,233,36,55,32,66,127,106,11,71,168,69,202,56,241,66,193,233,65,126,220,142,218,201,19,148,153,206,182,153,67,19,62,118,69,218,195,73,58,254,8,44,244,35,85,168,72,88,60,100,233,189,5,37,171,21,149,36,45,83,66,91,144,222,170,39,209,0,89,96,106,135,46,9,241,115,115,149,195,101,199,176,189,150,240,134,21,186,24,40,247,43,83,157,20,28,94,120,87,16,160,113,156,101,139,192,37,167,55,89,244,225,92,48,86,240,82,69,64,140,91,40,186,156,134,25,243,253,144,154,77,157,157,38,37,61,245,61,30,178,16,27,91,74,30,184,221,158,33,196,75,3,36,229,173,163,46,13,35,230
204,60,143,170,67,212,108,105,49,203,31,238,49,31,98,51,227,222,206,73,102,174,102,194,28,126,130,157,132,201,21,68,197,193,153,40,202,78,42,84,60,246,58,213,138,82,0,25,248,150,156,231,176,175,98,75,24,246,95,240,53,9,124,9,41,102,34,225,199,177,125,243,14,68,37,86,42,97,249,203,55,65,52,31,255,161,177,4,223,60,65,80,50,215,176,74,195,208,197,77,111,197,34,176,163,226,93,226,139,7,17,203,171,231,146,10,243,242,95,62,75,201,7,28,149,142,167,245,66,188,220,231,107,130,211,184,152,139,224,68,138,37,172,87,91,199,203,181,120,13,82,255,90,230,153,249,2,65,55,140,57,207,198,151,89,182,229,67,48,210,71,255,185,35,107,214,118,6,198,49,172,154,96,145,26,36,1,156,121,95,56,154,177,121,154,217,212,9,178,166,161,223,123,252,216,158,58,126,95,251,29,13,17,62,132,53,241,28,12,24,57,182,131,72,248,177,3,236,246,75,100,143,118,20,190,68,245,66,51,135,97,63,207,252,20,71,128,209,230,71,187,70,12,225,185,78
210,73,110,182,225,71,77,209,245,95,193,218,197,231,181,163,207,121,243,94,53,84,90,249,128,167,35,121,131,52,122,23,72,52,213,48,121,182,68,40,204,98,181,230,2,8,174,28,21,219,98,152,76,153,126,110,66,198,66,163,248,130,33,249,41,151,108,187,244,65,151,59,0,168,200,21,210,187,78,68,178,117,58,0,191,96,26,54,169,246,244,239,244,70,148,64,62,183,134,98,255,245,121,21,127,69,215,79,193,84,168,81,37,170,217,249,48,110,4,2,94,159,74,100,20,57,241,106,77,201,103,254,51,210,97,45,34,61,146,202,123,229,101,214,33,88,5,218,36,53,210,232,168,115,242,201,175,219,199,70,201,44,69,97,169,194,78,111,245,219,46,124,219,110,253,9,255,147,133,10,136,13,208,235,44,130,87,104,85,22,12,75,20,83,177,104,162,88,184,74,135,199,111,89,57,218,167,129,165,45,17,7,79,241,4,184,252,52,156,184,211,186,44,27,117,162,170,61,169,242,209,218,143,168,203,143,154,105,203,59,108,240,156,165,252,238,199,131,219,27,17,19,44,79,211,245
81,160,210,228,9,235,200,73,95,35,213,224,195,179,159,70,144,243,82,218,114,92,18,147,151,125,53,12,151,251,119,131,188,254,13,167,173,245,0,199,195,253,7,30,37,16,109,39,176,162,55,109,84,77,96,11,132,89,54,218,138,131,36,145,46,177,105,120,14,237,80,41,248,107,248,97,231,111,92,102,56,81,180,53,152,75,2,23,203,253,219,161,228,244,139,101,136,15,225,131,245,218,40,41,50,87,104,21,131,131,229,208,1,204,165,96,251,61,191,143,60,144,142,157,204,163,113,143,171,149,106,20,189,183,121,223,213,34,138,165,94,30,227,173,181,87,252,89,26,162,114,223,128,98,206,12,178,65,243,62,142,130,193,151,20,57,238,252,82,119,102,50,212,91,62,136,21,211,229,233,238,28,82,206,86,113,9,146,213,231,27,217,42,167,234,153,69,237,107,213,134,116,99,51,160,5,153,103,152,168,173,213,96,120,31,27,18,168,172,172,143,244,13,253,209,229,16,69,205,226,108,183,193,11,30,120,59,199,207,247,186,77,231,74,130,104,96,8,204,128,77,124,103,91,43,225
149,137,115,10,34,214,72,34,198,184,162,205,21,153,148,183,228,106,168,225,176,186,168,216,105,52,52,227,216,35,183,248,149,89,91,56,180,136,15,114,217,80,175,191,35,27,168,7,50,161,31,143,188,248,96,198,128,21,212,225,90,31,45,189,78,173,43,26,185,9,164,201,226,189,176,159,206,121,58,220,201,51,192,32,217,67,170,167,179,55,232,11,37,2,110,208,221,180,136,20,192,129,211,167,193,154,69,6,255,238,21,115,163,232,55,154,142,250,127,249,14,7,167,92,26,241,176,7,72,146,242,247,95,233,75,190,1,77,62,102,67,125,255,177,111,160,204,216,200,179,229,121,241,148,210,125,126,241,107,40,36,183,131,41,150,110,85,80,153,65,225,49,114,224,139,6,50,62,11,255,240,123,137,201,79,97,13,213,7,99,143,150,28,64,46,99,178,104,79,167,248,234,246,158,147,93,171,41,36,212,156,76,177,231,80,211,106,87,218,176,154,45,0,23,226,170,6,179,108,138,189,47,48,56,72,168,235,23,90,130,165,44,236,173,145,205,248,129,152,62,150,88,64,55,132,9
163,66,100,199,8,54,74,29,55,213,112,94,95,223,123,190,95,230,17,15,231,15,210,232,95,19,24,213,123,240,108,59,6,21,254,105,198,59,158,70,245,177,242,138,120,247,95,64,75,67,93,243,240,81,201,60,137,160,94,103,95,81,28,154,95,141,28,5,142,37,124,102,53,79,79,239,222,230,34,27,14,218,47,146,51,100,165,65,179,74,124,178,99,147,193,227,35,155,131,17,134,94,120,229,222,242,193,95,17,10,212,255,145,59,17,89,232,29,118,22,125,178,240,82,29,76,52,242,244,110,192,109,94,51,56,156,171,51,210,240,177,255,218,247,178,246,134,6,77,199,210,124,232,89,47,184,62,74,69,15,197,129,225,89,101,82,146,187,35,186,125,57,128,76,231,76,195,58,56,131,29,54,34,120,154,85,49,47,113,114,225,112,173,70,82,143,156,81,104,144,223,11,222,108,43,192,182,112,238,222,44,154,185,56,81,237,39,112,91,143,192,94,254,248,119,96,83,112,36,25,102,98,132,167,170,45,15,12,195,24,43,249,2,111,118,3,41,72,43,128,181,113,89,111,193,32
10,146,221,157,43,204,3,226,147,78,146,148,34,16,168,10,29,199,209,137,103,119,93,158,21,71,97,121,227,131,232,201,67,179,6,125,237,148,218,70,94,104,78,117,162,43,236,131,90,160,1,154,105,47,86,72,224,197,165,227,134,128,93,18,72,124,40,66,198,97,60,47,204,85,12,198,146,199,247,247,43,160,44,6,139,214,123,157,77,231,49,90,86,86,77,172,127,244,67,224,79,69,141,221,203,72,121,50,141,24,53,238,238,242,22,62,249,34,128,62,178,155,227,243,155,127,175,42,194,217,87,187,176,142,110,247,51,70,132,131,163,3,248,166,46,149,81,221,190,23,233,225,86,178,0,252,214,112,243,34,18,84,129,83,191,201,130,221,246,122,37,69,158,95,207,32,56,143,87,12,212,105,99,38,64,147,45,232,31,96,121,2,98,111,219,217,144,121,23,63,80,5,43,49,182,89,0,104,20,118,47,58,186,249,127,109,67,4,181,29,129,96,104,122,194,55,190,22,163,117,134,144,83,117,116,113,91,239,46,234,102,94,185,106,87,200,245,7,78,199,11,160,36,105,60,61
255,86,179,128,27,57,127,216,148,253,144,91,122,64,239,58,116,90,18,180,72,215,133,43,195,233,233,135,136,199,126,128,56,30,39,66,191,243,14,244,32,145,45,197,227,224,220,52,181,235,92,19,157,163,39,23,48,168,125,148,182,119,140,158,148,66,226,241,4,117,90,175,165,242,51,121,40,113,224,115,140,56,245,119,59,73,201,193,165,124,1,75,56,77,141,139,139,78,118,75,114,97,185,50,200,125,173,181,157,109,44,30,44,93,86,116,189,39,192,220,67,181,46,218,64,140,46,55,147,109,160,242,7,224,114,18,4,150,84,100,211,64,247,105,12,23,203,18,55,30,68,136,123,65,182,157,36,155,196,231,203,170,77,122,60,165,109,207,131,124,167,179,180,3,18,157,121,185,150,157,14,81,225,204,175,155,50,49,63,219,137,221,69,19,0,159,57,125,33,112,0,70,108,114,187,100,67,105,111,184,152,0,164,237,138,181,47,61,30,214,227,160,91,109,80,62,213,226,15,50,28,218,91,150,56,96,60,143,169,246,162,101,235,82,217,66,53,95,175,118,252,233,61,69,72,218
253,57,172,78,233,194,151,126,163,88,83,111,246,167,53,162,23,9,228,207,104,84,104,118,133,113,228,234,89,13,159,218,9,71,58,7,46,249,6,91,60,111,40,139,64,169,129,71,103,75,13,49,238,182,164,86,160,168,73,244,252,76,24,232,130,72,96,180,24,166,175,32,73,55,98,68,146,178,244,171,29,192,200,222,125,79,75,150,129,255,192,253,124,88,131,203,32,250,231,88,112,87,108,212,214,116,81,128,194,250,144,96,63,252,51,103,74,229,169,89,245,147,74,35,64,5,125,94,200,62,200,117,131,21,163,221,106,133,217,176,158,61,8,113,147,236,110,28,13,177,46,235,25,246,167,209,67,40,15,105,205,112,224,250,63,168,100,112,234,54,108,229,102,77,82,196,219,232,158,167,104,94,230,49,37,112,251,50,109,112,69,197,99,9,203,209,216,172,252,6,30,38,227,44,68,224,246,212,109,43,132,12,186,109,14,122,102,233,14,100,219,31,205,17,14,96,151,230,144,197,33,225,238,94,141,126,184,159,153,152,89,117,184,116,93,242,154,188,156,194,64,119,224,10,130,23
70,32,189,33,140,1,120,2,186,136,60,60,92,180,243,177,224,26,222,152,237,60,9,220,105,199,22,200,194,209,97,211,228,183,111,15,202,160,19,136,218,222,79,50,33,110,182,1,40,5,173,238,187,17,86,20,149,173,160,125,227,246,117,32,238,124,138,127,59,219,115,231,98,40,59,187,227,38,211,142,152,201,206,252,132,97,224,145,106,60,144,48,81,2,148,81,196,82,254,84,95,125,27,181,205,75,93,131,232,61,166,48,79,96,28,4,123,246,171,195,104,187,207,250,225,120,122,33,153,214,116,146,202,94,36,185,249,239,175,203,41,168,235,35,18,252,102,198,215,59,155,216,192,144,240,19,242,9,23,238,212,64,5,177,73,64,2,130,44,162,110,3,82,27,209,133,175,75,119,131,1,215,208,180,6,126,137,57,214,61,94,149,138,51,161,172,234,55,53,14,147,213,175,49,0,249,202,146,85,162,248,135,160,101,49,240,175,122,70,167,12,169,223,19,187,226,56,57,17,78,170,31,137,116,147,47,43,8,2,103,41,236,224,107,163,93,46,140,144,148,43,161,150,176,247,246
5,123,235,250,251,0,200,7,112,241,210,32,46,219,31,137,139,73,159,74,196,138,54,14,106,45,28,212,127,246,142,136,19,78,123,179,56,25,120,5,192,221,150,255,86,251,165,51,223,140,42,123,18,62,154,63,40,68,71,122,148,18,180,133,112,19,207,176,124,28,39,89,48,100,34,211,239,20,82,245,163,168,110,177,205,153,133,53,174,100,106,115,4,168,84,79,87,9,154,253,61,21,197,20,175,148,99,106,195,175,110,72,252,215,81,97,136,172,252,92,211,24,185,215,163,46,78,246,85,69,172,121,248,137,101,18,71,220,48,39,173,22,45,29,169,147,103,65,231,242,130,42,84,208,77,175,85,164,124,22,207,155,92,11,98,104,120,194,192,186,2,119,47,217,32,62,171,107,102,164,71,157,179,175,67,181,90,243,16,207,72,239,11,51,137,159,209,248,113,196,126,61,241,95,211,32,194,242,188,138,99,77,75,129,210,214,191,160,225,3,180,252,43,84,159,208,135,134,8,7,65,198,61,75,208,29,163,175,166,254,95,123,30,221,163,239,72,250,169,222,187,250,65,171,240,154
249,138,127,161,116,97,75,187,40,247,9,148,60,69,178,241,25,193,105,10,34,151,250,61,9,188,155,158,214,78,194,54,12,7,230,18,105,77,24,78,100,0,224,58,251,56,80,85,79,34,99,62,68,108,199,134,181,153,119,173,23,189,134,61,123,110,0,135,151,13,119,43,127,117,40,52,42,61,233,236,191,72,245,209,98,217,154,104,174,228,146,160,41,45,34,187,88,177,250,78,94,2,64,246,48,176,35,36,21,31,18,11,95,143,169,255,19,75,186,177,10,80,247,195,25,171,228,133,20,80,220,211,183,146,217,122,98,64,150,150,210,240,214,163,18,174,71,140,245,201,43,125,96,150,134,141,141,149,172,72,123,16,224,190,65,16,83,13,38,104,4,165,223,254,70,138,112,248,56,81,32,76,127,40,55,117,88,105,155,196,231,18,112,97,237,191,127,85,91,155,60,18,138,84,48,35,8,131,124,239,254,31,141,194,46,161,161,233,109,104,255,212,136,8,144,88,114,57,41,94,183,47,174,230,153,28,105,1,22,138,132,204,180,13,243,138,240,107,6,250,28,145,241,165,31,45
65,17,166,107,1,219,194,224,234,173,94,181,95,12,17,165,62,48,58,223,184,35,124,237,111,150,240,62,163,121,47,222,87,2,214,249,210,202,131,255,28,159,15,246,131,23,171,52,63,67,198,148,73,229,234,77,135,201,39,239,93,133,32,182,40,63,46,136,173,208,24,126,216,50,101,71,130,68,201,45,78,194,187,220,253,242,111,88,228,52,27,200,169,89,242,244,29,89,202,236,236,10,100,156,186,203,238,13,143,15,173,188,7,90,207,162,97,248,82,116,70,24,185,91,149,107,110,27,187,209,124,19,181,9,220,2,176,100,27,163,159,254,243,212,128,193,181,193,245,55,166,144,149,54,195,53,166,37,42,246,52,194,208,168,148,37,2,2,84,121,247,66,32,211,118,167,123,233,238,63,58,165,142,13,160,95,194,42,90,33,107,38,43,197,121,61,213,228,240,81,187,199,235,145,107,81,138,195,122,120,165,114,192,31,57,156,39,95,104,228,175,99,176,210,124,54,220,97,154,131,84,100,59,64,163,47,208,95,160,208,121,245,107,163,52,151,130,185,69,202,189,215,196,20,138,223
41,29,235,35,208,195,3,133,46,223,39,73,214,197,128,96,208,78,91,221,33,150,168,198,250,232,9,160,127,23,196,130,135,244,239,239,154,33,236,135,26,44,243,134,75,250,164,39,183,250,114,112,243,190,68,179,184,227,230,56,250,3,203,116,44,56,129,187,217,15,111,123,103,138,70,194,138,152,131,244,229,74,79,157,60,28,226,158,95,140,178,97,226,5,191,220,74,190,114,218,34,0,191,93,152,45,233,128,15,101,180,94,198,53,85,233,91,4,49,214,133,115,47,173,71,168,160,167,155,165,114,36,142,85,115,212,67,202,65,80,191,149,212,86,49,200,111,71,176,236,189,212,237,87,93,42,130,163,83,42,131,91,108,134,119,251,200,9,159,157,238,133,69,236,139,46,211,104,143,152,167,189,149,58,184,231,168,21,109,236,217,108,182,25,205,25,228,21,15,45,116,130,222,182,245,150,167,109,45,113,97,147,196,148,56,58,191,210,184,36,194,145,148,91,201,62,101,193,34,107,108,54,222,187,235,10,148,196,141,106,230,230,99,22,40,0,117,44,242,25,73,158,100,71,141,246
99,75,78,185,106,103,40,56,227,150,165,84,251,123,24,177,90,238,26,228,251,137,246,33,254,35,163,178,144,0,244,172,39,6,179,103,118,234,164,36,147,173,97,152,233,87,246,253,16,232,187,47,159,98,12,240,111,228,232,139,75,219,199,31,251,175,21,74,94,92,219,112,38,13,126,97,56,248,218,220,49,60,215,62,137,174,172,160,237,35,13,133,230,4,102,110,240,193,8,7,244,14,229,39,237,80,34,106,31,68,81,5,186,67,16,116,221,175,194,40,225,224,115,48,117,54,42,141,233,104,8,132,91,181,153,149,150,30,59,199,114,93,61,26,3,225,248,78,135,53,77,209,236,201,205,156,29,225,119,225,85,73,17,94,209,80,101,53,173,105,152,92,6,20,2,66,169,99,47,157,193,242,151,101,196,26,98,171,30,145,241,108,94,118,188,186,44,32,200,77,143,55,77,93,121,91,78,14,52,232,205,95,231,136,104,65,151,221,204,196,201,193,95,102,213,193,225,160,223,209,18,35,180,146,42,117,13,247,186,32,217,196,22,142,73,31,74,157,39,6,2,223,71,192,178,64
143,142,184,86,25,45,131,64,115,217,21,235,247,28,33,150,107,31,124,137,211,255,147,187,23,176,214,82,107,126,253,146,255,214,43,172,246,51,80,227,234,131,149,59,227,224,118,21,157,141,193,137,160,36,57,250,185,210,34,220,25,180,105,208,204,138,138,149,103,243,52,186,165,32,169,206,126,18,210,39,192,222,208,214,98,163,68,43,29,231,5,38,57,4,45,242,67,140,78,166,94,168,104,97,176,228,64,150,148,213,21,44,82,142,23,27,198,108,76,20,19,27,75,42,82,175,146,194,20,120,19,99,121,214,71,231,139,205,146,19,41,39,92,172,211,140,60,9,0,78,226,42,135,5,156,15,114,82,66,88,184,247,184,14,203,42,231,30,254,68,123,225,22,30,216,12,239,44,169,169,45,210,68,65,26,50,136,4,94,160,67,51,20,13,228,213,153,8,185,88,83,236,60,188,126,143,171,161,41,157,79,249,133,63,36,237,114,172,160,41,76,112,226,37,51,207,122,172,229,27,42,143,84,246,235,167,145,198,223,44,95,45,193,163,254,87,6,77,57,134,46,132,186,29,205,185
61,88,182,90,129,206,189,95,119,144,63,132,43,192,200,182,152,85,204,109,212,252,141,71,127,156,215,136,167,86,193,79,250,24,42,200,166,175,107,199,195,19,0,169,22,170,232,183,64,179,213,49,119,159,223,189,248,93,215,16,176,163,162,176,178,8,19,5,9,180,75,225,202,4,191,62,124,124,46,125,210,211,57,184,225,26,68,216,201,48,206,108,22,100,188,197,3,24,218,60,31,208,193,86,183,220,0,68,137,19,35,140,181,145,124,24,51,146,50,24,158,88,203,93,41,123,125,77,27,236,176,29,33,144,99,102,95,98,170,164,107,87,180,1,16,44,211,212,18,28,61,101,12,44,243,65,206,91,106,23,209,247,199,67,114,189,176,61,79,147,110,241,143,55,24,30,120,36,194,134,52,195,85,52,217,168,75,16,172,64,249,122,243,114,114,105,102,68,165,193,186,108,214,24,236,150,62,92,92,84,90,208,149,112,137,145,239,88,240,1,42,111,107,47,242,38,152,43,184,104,48,125,14,193,88,251,154,229,64,110,198,227,20,107,63,70,248,161,64,21,5,40,155,20,97,54
91,0,219,232,49,166,193,30,88,118,50,252,217,214,152,179,107,23,150,135,31,58,165,236,231,231,224,133,57,100,104,28,106,173,30,142,70,186,10,55,213,57,129,176,215,187,73,57,245,250,213,39,70,192,99,51,130,109,19,127,4,126,89,223,87,232,169,101,218,15,171,123,93,0,231,91,227,154,156,157,11,251,61,87,9,74,59,148,248,51,115,113,225,46,75,128,31,163,206,36,8,76,147,22,120,0,227,250,85,23,132,252,201,84,42,76,120,179,52,92,201,104,194,120,154,173,126,221,176,228,211,8,216,16,173,198,58,117,118,5,213,214,193,103,77,192,240,230,227,233,118,66,158,121,40,235,222,131,89,55,65,249,108,194,25,19,147,180,35,61,152,125,145,49,240,121,2,205,144,168,117,128,88,83,238,156,234,137,165,213,233,93,152,231,229,188,94,153,169,146,191,148,0,135,156,114,119,249,100,114,153,16,148,66,165,188,51,97,147,78,190,90,40,24,222,76,174,10,202,113,36,20,4,249,81,13,219,117,246,211,24,204,174,181,178,98,44,177,96,76,189,172,40,153,80,118
55,165,65,219,86,91,111,9,179,166,144,156,228,252,54,105,243,151,41,244,81,18,215,7,5,10,79,52,144,182,45,30,208,161,243,193,94,36,115,212,1,90,58,14,6,224,28,55,28,24,211,71,99,163,42,125,170,183,151,191,32,207,244,91,133,26,41,7,233,170,215,123,84,67,251,36,148,157,3,10,12,206,164,108,14,249,33,58,6,63,159,165,38,144,27,173,68,191,43,232,32,66,13,68,26,26,170,16,178,255,168,111,205,37,63,190,34,41,139,145,215,27,229,254,28,159,228,125,96,82,24,180,20,204,16,200,117,150,82,101,221,14,161,84,163,227,155,3,111,162,54,214,90,126,189,129,184,169,170,150,65,221,156,121,67,211,237,187,94,0,58,18,212,179,204,20,83,40,149,211,120,213,86,112,158,26,90,2,51,9,163,173,73,46,230,72,185,190,254,26,21,20,159,16,218,111,2,245,51,143,197,246,50,162,89,141,94,102,249,71,80,117,62,109,113,231,114,76,49,225,191,150,4,7,184,72,193,2,79,17,116,223,232,55,121,146,191,244,61,171,101,169,93,107,26,225
89,116,97,96,62,35,202,197,223,74,162,19,239,67,108,190,254,44,15,161,247,141,201,249,50,228,234,92,55,145,164,196,136,82,130,207,34,147,73,26,51,160,211,204,169,89,156,127,145,225,173,119,185,76,176,200,62,156,163,209,92,46,163,75,193,252,32,92,85,59,199,6,122,111,149,16,26,182,206,193,183,217,32,193,84,20,155,74,123,189,18,9,187,81,78,62,150,16,80,243,193,249,32,177,54,141,143,195,45,129,192,119,191,76,157,165,84,51,112,254,221,90,89,12,47,117,109,39,99,203,3,45,54,6,165,160,8,182,184,13,42,202,22,106,231,38,7,180,233,136,194,156,47,1,46,224,49,201,114,28,195,87,89,226,63,1,211,74,94,255,121,248,162,199,63,114,158,70,4,181,36,168,207,167,163,231,85,28,186,81,95,184,159,111,221,160,204,2,189,46,184,63,176,90,201,42,140,17,209,184,69,202,146,165,159,114,29,210,153,232,103,145,71,191,91,255,105,163,152,65,99,45,208,245,112,187,113,208,201,41,88,132,217,161,72,182,102,175,77,68,158,115,147,0,115,246
166,216,88,6,235,37,171,159,222,136,12,176,51,51,129,192,95,68,223,180,182,254,76,252,175,143,20,64,66,217,91,122,23,34,161,95,71,122,12,208,197,199,96,230,25,86,75,194,196,202,151,230,122,156,159,193,75,173,55,121,7,166,191,155,151,241,227,241,49,249,52,64,133,12,184,122,220,240,148,168,205,236,102,214,55,224,58,52,112,28,232,97,250,112,194,9,74,215,232,214,98,100,52,238,191,196,127,224,190,98,93,153,224,192,202,202,119,35,46,208,98,104,98,195,214,134,13,239,98,139,141,226,56,65,188,208,0,169,94,59,191,70,6,54,239,189,182,219,119,38,30,6,244,134,18,25,237,38,17,160,65,197,235,49,30,23,183,220,84,59,32,239,213,114,37,79,195,254,84,117,135,97,184,129,18,123,164,161,233,13,40,158,244,119,42,124,92,81,95,97,130,67,121,32,178,51,177,84,233,190,177,134,247,134,97,1,189,202,140,158,88,109,102,34,246,192,125,18,114,20,39,142,15,27,46,72,188,126,203,254,40,61,1,251,86,188,3,25,208,152,193,55,118,129,247,48
209,26,63,62,246,175,33,238,25,136,190,72,83,180,38,243,175,69,141,197,179,8,146,217,71,188,56,250,107,204,139,134,138,162,121,53,89,180,38,204,9,26,131,11,30,10,2,69,187,147,166,222,201,120,45,57,243,172,45,24,1,45,167,238,240,185,187,27,233,94,54,208,243,1,141,67,125,153,96,80,241,211,120,148,222,206,54,113,3,63,246,79,181,194,20,25,231,63,254,136,209,60,226,36,56,61,107,155,173,19,236,203,227,57,192,73,195,216,220,88,104,42,222,240,104,205,4,106,164,210,147,25,78,126,145,175,82,37,33,49,166,67,172,78,43,7,46,222,169,226,50,53,45,166,165,166,130,41,88,221,233,199,0,237,144,254,65,190,75,96,254,204,37,154,55,60,147,35,138,27,84,166,18,137,74,186,169,232,245,179,141,87,95,229,31,213,124,172,146,92,137,146,187,148,14,17,127,80,171,107,154,130,8,173,189,226,171,121,223,166,136,128,39,20,3,209,81,223,85,29,21,59,55,183,34,65,112,242,134,47,120,125,47,15,123,166,47,52,113,23,142,124,226,39,171,171
114,169,102,199,236,187,105,152,146,227,65,98,54,43,72,68,16,126,244,106,81,241,24,231,40,155,101,160,115,87,68,28,81,74,163,133,29,0,198,120,244,111,159,113,251,247,205,38,188,139,106,32,193,134,106,175,95,134,89,226,126,82,222,144,98,217,223,208,185,209,129,25,127,125,195,146,134,42,119,136,131,211,179,47,39,70,21,56,32,231,192,219,38,231,76,188,21,241,77,175,75,199,138,128,4,187,147,106,24,173,76,215,201,42,33,241,137,11,19,92,237,101,252,158,226,76,182,246,48,220,44,218,126,219,101,172,219,35,130,24,111,71,147,137,231,79,15,47,168,24,1,80,66,215,2,30,232,90,68,26,9,92,185,45,24,218,3,141,147,144,178,89,220,108,75,234,189,206,44,99,110,224,194,52,10,58,67,88,196,36,134,225,181,19,147,2,50,56,213,120,80,115,190,231,175,61,171,26,93,118,253,6,79,207,161,29,36,219,201,0,75,174,160,65,221,169,111,97,168,130,49,192,20,83,226,100,79,190,222,211,47,101,242,21,128,99,13,130,209,126,0,230,245,144,214,157
135,13,116,51,89,155,143,116,192,220,147,212,203,166,10,192,241,55,46,227,189,157,93,100,140,26,80,215,95,16,117,211,95,241,102,30,42,137,201,73,122,99,144,185,171,79,208,16,47,155,87,189,195,97,50,114,66,223,110,55,145,0,157,181,166,173,66,18,49,234,109,221,131,42,52,12,44,235,140,33,94,6,141,171,158,32,157,18,110,162,57,4,216,37,99,39,17,41,247,175,78,3,88,215,53,182,116,59,5,123,84,80,96,152,37,116,115,145,222,188,60,196,170,17,213,203,54,229,208,24,164,93,33,160,42,133,52,78,195,130,215,28,92,244,95,172,227,115,76,71,253,155,207,157,145,248,16,15,125,80,174,137,235,37,219,9,73,116,192,250,229,68,95,53,182,175,245,163,226,177,183,0,41,151,139,27,146,70,118,15,70,66,37,15,118,223,55,225,229,127,86,30,187,198,220,83,115,233,107,249,206,50,182,135,232,241,195,236,27,16,144,193,108,212,6,61,119,243,220,37,58,138,173,84,175,247,52,204,124,128,149,110,125,246,157,200,144,220,66,193,133,173,78,120,99,166
193,136,25,199,123,152,79,44,178,205,141,199,227,158,142,238,229,125,53,120,214,140,70,112,39,3,37,73,130,177,106,181,30,252,188,251,82,200,217,123,15,247,190,105,50,207,173,205,42,132,85,57,121,222,194,89,225,199,83,172,147,147,161,70,157,53,22,51,109,52,67,211,131,10,222,98,155,113,101,184,242,114,237,175,59,33,255,199,214,140,143,150,88,126,88,160,166,130,77,88,176,204,19,35,64,172,27,201,51,145,186,36,116,152,52,40,128,94,78,165,124,233,83,201,165,209,175,169,73,90,66,93,230,54,191,185,96,201,95,56,54,17,128,121,56,25,37,190,21,190,224,64,161,3,235,32,119,127,240,112,216,176,167,70,41,233,161,132,239,64,90,152,131,26,247,166,83,86,140,23,58,66,173,161,28,42,90,100,33,2,126,100,46,163,180,119,45,156,174,106,109,89,221,139,75,222,60,222,47,100,177,218,116,90,46,18,33,209,102,200,134,141,51,132,182,200,57,62,203,86,87,238,87,247,166,24,239,140,171,254,48,131,89,0,44,108,184,123,191,184,75,82,172,196,59,70
98,163,130,39,94,171,100,183,74,55,188,16,40,118,11,208,122,174,108,145,107,152,11,39,253,7,107,42,154,208,115,1,209,73,164,59,232,102,67,242,28,127,169,92,76,243,171,82,79,236,207,216,249,223,98,191,50,16,16,90,89,178,36,222,63,38,61,42,135,184,20,144,45,94,14,194,179,33,105,218,16,219,254,26,246,251,117,105,140,146,165,107,23,152,67,21,98,97,59,55,234,208,33,109,242,41,85,122,202,188,159,157,236,113,63,246,60,218,39,68,165,24,36,209,55,161,1,187,255,47,95,158,217,132,30,123,115,18,250,5,236,211,145,111,8,189,190,254,215,255,10,130,99,146,136,137,19,15,121,149,157,15,156,164,236,130,235,109,62,208,175,15,214,174,15,36,23,162,190,148,87,174,11,196,112,49,217,94,139,197,189,192,48,158,99,16,19,78,205,177,62,84,206,133,59,230,198,216,121,56,245,42,63,101,44,205,95,104,198,123,211,241,238,229,22,235,149,155,49,5,165,46,204,235,107,213,66,146,113,54,148,118,44,45,254,91,64,220,63,227,233,52,78,113,184,149
76,171,195,235,5,194,255,189,217,83,120,91,84,69,215,138,242,8,159,34,115,61,86,91,247,111,99,24,25,230,8,134,65,78,91,251,129,100,237,211,72,209,95,198,96,3,251,26,102,27,167,46,111,10,155,132,110,185,226,46,209,215,171,160,93,96,204,210,92,202,229,71,84,250,169,87,111,51,177,38,37,174,155,168,43,75,87,62,89,54,28,39,140,144,175,234,249,176,148,31,154,82,215,133,29,128,50,6,160,20,116,143,112,225,30,205,192,198,189,134,165,250,92,204,234,109,28,114,253,153,245,199,86,1,118,139,197,92,68,143,184,62,73,67,13,250,200,84,79,86,23,31,177,92,1,67,116,126,253,168,135,2,227,19,216,104,100,31,94,88,107,157,245,8,100,233,60,100,153,212,231,209,111,171,29,141,145,182,238,21,144,73,50,62,119,31,11,55,30,189,143,128,154,193,129,128,214,215,130,203,60,89,129,253,4,95,116,184,212,92,206,164,226,4,99,7,220,74,52,156,165,10,10,232,19,56,217,93,180,42,236,254,98,235,225,62,77,28,227,21,146,153,139,137,120,17
23,213,109,21,123,235,245,232,181,28,15,77,236,79,99,186,168,152,169,146,166,198,119,204,89,180,134,186,244,233,217,102,159,10,216,118,77,77,116,112,244,153,193,11,13,134,129,197,165,35,252,130,21,73,248,204,150,7,223,220,78,17,194,86,113,244,234,77,237,248,198,120,98,78,127,204,149,25,151,214,255,167,111,172,8,235,51,143,164,165,86,249,199,56,24,21,60,156,69,61,95,186,255,63,125,96,57,8,126,122,30,131,202,65,194,66,124,168,147,132,150,112,119,88,192,230,170,183,21,83,238,246,191,113,103,76,178,73,55,193,213,18,121,126,242,179,205,92,158,53,132,217,241,88,180,226,33,68,54,77,183,115,109,200,116,223,38,144,46,132,78,79,118,235,234,34,188,139,205,133,178,158,52,111,228,142,44,155,230,110,78,39,164,221,122,5,250,118,142,21,76,135,39,209,55,124,32,206,30,211,126,230,228,82,162,237,59,130,114,236,139,164,108,17,123,27,64,191,128,237,103,20,73,190,142,241,229,179,78,111,42,79,170,181,159,82,52,93,176,165,214,253,119,125,97,223
66,241,49,73,47,95,37,168,223,11,146,214,0,205,124,182,6,121,141,115,132,18,230,162,204,62,111,63,78,64,35,156,72,48,108,234,19,6,77,55,149,237,222,47,8,247,166,150,167,171,154,181,182,139,60,198,4,101,118,189,29,212,72,249,235,74,190,103,202,224,109,49,102,42,55,192,230,100,57,233,24,108,128,146,228,208,160,224,111,158,32,133,167,71,165,216,110,95,78,202,218,158,210,237,216,57,113,59,142,247,83,251,210,229,171,208,0,104,136,62,55,252,172,137,230,112,129,215,213,6,59,58,152,176,238,162,250,203,8,190,153,134,208,190,100,210,15,122,1,14,83,245,30,119,102,59,156,250,212,203,0,103,247,145,23,147,100,104,227,105,54,244,234,245,44,238,147,48,249,167,89,122,103,159,184,162,106,6,117,66,219,138,72,197,128,79,24,90,78,67,178,78,181,50,136,82,45,200,89,116,157,9,40,111,207,224,106,135,146,234,154,57,168,31,85,200,138,20,155,36,168,187,242,105,181,185,17,102,114,126,30,15,99,94,204,32,88,99,166,140,64,28,152,115,224,77
126,110,132,137,57,135,27,225,124,34,108,83,202,90,116,249,98,73,150,56,41,251,26,240,62,7,31,149,89,100,140,125,233,229,202,78,130,4,165,189,144,60,67,12,189,175,143,62,112,73,114,99,204,59,215,47,15,190,196,253,24,32,46,218,6,89,230,226,123,78,177,205,77,13,131,68,57,160,239,226,171,196,140,165,118,144,247,72,164,102,45,36,173,86,149,117,50,30,11,77,103,40,84,148,59,71,77,121,51,170,45,141,1,85,108,167,81,172,26,153,51,249,161,104,136,63,235,112,119,192,65,242,136,137,252,55,212,26,46,26,60,119,44,170,216,11,180,237,128,40,74,105,112,181,196,157,2,142,216,138,175,154,196,221,170,74,20,230,203,123,160,110,158,171,41,111,172,128,231,156,214,205,243,107,215,65,198,94,166,130,191,221,55,158,10,135,159,245,252,123,241,84,202,188,43,184,23,60,59,189,68,133,21,22,219,109,81,29,195,136,85,206,45,235,19,122,148,121,110,114,11,93,109,2,204,160,198,84,173,217,65,29,110,127,74,106,238,132,84,121,168,212,219,52,185,195
179,215,0,25,228,217,27,9,61,87,62,172,197,207,90,172,15,125,158,94,114,120,98,105,210,119,235,244,247,110,96,107,212,250,138,42,152,213,184,48,108,51,129,15,82,93,191,96,163,106,23,159,6,40,5,132,230,5,119,30,31,113,94,123,67,218,224,54,235,201,236,73,126,229,100,158,184,179,71,196,24,214,77,135,45,154,223,104,66,43,203,24,142,36,246,148,42,174,122,60,223,228,191,166,148,255,88,223,115,11,202,145,11,151,99,102,62,145,118,13,156,132,85,201,178,54,240,214,162,202,10,111,23,245,62,92,189,252,38,221,148,59,90,124,78,153,120,45,54,55,215,65,89,75,234,131,157,147,108,247,84,179,195,136,140,248,17,147,175,120,48,0,65,211,79,183,120,233,202,61,90,199,59,229,92,136,144,88,46,8,188,123,172,214,2,137,173,131,11,60,194,210,95,88,114,145,80,6,170,129,218,156,28,22,150,151,80,2,101,241,18,233,88,202,250,172,126,77,238,134,57,168,90,255,80,145,15,177,239,189,50,140,64,9,234,64,24,226,23,35,82,218,150,166,220,180
134,102,9,44,15,214,107,198,31,76,191,183,41,112,149,23,121,114,251,67,152,177,103,224,163,197,122,254,211,206,157,219,243,235,202,215,205,72,134,165,238,140,56,190,209,91,154,42,98,205,137,250,231,163,128,172,243,164,112,30,127,116,148,31,228,131,158,228,68,30,68,88,128,195,87,95,126,91,85,90,112,40,241,113,49,154,98,53,8,103,91,223,29,87,42,65,221,41,27,183,155,165,6,245,98,128,44,48,16,232,129,229,43,232,150,214,56,198,69,88,181,33,227,205,122,51,104,49,239,161,232,66,112,36,161,99,168,45,97,119,112,207,76,219,216,228,136,205,187,55,107,47,143,237,176,92,3,176,249,119,164,219,53,155,60,90,241,239,255,143,107,132,148,30,163,131,49,201,56,78,251,149,25,51,197,0,16,97,95,226,100,50,232,130,26,199,126,103,193,103,158,176,59,240,12,164,12,191,236,10,60,190,50,223,116,211,59,191,15,175,184,209,85,1,143,5,221,206,28,197,226,10,162,93,174,145,141,130,191,140,110,137,158,129,137,162,243,176,132,1,187,211,151,226,205,115
117,220,18,61,183,139,114,191,140,178,122,163,29,221,238,154,83,195,183,238,82,147,155,33,71,6,145,181,128,79,105,172,252,174,96,16,27,221,27,84,116,139,81,127,159,70,96,213,0,60,49,192,252,151,27,45,195,219,166,3,101,92,188,251,156,141,188,35,66,103,249,213,203,80,19,96,35,104,36,183,190,42,9,157,200,173,224,252,14,200,183,178,27,52,124,82,186,183,117,17,253,116,35,127,191,132,230,233,122,18,10,213,111,234,35,208,63,85,102,192,13,114,108,51,251,64,199,51,14,153,191,200,64,81,206,9,253,210,117,220,195,92,158,203,37,224,54,181,82,77,41,178,187,189,59,143,127,201,220,107,200,130,55,51,123,34,65,89,133,132,116,209,235,175,225,225,173,147,71,130,154,123,13,43,26,213,130,61,195,147,76,35,193,39,220,169,121,142,136,77,74,239,201,141,202,202,48,12,42,64,115,235,194,147,153,116,99,242,55,75,94,188,228,30,11,132,103,97,83,190,252,238,243,152,248,76,163,113,140,92,61,76,30,50,215,65,37,2,151,31,73,179,63,107,13,227
174,8,176,59,163,193,134,125,55,116,100,234,222,99,238,163,52,192,117,224,38,66,140,137,1,28,58,199,174,152,102,186,253,47,217,156,18,7,11,250,27,195,83,215,159,242,145,16,151,61,32,198,11,106,11,210,189,173,157,226,146,0,64,211,173,96,91,107,62,76,109,136,213,219,209,156,129,200,205,159,243,170,246,166,175,148,93,47,182,140,58,197,160,146,186,101,83,180,181,78,197,9,158,55,98,177,115,241,239,171,56,31,80,245,144,234,226,248,160,13,226,1,176,102,48,178,87,47,239,160,102,60,125,65,134,242,201,254,253,132,38,139,38,204,219,20,205,232,25,206,196,83,197,173,188,43,74,161,193,2,65,90,208,66,169,19,49,209,20,94,234,170,198,145,187,246,8,6,142,203,250,245,79,244,62,114,121,200,196,124,36,153,246,222,185,252,109,189,221,218,46,78,151,183,136,118,247,61,32,93,228,144,9,207,174,196,95,218,70,105,122,216,88,183,233,41,0,64,139,41,64,203,234,143,50,107,165,232,212,159,5,251,169,218,36,179,155,96,111,6,2,106,121,244,91,69
124,147,249,190,81,9,225,39,10,36,181,126,14,216,55,129,63,170,94,167,9,92,37,107,52,89,232,195,23,254,177,23,116,156,13,95,106,2,35,163,96,197,97,161,113,86,67,13,40,213,221,183,107,151,129,139,172,37,108,142,172,216,229,219,6,169,136,34,237,197,140,118,42,9,254,62,143,101,111,217,214,54,240,48,41,248,149,62,130,152,118,160,250,203,185,212,144,85,118,95,72,169,129,249,169,167,87,253,87,160,74,103,191,98,238,81,64,38,240,235,34,22,123,164,213,147,192,95,217,162,53,112,61,27,0,54,51,165,28,194,212,231,194,169,12,6,87,159,225,27,147,203,9,133,158,60,87,25,17,179,164,14,148,76,166,120,138,43,7,251,235,73,214,214,39,24,163,61,216,116,115,163,196,15,235,248,248,187,178,242,38,149,112,149,101,252,145,176,98,19,77,11,130,198,250,60,233,174,238,43,15,11,193,206,167,44,244,112,151,142,69,194,63,243,217,129,166,118,126,89,93,126,103,135,159,53,134,75,112,106,113,143,159,91,248,86,103,50,240,27,179,5,184,5,230,227
212,86,92,81,250,31,34,100,78,160,137,59,55,41,129,139,77,83,218,134,244,209,45,154,156,205,164,150,160,107,183,204,57,222,63,137,131,145,241,67,4,167,112,12,212,147,82,218,182,215,112,106,1,252,141,205,113,199,145,191,215,89,232,169,108,234,0,11,35,30,71,32,136,123,79,27,197,119,122,66,211,110,85,72,159,90,197,73,28,167,119,10,17,170,235,78,2,154,228,250,206,0,15,231,248,0,26,218,169,174,3,246,172,116,13,41,177,87,208,51,99,25,249,174,165,125,251,221,183,161,182,104,108,205,200,216,126,151,53,48,13,122,22,33,226,23,70,59,182,228,238,207,101,5,225,102,199,196,7,32,2,86,191,57,74,201,86,245,62,148,169,251,17,150,60,113,86,238,192,176,76,142,171,176,91,98,20,1,158,119,11,131,124,76,164,2,229,54,145,200,61,85,72,218,117,32,218,66,60,62,4,10,160,16,68,186,173,130,46,113,177,69,196,162,41,213,253,36,233,145,184,61,137,196,119,219,225,245,183,159,82,223,81,246,188,130,213,47,227,118,210,167,92,160,98,159
51,141,226,181,183,190,220,136,47,131,189,129,187,190,20,8,25,149,133,40,140,213,36,81,156,13,42,85,21,67,189,199,190,211,27,189,43,180,44,105,222,81,157,135,114,72,107,212,95,52,91,215,213,2,140,5,73,85,144,69,207,251,77,91,247,148,108,226,196,86,103,203,188,120,198,68,148,226,3,119,215,175,192,152,19,244,21,244,250,106,55,202,248,63,114,108,5,157,7,250,219,52,210,237,101,122,165,116,240,71,118,90,68,234,15,65,194,232,53,240,116,232,251,160,114,22,24,124,220,47,253,49,185,100,236,164,211,121,218,251,100,157,10,41,126,32,226,7,198,62,69,228,99,141,166,236,238,97,252,135,162,45,80,122,220,105,73,17,166,169,151,81,133,213,42,43,102,175,174,116,11,233,101,200,177,17,183,171,33,47,243,205,60,248,62,186,213,69,187,250,86,154,144,53,65,187,45,121,9,222,124,51,221,49,34,54,224,3,225,32,28,201,208,169,218,234,104,248,169,182,55,28,154,220,56,131,62,14,0,238,176,195,167,198,86,224,215,26,213,25,193,251,57,127,10,208
174,173,7,68,162,229,157,170,144,144,127,38,101,221,241,23,150,113,47,67,116,150,93,205,150,22,164,152,117,2,219,161,10,31,51,123,143,193,238,179,52,155,1,113,197,160,73,147,111,1,114,24,147,117,122,168,251,58,183,235,107,84,110,174,127,13,25,146,232,150,140,148,170,202,174,43,224,165,196,86,160,2,246,78,214,172,171,140,233,181,173,114,139,117,88,156,168,146,122,237,108,224,243,16,241,229,204,226,8,236,238,123,70,79,27,37,190,158,202,209,123,70,10,222,79,173,25,90,69,27,208,33,200,169,207,46,153,204,184,12,250,31,253,27,8,187,199,169,193,214,143,30,229,17,157,22,115,173,77,4,193,124,109,218,205,1,170,57,98,189,212,142,123,19,233,0,19,161,16,57,89,46,255,109,176,71,198,185,203,51,206,49,59,245,79,195,238,36,215,39,177,93,136,227,158,241,189,12,75,28,165,134,105,63,46,7,71,236,253,39,69,73,46,232,209,23,148,155,206,92,169,50,153,176,15,2,70,183,187,249,22,184,241,15,156,219,230,202,58,244,108,84,172,242,127,1
68,147,80,13,249,87,56,239,192,93,64,170,27,185,31,57,94,81,101,216,216,0,190,234,73,101,192,31,219,148,7,72,25,21,80,110,246,39,26,55,249,53,38,232,240,202,36,23,112,144,193,20,139,201,219,55,150,219,242,207,234,201,34,224,216,67,6,6,199,192,20,255,119,184,78,102,64,74,101,95,217,59,244,242,80,229,18,53,0,117,216,91,92,85,237,8,90,93,9,4,57,179,50,250,113,179,88,134,64,172,178,225,67,108,45,214,160,145,17,131,24,34,254,94,151,127,180,53,98,19,41,221,244,215,213,69,163,165,168,75,165,41,67,53,207,127,53,247,255,105,134,12,57,88,137,155,9,48,229,71,185,206,32,13,241,221,162,125,103,53,119,189,40,159,76,114,227,24,2,133,151,103,168,232,39,77,149,128,60,0,215,181,4,128,19,66,113,166,163,83,233,12,78,19,2,41,132,193,30,43,145,21,248,116,152,110,18,108,165,233,254,228,16,35,184,25,85,152,84,142,53,48,23,141,187,171,130,93,106,247,32,218,221,62,161,107,172,150,224,242,138,59,84,15,78,27
194,151,115,193,41,75,160,27,68,102,205,64,158,243,94,12,29,3,231,198,196,69,115,213,100,149,98,4,213,193,98,175,95,121,184,204,215,209,25,97,129,187,205,179,67,187,9,132,125,172,195,100,222,240,48,207,122,164,136,197,214,141,161,172,46,123,157,2,63,117,196,62,224,147,122,138,235,167,60,223,28,158,97,48,75,44,11,160,184,156,225,226,29,30,146,234,62,186,163,243,45,174,176,37,119,65,174,108,46,132,72,248,218,144,14,209,14,160,197,47,228,133,158,100,172,182,253,134,169,150,81,197,15,25,252,220,104,131,245,69,72,81,225,148,237,57,52,96,147,69,115,203,161,184,126,217,4,31,59,6,182,97,41,207,4,117,120,60,147,12,60,36,21,12,202,75,193,23,39,200,133,22,45,39,14,72,244,201,211,106,9,52,33,215,212,81,130,139,144,24,66,35,116,79,252,136,3,59,69,14,248,74,100,180,84,9,226,116,182,214,205,190,19,53,140,136,222,211,182,162,168,166,243,0,153,222,207,209,85,138,254,122,150,160,234,252,60,111,114,244,204,43,150,199,153,66
188,244,195,49,40,153,102,91,67,178,165,124,214,87,40,236,150,101,152,54,110,75,16,214,19,60,171,85,197,123,83,149,162,189,49,53,84,190,36,210,195,225,28,168,74,30,222,34,204,50,163,179,150,10,255,237,44,52,243,173,60,195,211,224,90,253,52,171,27,227,206,132,113,252,126,144,159,4,217,114,157,159,11,141,171,97,51,15,132,34,239,73,95,119,152,151,20,224,244,247,107,193,16,154,226,84,106,153,0,162,187,145,55,143,139,69,99,255,71,70,243,132,230,47,51,229,229,120,169,153,90,63,0,51,78,110,123,137,0,152,173,107,174,173,121,59,202,206,36,33,10,81,105,137,245,4,228,32,150,66,14,86,196,92,107,235,148,198,1,148,128,203,113,42,155,34,135,18,16,99,2,233,117,230,118,77,254,164,6,171,165,235,40,105,18,102,62,174,1,247,71,212,83,70,86,255,178,113,118,80,229,171,100,208,241,106,178,102,219,240,58,36,79,161,197,223,134,104,65,147,62,155,168,96,88,80,159,99,236,226,183,236,130,149,87,21,226,169,48,197,251,44,204,129,246,176
77,80,248,5,80,33,208,103,2,140,142,87,136,193,111,245,160,93,115,26,187,166,145,159,157,153,218,46,138,223,93,105,119,189,24,215,92,244,141,225,47,131,231,166,183,224,173,241,123,65,101,95,42,191,219,30,39,115,17,249,181,154,20,244,108,212,78,84,37,71,100,232,160,108,115,129,105,157,34,75,46,3,70,103,42,239,174,131,133,224,158,118,210,225,147,246,80,175,215,163,184,120,245,159,253,150,226,230,125,56,202,64,244,15,72,188,223,47,82,107,13,216,150,117,46,50,207,214,201,224,44,108,157,143,197,253,9,122,209,16,249,91,245,202,24,167,28,222,230,30,243,187,136,162,223,248,185,232,225,112,84,163,223,7,4,62,12,6,71,208,254,104,42,211,31,89,250,208,162,1,127,244,34,244,140,171,61,144,133,226,8,127,103,63,136,239,94,197,38,115,0,179,40,30,101,42,84,66,252,189,58,168,123,203,236,0,207,16,118,138,60,207,194,56,129,252,116,106,12,199,81,46,17,12,43,84,135,69,138,228,150,147,15,230,30,98,215,212,146,53,26,244,16,222,106,192
6,21,106,14,175,212,8,131,63,37,149,17,249,106,160,35,33,216,127,137,9,1,74,163,129,175,33,139,223,95,57,146,243,201,116,10,178,136,1,88,50,70,42,221,119,81,211,221,122,71,218,183,128,240,166,29,170,43,131,77,156,133,73,254,152,56,94,219,236,97,221,39,148,158,22,2,222,201,252,66,35,70,111,154,225,98,115,40,95,198,5,73,78,2,165,200,173,218,215,51,213,252,109,73,130,123,226,49,202,146,80,172,180,135,96,15,106,91,224,18,23,157,208,209,62,161,195,148,59,172,159,178,176,9,44,187,112,6,78,233,63,207,200,74,209,113,227,122,130,36,243,121,30,102,125,141,44,109,133,169,81,92,164,18,34,189,229,161,165,7,33,100,133,12,176,173,111,174,93,168,253,57,244,2,23,183,24,24,123,35,25,67,59,186,53,239,189,219,235,139,209,175,150,15,186,58,73,243,96,28,108,181,64,231,236,203,70,20,81,252,243,159,139,44,109,231,179,37,173,110,6,208,61,18,243,177,108,175,191,174,166,246,113,58,155,197,79,144,234,165,52,6,245,183,120,138
90,114,190,22,67,102,133,207,148,171,40,149,147,74,191,149,16,243,14,184,58,40,225,228,182,137,78,115,92,0,199,108,177,225,61,183,204,118,162,59,98,50,95,251,109,195,176,63,81,32,64,62,46,114,221,85,225,223,67,249,244,109,65,173,208,84,234,232,118,214,138,53,32,100,208,73,175,96,243,74,93,235,42,40,221,156,206,136,34,102,117,129,212,195,184,187,73,168,71,12,26,21,222,167,106,94,99,7,162,112,176,171,102,196,104,70,112,122,203,16,244,233,31,14,249,217,25,137,85,189,174,61,89,101,133,174,16,96,199,51,65,175,128,34,56,62,109,235,11,129,71,84,120,40,118,197,157,123,125,25,163,163,237,121,136,172,32,254,203,0,143,226,120,38,81,41,89,117,71,72,199,210,147,129,136,205,223,240,221,189,140,143,46,155,223,28,91,13,140,149,103,242,35,187,110,139,53,37,183,28,3,129,2,44,174,189,210,238,24,246,240,46,36,173,166,172,148,1,146,110,253,239,81,57,66,240,119,214,104,52,23,75,132,179,228,42,126,207,223,9,165,224,193,38,163,30
19,205,34,114,129,35,142,27,218,5,97,217,46,120,164,144,241,157,150,172,34,98,72,190,143,52,214,7,247,71,81,99,145,1,102,203,62,133,209,166,27,74,255,18,98,207,218,7,19,191,43,227,109,125,170,58,23,133,162,193,120,43,212,189,5,248,193,124,214,180,163,190,103,180,158,124,119,100,39,18,5,225,26,74,146,64,74,40,220,141,226,115,251,201,200,30,104,186,193,190,116,243,21,50,178,62,34,84,218,207,50,156,99,255,225,239,229,14,5,210,82,119,221,217,45,240,56,207,222,222,108,63,234,100,209,74,188,180,132,79,16,48,25,72,168,1,17,130,124,121,63,248,65,13,197,4,208,126,121,101,2,12,203,187,33,24,253,43,234,165,204,140,21,237,99,103,244,101,55,39,64,23,181,216,61,221,217,228,224,246,115,216,120,226,170,97,36,50,138,235,25,180,19,178,177,47,217,253,220,194,144,88,132,206,99,79,103,235,197,142,7,68,179,54,58,144,192,164,123,224,82,87,144,100,91,61,172,195,82,22,253,87,82,183,64,93,120,212,215,223,25,84,79,80,156,20
140,138,104,166,99,65,10,197,29,246,61,166,34,26,47,250,43,107,189,6,66,1,2,130,134,30,106,134,145,149,204,147,196,186,234,145,217,21,104,101,240,46,157,23,178,182,174,59,150,48,173,143,157,41,174,21,24,100,215,29,223,5,219,134,69,155,135,130,206,135,120,61,225,148,109,59,153,116,158,252,200,64,190,178,26,0,233,31,105,234,94,4,60,93,220,205,229,4,247,198,15,235,97,181,85,114,158,119,81,201,86,81,89,91,39,194,145,134,25,5,188,58,254,145,30,199,18,116,162,34,150,230,68,239,49,87,10,245,2,7,127,205,232,227,199,95,219,26,206,65,174,145,153,187,215,121,47,182,162,14,145,20,194,254,226,141,134,57,26,153,32,134,61,169,67,47,121,125,62,30,134,80,45,197,240,147,202,41,165,118,99,120,164,102,239,72,199,36,203,252,47,156,158,250,179,109,64,187,242,219,14,188,186,226,113,58,250,48,5,88,200,81,89,154,135,53,223,222,228,49,52,60,125,97,169,102,130,119,234,241,50,45,209,181,242,145,100,248,22,23,130,44,199,209,186,203
220,179,252,96,228,190,222,55,126,141,144,125,106,97,239,106,158,91,162,119,43,178,155,117,163,242,5,167,167,221,86,226,181,183,93,255,131,77,224,115,129,231,159,187,207,139,182,32,21,157,43,57,121,149,22,117,58,207,154,2,114,253,75,107,58,32,79,24,220,4,31,172,30,138,190,67,248,237,50,247,139,153,134,118,252,173,187,57,3,67,62,36,63,72,158,238,46,211,225,153,182,143,238,187,34,107,17,105,41,255,16,111,72,200,216,23,89,180,163,146,251,20,202,106,69,151,16,205,134,133,55,234,40,25,185,141,7,100,166,240,242,20,64,139,13,30,186,40,109,253,134,54,163,128,112,115,76,78,2,159,12,237,3,160,82,172,201,173,170,162,11,250,3,145,209,91,235,191,222,209,17,30,158,143,82,230,190,95,202,126,54,195,97,39,109,241,97,38,194,29,42,210,224,127,231,45,14,142,148,223,126,46,238,168,168,169,238,20,4,97,32,193,107,234,118,75,10,137,222,100,52,29,83,117,68,128,245,23,176,50,125,114,233,213,103,88,149,112,71,29,119,22,218,65,147,70
114,233,10,202,59,175,206,173,160,186,118,122,42,35,11,12,58,187,117,121,191,218,178,106,132,169,72,156,162,225,21,8,224,247,125,24,13,171,142,138,228,164,210,73,55,179,145,254,92,66,94,198,175,202,223,69,150,104,93,52,88,211,177,211,209,91,57,120,236,137,110,205,137,223,250,56,98,109,142,31,4,220,83,79,163,60,134,88,39,0,146,18,231,183,219,34,165,157,145,82,164,16,40,221,22,221,17,195,177,108,18,51,57,85,131,196,18,66,194,3,146,56,73,50,60,38,17,70,130,72,71,44,113,226,25,139,215,221,232,212,162,130,76,41,2,127,76,199,127,183,34,154,97,220,216,126,242,239,251,183,239,159,59,180,87,212,125,36,70,169,227,11,76,159,52,78,7,225,249,242,120,123,220,47,8,117,248,154,123,59,205,248,11,5,128,220,2,93,102,246,35,217,27,5,238,230,209,98,137,188,212,2,200,194,123,3,102,110,64,102,252,35,150,33,28,226,208,144,0,166,207,223,41,230,95,122,74,245,68,65,247,41,251,254,28,1,38,77,236,92,90,114,164,233,47,119
218,243,229,94,95,111,33,185,245,47,212,74,183,153,152,174,64,9,237,69,132,195,19,159,19,58,79,150,241,231,52,173,8,62,77,225,67,37,153,33,152,136,109,71,205,8,61,23,20,236,9,211,59,177,79,40,232,222,214,112,17,5,166,54,142,122,202,210,59,167,205,80,51,228,253,177,110,189,252,248,252,70,230,217,215,92,159,148,7,82,227,52,122,252,59,61,193,221,105,13,127,143,118,217,175,12,35,101,32,123,230,188,87,181,33,241,93,1,150,33,24,76,215,135,166,170,247,156,132,203,12,238,34,33,191,192,224,34,83,253,101,217,165,158,1,56,54,149,68,72,201,111,247,248,215,27,235,180,9,120,241,175,219,162,47,42,105,25,211,235,158,137,178,237,191,217,106,92,63,252,6,99,159,46,205,157,174,136,253,235,93,59,52,107,134,168,156,219,207,176,45,185,192,165,110,127,17,145,39,186,247,9,99,84,177,144,101,222,244,234,170,63,93,111,138,223,253,30,161,69,118,28,39,196,242,166,110,72,114,237,4,151,115,145,69,100,237,250,18,181,103,222,239,156,235,9
48,71,208,48,137,103,213,11,39,240,207,108,181,35,158,82,230,119,227,187,211,25,169,195,179,223,61,216,130,29,28,6,149,199,253,167,50,135,191,201,126,192,15,199,215,140,58,6,126,118,125,78,76,5,92,43,195,47,173,228,77,107,116,241,159,46,202,9,95,126,143,238,185,118,240,69,212,42,89,200,63,230,229,104,42,48,77,110,124,236,219,5,54,202,74,128,248,181,98,158,11,152,218,138,19,109,121,178,119,208,136,57,21,204,1,204,164,44,121,20,61,225,12,182,17,76,79,3,209,182,61,218,52,224,173,93,253,37,250,92,64,8,68,47,246,33,135,140,136,4,17,117,223,28,251,73,134,47,72,171,64,150,216,241,104,221,32,132,67,55,119,1,198,248,215,231,147,204,80,4,25,137,112,21,97,168,38,237,208,107,77,148,252,234,167,232,79,206,131,104,236,95,1,233,96,192,162,40,211,196,159,95,205,195,64,184,23,15,23,155,115,2,112,10,186,247,115,129,124,175,30,59,53,35,41,198,180,169,138,239,137,219,67,127,7,120,111,48,124,33,169,100,4,188,111,83
72,237,33,8,75,3,214,7,134,205,11,217,221,239,172,128,35,255,179,61,82,219,29,162,15,152,47,53,55,219,137,225,20,168,56,111,188,2,211,150,27,45,202,48,150,25,99,171,112,19,63,72,143,72,111,64,41,26,127,123,81,250,90,14,7,117,67,56,191,38,155,29,84,250,78,23,10,205,43,197,116,198,14,93,14,228,231,7,184,152,250,52,90,10,148,249,110,239,111,56,142,250,22,150,197,9,178,155,98,185,178,248,206,5,15,186,199,153,22,2,22,53,155,8,112,161,82,12,161,245,234,36,19,34,13,45,9,33,200,100,151,34,13,80,245,136,176,2,228,133,53,76,30,170,136,17,230,104,100,223,223,227,223,147,230,81,25,216,24,231,122,201,204,66,19,97,253,48,206,130,42,35,158,65,126,103,47,115,69,104,149,95,3,97,43,115,42,95,227,243,155,224,216,153,36,10,67,138,186,204,76,137,95,178,240,41,196,160,180,114,56,112,231,186,102,154,166,167,57,108,252,63,145,141,223,137,245,199,229,132,134,204,127,82,194,208,238,179,63,186,175,166,96,158,171,241
85,119,107,219,10,146,218,171,14,227,103,160,124,144,186,203,119,191,93,19,172,84,27,176,41,61,99,24,237,225,34,92,85,184,113,66,21,86,96,23,217,216,63,99,99,191,32,214,29,95,97,98,208,110,227,122,214,14,138,180,23,210,160,203,20,7,151,155,222,192,50,48,202,88,200,144,111,177,185,121,21,154,248,53,242,246,34,207,44,33,151,221,188,37,19,55,127,37,126,4,145,168,1,234,34,125,105,120,46,227,92,206,29,74,156,245,180,251,94,29,102,227,113,200,63,27,132,173,111,168,96,31,35,147,248,210,206,38,69,171,30,182,151,105,165,50,54,217,201,94,33,164,159,233,72,132,22,37,149,252,101,150,149,85,174,62,34,192,118,251,201,42,255,87,7,59,34,47,161,219,162,32,171,149,100,146,210,168,186,48,168,235,100,146,172,95,43,86,196,175,145,182,239,141,193,119,179,122,157,208,37,199,77,108,222,89,87,168,6,86,210,201,207,144,175,20,78,149,7,98,114,216,70,111,6,124,169,35,166,28,247,185,233,231,66,88,13,68,77,229,117,246,62,53,116,253
188,134,17,139,35,70,78,203,105,105,171,56,129,86,37,237,106,223,178,126,6,191,213,199,64,17,135,96,156,76,0,11,35,101,255,191,142,159,172,35,46,236,100,255,229,76,215,154,77,79,162,112,158,77,182,227,131,20,108,235,239,185,109,156,227,182,103,182,172,219,101,121,223,206,246,136,176,57,221,189,90,251,219,178,222,111,118,93,177,44,69,57,42,82,48,205,10,21,96,98,4,5,25,217,50,87,69,82,160,81,223,245,96,107,41,227,136,201,129,180,107,9,109,18,45,148,181,171,42,255,212,48,161,117,190,231,20,29,249,111,38,240,90,162,115,245,17,239,143,123,212,90,21,146,152,5,35,144,93,27,70,125,107,225,3,156,44,0,236,173,129,127,36,26,147,226,124,169,140,59,125,1,152,241,90,49,226,90,132,189,8,19,34,181,24,232,100,173,239,234,11,72,21,208,141,18,207,61,40,247,92,47,2,148,77,130,107,14,54,65,125,1,136,164,108,173,6,13,164,32,220,248,126,243,33,98,182,233,36,137,46,135,65,178,20,199,49,93,233,154,226,77,163,201,214,21
118,130,160,163,134,138,41,163,128,37,205,33,9,249,223,133,14,117,32,213,215,95,93,86,51,192,40,76,179,162,101,243,226,162,254,191,238,164,244,217,191,81,24,206,225,237,84,163,102,18,177,174,36,182,95,255,149,69,47,164,180,104,8,201,190,161,52,188,32,5,8,50,6,78,210,118,41,203,60,251,97,179,14,58,120,28,183,87,108,65,243,4,77,128,39,236,86,199,72,238,250,155,166,232,121,115,29,71,126,78,192,106,252,50,128,105,100,220,104,109,15,29,254,6,192,217,140,124,41,87,177,178,171,14,36,195,96,31,42,140,55,222,207,81,151,177,175,28,8,129,107,219,80,25,95,137,92,26,79,32,114,145,61,217,158,175,6,125,64,163,125,101,90,23,111,129,210,211,194,197,5,136,38,215,84,136,19,227,210,67,161,211,100,184,87,231,105,126,184,3,137,203,12,106,144,60,46,158,84,161,131,63,115,252,22,243,75,214,113,223,217,29,246,180,77,34,89,239,217,41,222,204,249,99,146,212,65,155,72,176,173,68,246,247,44,233,226,106,94,119,249,131,195,151,105,193
87,89,19,248,225,103,103,99,165,198,58,136,70,76,194,105,168,109,21,130,237,127,96,48,206,120,238,162,9,65,168,0,250,63,40,158,77,192,117,28,4,121,243,151,154,128,215,105,177,157,102,29,89,37,10,110,99,182,63,207,225,74,149,41,140,27,68,190,178,191,71,20,40,59,253,24,126,7,19,122,208,86,231,123,156,82,85,179,18,6,9,113,183,232,230,219,132,111,124,44,126,125,24,174,37,40,93,228,204,135,220,208,202,66,97,134,58,238,167,46,237,212,71,193,8,105,101,218,20,224,172,156,236,233,92,232,188,28,80,51,88,47,246,214,93,236,102,215,158,98,12,192,213,218,18,90,202,130,239,116,130,47,168,137,231,37,229,167,24,87,3,128,114,79,133,162,105,86,246,64,10,136,70,170,207,97,82,122,134,1,205,209,52,0,243,128,43,57,205,174,191,166,127,112,10,145,102,133,253,134,150,173,15,246,19,228,222,1,56,234,29,199,109,233,248,27,253,193,239,12,70,191,204,118,47,151,5,4,18,93,93,113,24,245,103,60,7,15,222,239,108,71,171,221,21,230
113,35,184,222,124,56,152,88,186,148,181,231,113,21,249,199,23,18,147,126,198,110,165,233,97,150,247,17,243,102,182,145,76,125,37,5,22,118,71,21,162,17,159,153,16,119,71,41,193,124,68,160,47,170,23,227,53,242,243,185,79,142,60,192,177,176,128,130,158,183,161,221,162,180,171,126,59,96,118,245,250,83,56,80,95,162,83,135,50,155,14,86,125,171,184,179,4,247,208,2,125,235,76,141,226,106,41,165,225,197,122,234,251,120,194,138,97,36,189,118,47,73,13,9,238,136,247,216,55,53,214,67,200,93,209,74,219,195,144,149,1,49,15,212,38,79,149,44,115,175,157,156,22,0,144,191,195,136,57,108,27,62,231,244,198,13,248,108,183,153,243,8,135,229,169,249,130,40,202,218,189,109,128,91,57,7,95,141,66,209,135,203,190,138,136,63,181,94,221,248,123,49,213,60,123,205,21,239,246,1,101,136,218,242,15,186,214,203,145,0,80,69,80,238,97,145,92,233,38,144,164,91,176,101,157,179,67,148,159,99,226,53,227,0,235,159,251,189,47,66,60,120,169,43,238,206
158,173,211,51,154,9,255,33,239,171,253,64,213,235,245,255,59,162,181,178,15,174,124,84,3,121,69,32,85,224,191,115,57,50,57,52,230,245,207,205,26,216,20,57,236,94,173,83,120,137,110,7,139,50,214,76,19,134,229,29,175,216,74,78,49,210,189,5,81,40,130,22,151,82,67,238,106,75,168,99,25,189,174,144,167,180,47,249,166,40,1,88,215,217,220,102,60,249,220,222,130,193,236,6,207,54,127,226,189,62,220,116,217,35,247,53,129,96,93,238,94,60,74,223,135,230,201,4,101,96,113,201,9,101,201,18,83,205,161,113,195,63,62,197,181,25,21,158,18,219,64,39,236,104,31,115,147,156,77,108,48,163,78,193,129,164,143,247,125,57,172,18,253,14,54,31,131,2,227,237,17,198,234,149,22,152,84,4,146,85,85,42,201,175,202,43,23,45,244,65,168,181,68,90,254,231,191,60,68,133,254,3,221,58,159,16,223,190,88,113,188,162,79,234,43,217,172,216,137,47,4,166,154,176,215,186,142,12,6,146,132,229,205,225,38,69,139,226,10,8,220,147,8,29,213,93
189,102,248,30,69,21,95,124,10,99,170,109,246,242,212,127,191,238,211,24,193,51,127,179,145,73,25,15,121,137,84,159,213,38,79,9,125,123,33,168,5,65,44,81,1,86,38,194,65,135,84,249,248,223,205,240,209,193,129,233,217,215,196,235,42,211,128,249,175,0,214,190,40,143,244,56,169,97,43,67,243,148,80,217,155,79,85,195,73,40,138,108,129,80,188,253,136,175,19,170,172,17,239,236,224,190,49,97,214,153,207,177,207,251,209,99,81,230,116,105,141,193,104,132,58,109,89,176,112,119,38,226,101,141,123,162,154,193,238,56,155,58,195,160,225,36,220,51,153,51,39,172,221,65,234,189,160,210,242,89,45,14,215,166,111,107,0,177,126,30,132,69,80,25,49,245,164,168,129,239,236,13,167,24,131,139,207,30,162,105,173,69,216,180,95,166,63,47,14,196,59,40,42,152,42,84,246,154,140,163,159,153,43,244,181,149,242,144,194,79,124,27,241,16,188,156,40,214,178,16,91,117,76,142,171,169,242,189,114,23,93,159,192,219,134,104,85,201,151,133,13,245,221,170,249,133
144,142,195,115,89,105,31,166,213,246,99,82,216,3,82,81,213,94,146,252,220,211,182,48,20,94,254,49,202,185,36,245,76,239,47,79,108,28,152,122,134,214,180,69,236,247,83,170,132,93,63,143,113,6,156,32,3,152,101,206,28,29,201,161,43,120,161,164,228,191,151,98,43,137,182,192,206,27,30,219,182,41,39,240,180,151,175,182,119,247,164,13,72,51,47,103,63,113,251,36,90,106,174,119,187,180,156,36,193,209,196,148,197,147,247,39,56,127,60,123,175,148,69,127,186,169,77,37,104,59,232,234,107,167,145,20,246,217,245,219,104,1,73,212,253,165,30,171,27,124,172,94,118,205,83,140,219,8,159,105,19,216,46,234,151,192,175,23,68,175,42,157,74,169,77,157,55,23,162,142,62,141,223,86,246,230,119,17,172,190,116,122,213,60,36,159,229,175,222,208,139,5,79,167,190,172,184,175,158,6,230,24,140,214,6,215,205,193,231,228,237,227,164,187,78,188,103,26,156,53,8,188,170,96,218,85,40,217,249,255,13,158,100,127,2,46,144,48,253,99,60,140,19,252,168,64
54,7,184,76,5,237,169,219,34,162,85,41,251,59,152,42,149,32,73,235,0,196,211,78,66,91,52,199,20,161,186,212,155,176,167,85,19,7,27,73,35,132,152,1,95,46,126,23,219,227,44,254,213,108,142,118,255,9,37,48,51,110,123,129,0,203,15,109,226,186,252,139,172,106,90,102,222,124,157,109,119,116,17,189,253,51,102,49,248,86,63,25,81,71,39,25,101,159,162,106,76,98,210,106,211,187,188,34,62,26,215,233,136,93,143,145,124,149,152,106,15,171,57,157,213,84,69,63,61,221,189,193,210,3,157,69,201,1,44,154,208,130,173,45,139,141,22,169,194,70,101,255,149,48,205,48,9,96,121,111,23,168,21,191,143,22,195,140,133,66,74,226,32,147,69,94,213,75,165,177,107,198,18,252,84,158,103,139,51,185,208,170,157,121,207,186,33,39,111,135,138,0,209,44,199,254,47,197,146,99,59,154,159,182,242,92,105,19,143,229,217,125,118,191,96,113,198,20,230,70,209,71,124,175,255,199,141,191,11,87,11,185,59,110,165,33,212,220,31,240,48,90,35,106,152,10
51,5,188,27,188,196,76,141,68,18,18,121,84,177,54,170,0,245,186,225,155,230,63,251,140,187,104,85,158,185,111,58,45,112,115,100,116,67,120,235,88,160,235,238,26,236,15,129,169,49,174,217,13,165,235,52,47,174,70,81,54,99,215,170,65,128,82,183,187,136,159,226,66,141,75,41,251,230,22,139,49,43,229,82,43,68,129,60,10,158,69,159,122,219,248,157,173,157,50,183,30,141,100,231,69,237,95,34,185,67,57,18,62,220,54,127,96,187,151,212,156,230,44,44,247,49,18,207,70,36,75,155,217,77,127,57,133,164,22,95,78,175,100,6,209,92,196,28,87,56,255,212,175,122,241,106,144,207,89,24,120,9,103,42,0,129,233,175,238,71,109,242,18,41,230,174,172,77,116,172,21,28,150,133,25,245,70,59,107,50,237,147,41,173,165,13,222,253,158,231,215,49,133,160,6,108,227,164,172,6,17,60,74,242,45,129,106,53,146,127,150,25,13,21,214,50,186,130,0,91,248,118,238,85,145,75,189,160,74,86,132,225,2,170,179,63,111,104,0,197,21,225,94,92,251,146
12,101,169,49,106,87,83,10,197,143,218,215,105,21,124,237,83,248,46,68,221,202,140,98,112,19,201,174,102,174,6,154,130,83,87,90,127,194,84,53,59,26,151,46,110,179,151,135,134,228,206,127,138,148,5,172,118,191,191,9,49,128,128,185,71,32,114,186,132,7,134,196,199,168,208,144,131,145,213,218,5,144,112,179,18,122,234,17,72,118,132,235,104,254,195,89,105,252,40,106,41,68,169,172,88,161,70,248,161,132,241,58,214,153,50,202,205,115,76,215,45,178,245,166,143,51,206,255,224,29,166,108,15,166,129,174,243,70,225,196,86,70,236,20,149,80,168,93,203,28,41,176,149,220,156,200,151,179,200,69,11,117,72,55,111,168,52,234,224,40,91,245,16,223,5,36,17,6,227,20,31,193,89,48,61,117,161,117,222,211,254,199,42,92,215,42,77,151,235,141,8,47,40,9,141,249,126,217,52,142,139,237,32,153,131,84,156,29,246,132,69,59,19,243,169,10,192,57,201,253,158,198,40,188,32,17,55,69,13,175,89,94,207,202,119,229,156,63,35,138,138,118,40,198,231,128
228,206,15,2,238,168,210,185,41,253,233,225,125,207,96,88,74,105,224,25,62,220,182,24,113,182,255,229,251,35,179,22,143,103,106,72,191,130,19,214,174,69,135,226,240,122,193,185,188,166,250,58,17,100,55,51,190,115,245,103,0,113,232,58,239,2,191,194,200,169,18,149,21,136,147,4,106,145,165,95,172,114,80,85,193,121,211,31,141,83,0,2,9,61,35,127,216,86,95,202,156,128,63,203,146,111,2,107,18,132,51,131,78,225,96,7,188,115,246,32,237,2,231,161,184,77,59,202,126,230,81,95,128,235,172,222,215,129,79,39,229,112,12,149,146,189,231,136,242,70,126,20,29,18,240,84,236,197,46,217,226,179,97,81,12,109,49,229,108,7,110,193,120,111,178,125,182,176,208,49,71,203,163,188,190,191,232,199,189,172,111,204,24,52,218,249,250,97,255,0,74,186,144,252,166,96,49,217,231,184,195,39,22,76,25,40,43,242,4,94,232,166,167,113,56,107,136,173,238,220,88,151,223,49,158,160,23,139,162,219,251,52,194,13,165,66,15,160,117,10,66,120,247,138,88,33
113,230,61,219,19,228,247,144,141,29,140,51,118,38,44,6,177,226,166,147,133,140,240,48,96,218,102,3,58,140,129,38,68,168,190,167,127,155,129,188,17,57,57,95,19,176,238,86,211,149,75,154,25,34,80,90,70,33,19,54,32,16,12,156,55,145,243,161,242,177,106,116,97,5,236,116,10,127,64,164,148,76,74,126,211,41,222,42,110,207,184,64,147,60,133,218,181,241,243,49,220,76,222,147,122,68,215,147,3,214,106,169,29,109,55,2,55,222,69,241,111,199,60,28,182,245,90,14,178,218,253,44,170,21,65,64,226,217,253,206,79,233,182,173,235,88,192,14,219,101,69,50,110,101,13,26,107,210,100,101,244,118,34,115,123,42,151,137,166,83,164,167,29,129,186,12,8,217,221,226,117,208,88,200,139,51,180,176,85,35,252,110,60,93,41,15,16,212,210,165,101,196,85,101,122,236,117,178,214,239,237,250,34,4,88,85,194,140,225,209,238,59,194,188,151,176,32,67,15,86,123,43,25,159,227,66,197,136,237,199,107,177,171,17,159,94,58,31,34,100,84,163,134,133,35,180
203,37,82,10,114,213,116,157,222,177,234,7,39,178,57,134,162,27,254,245,247,151,84,168,128,55,210,167,36,7,92,145,224,128,223,51,89,135,232,60,141,94,82,43,186,0,47,159,157,18,126,112,80,205,198,18,28,172,216,163,84,139,8,140,0,170,9,65,38,220,161,254,27,91,243,237,192,109,143,172,210,70,119,75,24,202,89,171,189,169,7,83,119,206,159,213,240,11,162,154,204,126,150,188,146,103,48,241,16,209,222,187,156,5,79,175,41,135,122,194,239,81,81,20,126,148,254,132,171,24,139,85,253,255,71,176,173,3,22,194,68,35,184,121,35,111,252,130,176,173,237,177,99,53,129,175,49,156,207,210,77,170,164,232,84,250,107,222,179,251,232,50,209,239,49,180,218,138,36,248,90,203,112,71,15,156,50,102,119,13,176,94,62,188,129,224,17,230,136,62,86,39,227,79,247,56,107,91,126,137,153,0,92,13,116,52,63,192,134,85,47,80,252,67,221,34,73,7,151,184,30,174,6,79,132,187,196,14,170,235,77,180,74,156,161,224,47,90,139,200,56,111,203,239,10,110
253,114,53,90,128,65,109,137,151,31,77,226,126,155,215,59,207,220,50,135,181,130,31,79,120,118,186,55,189,255,89,153,87,2,167,91,228,155,73,63,92,120,95,142,54,169,128,148,213,172,174,220,39,246,127,188,128,238,189,219,84,20,221,1,161,215,160,179,161,178,71,157,238,215,142,187,107,55,170,65,103,17,54,43,224,166,141,9,19,54,39,109,163,205,43,28,172,178,184,75,1,147,244,50,37,129,111,20,188,13,122,139,99,3,66,239,83,59,102,120,228,172,78,8,212,52,112,194,142,9,180,139,66,158,210,139,77,181,45,16,165,156,1,15,201,148,247,49,181,94,15,198,15,117,224,77,181,83,68,65,183,134,7,22,216,229,79,12,176,38,239,6,129,196,77,185,18,21,185,35,84,5,120,114,89,127,187,232,25,110,26,234,77,55,188,117,121,163,239,245,39,107,103,27,42,80,76,73,73,204,89,27,50,223,13,240,48,74,236,211,145,63,1,64,25,102,139,167,119,6,88,30,48,29,164,163,60,171,110,56,187,207,186,186,236,55,28,76,221,251,40,179,2,126,196,37
141,232,35,5,177,12,237,96,56,49,11,27,233,171,213,252,124,139,6,136,34,142,205,233,52,240,140,239,228,158,85,152,20,171,63,142,137,16,135,27,201,14,24,46,231,225,26,148,124,156,9,146,150,193,217,19,238,29,221,150,104,63,87,235,62,194,133,66,10,212,32,129,189,246,59,3,188,97,237,151,14,124,208,17,193,150,171,4,120,138,215,153,108,33,48,115,138,244,97,234,83,12,65,55,98,126,82,124,91,76,250,184,174,86,141,81,6,221,195,155,121,107,200,89,205,149,190,198,173,54,66,199,23,9,59,5,4,112,89,146,213,4,250,206,62,215,17,94,166,44,26,142,131,246,211,171,63,207,214,241,46,205,68,36,186,91,136,204,3,136,55,214,45,143,94,209,125,173,21,149,194,52,183,231,42,229,142,50,40,89,38,77,223,9,199,104,209,214,210,19,105,13,19,47,199,178,122,168,185,128,252,207,33,171,19,94,105,141,127,49,143,214,104,11,141,70,149,158,223,180,24,125,225,192,193,210,81,19,118,58,126,188,243,35,147,104,144,116,202,5,17,201,214,10,206,86
246,81,138,168,238,7,0,239,208,224,102,13,131,253,52,186,32,131,220,58,184,29,138,0,74,204,61,197,187,15,4,49,200,87,97,75,8,210,247,107,178,183,37,216,160,232,117,190,77,197,183,230,111,227,248,237,198,135,112,55,33,22,169,173,201,10,148,152,44,161,32,206,150,211,76,102,168,15,63,190,171,85,96,229,6,63,40,245,153,230,70,51,91,231,236,136,120,210,27,69,48,164,232,237,62,44,0,232,105,209,170,67,103,236,232,31,248,204,98,101,172,35,47,66,49,181,103,174,32,195,132,146,201,209,34,146,20,101,30,78,55,7,135,121,0,58,152,196,221,208,193,129,97,200,41,221,93,34,29,32,19,16,206,9,4,143,22,109,184,94,62,87,58,38,149,53,199,48,252,204,50,94,88,151,33,3,206,172,43,140,22,95,114,167,234,217,57,201,91,248,143,161,90,244,149,98,180,9,34,7,47,26,42,139,220,147,150,222,105,252,42,61,230,81,232,219,139,95,40,34,220,194,179,44,28,71,147,78,4,118,189,181,48,58,24,212,231,162,109,252,23,116,206,248,4,90
19,202,230,222,75,116,61,190,189,177,203,190,117,133,145,34,125,35,236,193,4,138,18,113,110,68,134,210,167,124,169,49,74,63,77,196,165,154,199,175,252,88,7,48,49,181,254,73,213,91,42,9,10,88,241,87,144,41,32,100,226,156,232,235,168,178,24,0,76,153,50,162,225,25,102,244,251,250,227,107,153,239,151,192,176,67,190,109,201,123,61,194,177,226,120,7,52,5,196,174,128,130,165,109,151,201,245,83,211,46,1,183,112,255,120,113,65,193,186,63,46,254,243,9,251,178,154,57,116,237,184,128,226,192,251,77,33,148,187,108,108,150,17,180,183,160,77,167,203,22,176,224,15,45,123,166,66,9,145,133,36,33,143,180,37,199,131,130,17,181,78,49,228,62,50,151,219,120,249,60,96,34,217,161,109,245,96,183,103,68,173,164,111,253,15,0,228,141,178,71,28,75,117,148,185,228,36,66,115,172,125,239,238,120,205,83,43,175,114,134,227,34,109,21,153,162,62,211,171,136,206,242,181,37,179,226,185,129,190,241,236,227,98,179,24,177,96,234,11,139,137,0,200,66,86,33
206,179,56,77,35,106,80,23,226,216,118,183,226,29,235,144,101,13,84,177,141,144,49,206,241,179,89,225,24,17,55,236,35,196,122,141,156,20,208,222,199,138,164,45,156,62,197,95,235,199,164,172,56,70,61,230,53,109,8,142,33,56,191,58,105,232,108,161,85,39,148,250,147,170,47,99,151,75,80,48,121,198,254,149,155,6,233,211,192,233,245,72,178,229,162,92,247,217,23,203,23,99,36,92,64,23,40,57,239,193,21,137,167,31,198,191,212,120,159,32,231,184,158,158,166,46,137,38,232,23,137,105,225,85,23,146,224,64,50,227,188,116,198,13,46,74,39,72,168,76,141,5,11,234,171,62,204,187,235,43,96,113,41,210,209,72,204,7,61,20,141,79,118,179,154,164,230,127,86,19,2,195,165,100,11,17,99,220,152,159,94,30,102,194,229,155,199,56,168,130,180,166,216,40,214,94,39,36,14,118,246,247,5,138,210,108,52,4,172,55,58,59,8,170,202,68,253,251,77,103,21,0,31,73,248,205,2,241,65,142,145,16,84,4,130,46,108,172,36,122,186,221,232,81,14,237
13,134,190,73,30,159,218,99,205,195,199,22,26,200,119,107,70,17,151,18,179,131,7,186,209,229,80,231,252,167,221,205,102,136,238,33,32,242,27,79,237,255,157,74,66,15,209,25,232,26,206,43,175,80,117,206,2,155,42,198,70,23,84,68,136,204,34,98,78,227,186,21,53,49,112,82,80,162,253,238,216,0,121,184,189,3,231,12,83,154,140,224,179,78,218,92,142,179,20,252,217,63,161,150,114,48,144,161,188,66,221,191,218,65,144,253,207,151,152,35,5,84,107,11,101,90,126,33,230,27,200,161,137,111,34,15,9,142,236,115,133,176,20,141,115,80,92,173,136,31,69,151,116,89,233,229,15,29,170,141,58,139,66,245,42,96,192,152,46,161,154,219,92,255,153,53,214,197,114,131,98,26,248,61,163,95,187,228,254,129,15,174,251,95,22,48,135,4,140,51,151,68,21,242,203,36,52,216,133,4,212,169,5,220,170,203,42,95,133,140,96,84,248,141,206,236,199,125,15,129,79,64,116,50,122,83,2,158,140,33,138,86,120,108,238,50,73,18,193,7,195,255,190,235,239,201
2,105,58,122,36,206,3,63,94,131,113,92,241,194,147,208,1,183,119,111,119,174,24,58,4,103,152,60,195,57,148,25,44,90,186,136,55,71,52,94,251,80,93,234,158,124,2,212,144,50,146,113,218,251,152,125,45,68,232,156,91,243,124,178,98,178,242,80,186,97,70,205,32,224,173,138,191,19,165,156,22,77,91,249,64,113,19,221,218,71,183,141,56,189,94,183,38,52,103,124,48,11,126,227,187,77,165,225,21,50,14,70,166,151,206,7,188,253,58,171,148,179,12,36,162,189,10,213,191,84,217,220,161,19,175,192,121,149,143,182,239,219,89,134,195,149,85,87,156,251,95,51,100,205,62,119,138,164,105,62,89,6,177,80,124,207,133,208,42,78,156,76,221,92,199,168,64,139,216,246,129,206,219,37,184,81,188,12,113,102,22,134,222,125,226,236,152,30,131,104,169,106,18,117,95,190,171,4,242,142,112,8,92,121,242,186,86,74,233,52,142,17,194,200,121,101,135,201,43,244,80,85,183,172,116,247,0,233,80,52,244,92,27,152,97,231,33,99,34,219,167,81,95,110,74,13
151,154,108,217,210,97,110,1,234,229,255,13,84,54,249,197,36,184,52,56,145,110,135,202,35,217,210,64,226,232,39,224,155,251,223,136,90,30,3,30,115,137,204,194,249,148,156,252,17,212,176,65,250,89,72,141,79,209,221,228,173,112,92,74,46,135,170,31,135,71,92,179,216,188,188,40,18,247,19,242,196,123,186,250,92,128,220,113,172,51,200,187,72,139,44,181,233,184,133,143,26,8,179,28,28,69,39,55,22,147,59,191,6,165,13,61,48,86,222,8,15,175,123,178,169,108,61,38,178,76,54,246,44,165,170,179,181,142,209,156,85,44,14,253,171,62,64,214,202,192,18,227,133,140,49,24,128,66,171,195,122,244,165,235,8,199,95,87,255,212,137,162,28,239,170,128,241,12,49,118,95,210,71,103,236,208,37,210,163,190,206,90,158,102,176,178,161,216,27,223,128,242,234,53,4,2,75,75,42,41,201,133,131,81,34,1,147,178,10,65,87,75,13,157,109,142,193,54,97,235,94,221,240,38,150,19,216,12,235,212,27,100,22,123,37,238,80,112,106,237,210,97,58,165,248,202
47,154,149,209,149,148,63,139,31,237,115,107,190,109,225,106,87,161,254,79,95,33,23,62,87,197,32,132,167,160,223,205,12,0,96,98,239,233,202,66,29,156,233,167,151,147,160,196,205,42,156,225,6,127,185,253,186,91,253,59,230,251,185,156,82,237,103,118,154,65,171,149,9,183,60,215,245,39,220,136,50,69,53,102,42,34,208,217,139,233,96,44,138,9,116,49,97,195,35,97,168,59,118,155,235,20,112,233,102,130,239,59,91,110,140,151,121,223,30,157,210,227,200,135,105,164,253,125,192,212,176,17,131,243,78,247,242,195,109,241,253,230,177,77,66,158,49,82,229,56,12,186,129,147,251,140,156,156,185,77,70,235,20,110,228,255,83,8,61,180,44,7,3,167,30,103,5,49,200,231,211,26,151,221,152,235,103,10,208,134,79,173,167,142,194,40,177,249,16,120,21,231,243,245,141,95,153,105,13,5,200,232,159,5,21,212,169,124,86,49,47,34,30,59,141,107,186,154,139,49,15,152,5,147,82,73,154,205,103,120,60,54,202,5,15,184,116,139,113,142,130,166,70,73,182,239
222,117,69,177,191,231,116,121,116,171,218,155,136,115,148,197,254,63,110,73,101,73,118,4,173,184,23,149,234,34,1,220,69,164,166,120,218,21,44,217,41,41,175,229,173,156,52,200,16,205,82,48,164,149,203,38,234,179,145,212,215,51,17,192,148,108,202,127,228,171,188,218,252,179,130,44,163,130,236,178,244,195,209,26,116,172,125,253,89,241,9,89,248,220,83,30,65,172,250,10,41,232,208,177,243,42,139,40,87,77,58,151,75,15,99,126,98,112,220,20,170,45,115,149,188,153,149,244,33,134,170,192,25,246,39,243,242,123,117,201,145,121,37,121,124,16,217,250,126,74,39,55,39,215,162,63,172,162,121,77,207,127,17,139,254,230,190,102,41,220,129,188,132,83,253,52,249,171,12,132,62,60,224,131,169,15,128,212,140,204,131,26,47,94,235,247,158,83,101,133,106,19,156,197,158,130,230,161,73,128,104,64,130,120,195,66,44,230,103,202,98,34,252,76,32,137,189,105,247,5,10,102,92,79,170,171,218,126,111,184,21,131,91,200,164,217,203,119,229,133,148,31,47,129,204,192
220,141,127,96,149,53,237,124,104,236,176,59,85,140,85,43,83,238,130,9,163,241,141,14,66,62,225,235,241,88,214,208,146,71,101,92,231,22,6,27,99,214,148,161,41,130,2,208,184,104,241,141,49,224,240,63,169,65,152,76,219,45,20,105,162,82,72,115,103,52,236,27,251,32,141,223,108,156,86,46,193,91,197,188,178,180,90,178,13,167,47,114,171,66,82,86,55,55,86,19,122,213,141,171,174,128,253,212,120,219,92,1,116,247,234,71,235,15,172,231,230,99,199,105,37,73,104,141,90,95,93,126,223,91,105,162,230,188,243,116,96,102,39,104,54,211,49,17,97,9,188,58,101,57,176,80,50,238,40,2,153,23,156,205,194,108,86,147,140,137,44,31,27,69,169,231,20,177,10,72,171,169,214,200,63,42,42,0,73,168,10,154,229,132,102,82,203,71,31,118,49,214,27,242,187,176,255,25,214,56,183,216,91,10,41,44,19,231,193,116,188,126,97,36,112,11,176,3,47,138,223,24,54,243,240,184,147,131,214,70,101,62,5,78,161,63,150,131,123,175,230,94,184,97,110,225
101,27,156,151,131,225,30,235,165,102,184,51,20,14,120,148,1,75,134,114,123,96,45,20,120,223,156,174,135,240,160,109,10,44,120,169,75,129,185,173,220,78,215,25,84,76,231,171,220,251,122,16,159,40,98,58,11,198,37,108,242,0,135,122,95,235,247,214,23,140,188,124,123,86,89,187,58,172,230,53,143,237,6,128,199,55,9,254,239,160,85,206,126,181,85,10,220,174,171,17,204,253,56,29,40,227,74,110,24,206,67,87,195,42,81,213,34,232,132,11,20,65,82,77,90,98,88,158,158,50,238,225,52,254,248,139,168,187,81,34,63,52,159,72,111,207,93,125,230,92,9,47,6,62,200,70,170,228,162,72,129,244,23,242,97,26,56,226,215,68,174,233,119,190,91,177,157,28,178,137,27,39,226,23,189,81,229,252,16,9,178,242,95,2,119,74,9,212,151,18,184,126,67,237,25,79,242,148,199,73,169,247,47,27,155,248,237,71,138,178,98,165,228,148,179,52,158,140,128,23,206,16,94,88,162,203,97,4,135,162,182,238,6,11,8,236,31,54,55,98,2,181,186,50,227,147
124,68,173,127,26,185,111,229,9,186,71,99,13,5,243,185,174,26,159,152,168,181,218,94,163,242,125,164,47,109,72,110,217,241,214,155,224,181,108,178,58,188,67,46,125,104,205,88,77,33,42,145,202,21,45,196,202,167,38,104,56,242,246,235,23,172,140,138,77,8,199,98,59,223,153,142,233,168,125,209,210,144,153,105,83,184,248,174,214,56,185,223,148,151,61,229,230,2,217,41,86,141,145,147,34,57,87,156,187,243,176,127,16,252,169,91,189,176,225,120,101,151,184,186,211,184,133,54,80,24,163,13,100,187,206,67,64,123,112,150,208,138,168,145,172,116,173,228,95,195,78,53,231,142,162,48,77,179,217,26,18,3,47,178,88,203,152,231,185,169,76,173,58,233,13,189,7,40,15,19,162,70,222,246,65,239,254,136,79,209,209,166,118,90,80,174,19,71,125,169,48,126,79,200,50,235,64,238,59,100,39,224,208,52,117,141,189,231,155,189,138,243,81,124,121,201,91,142,55,65,29,145,99,131,127,87,204,6,55,9,96,207,94,64,179,182,190,218,0,142,181,139,93,247,51,87
65,74,121,41,230,212,158,219,37,111,51,243,17,68,119,193,11,242,184,49,202,82,95,124,122,72,231,122,143,124,120,71,162,40,177,67,232,160,238,118,29,203,201,101,10,163,205,153,31,35,240,187,24,232,184,58,182,71,31,29,186,118,1,109,236,121,238,237,221,254,50,98,74,144,128,10,223,179,21,224,25,55,181,9,103,124,197,164,23,239,114,78,221,61,254,152,172,181,225,62,98,66,195,54,152,222,76,143,175,99,28,104,73,208,240,112,141,124,61,98,197,31,132,240,93,252,16,124,59,217,98,146,39,252,124,205,168,225,197,8,145,33,223,98,57,12,69,142,27,178,56,216,148,46,90,76,116,244,21,66,221,108,231,25,157,215,223,251,122,0,175,98,36,212,129,174,180,15,212,42,171,35,2,160,118,201,196,44,133,33,82,7,181,39,53,145,67,159,244,38,185,177,4,72,217,144,13,11,136,231,183,208,0,237,198,179,64,159,67,176,163,52,91,188,46,65,99,88,48,96,204,100,18,131,38,149,238,227,213,209,47,186,226,172,62,225,220,104,207,219,145,94,189,38,95,140
187,131,182,60,9,239,170,147,52,255,102,34,179,75,235,159,107,230,44,41,71,26,26,178,65,1,88,132,63,18,135,75,212,20,234,251,142,200,155,57,92,236,197,174,104,3,75,98,120,188,53,197,15,152,122,161,97,206,27,109,59,255,181,209,106,37,104,50,238,56,249,184,132,199,199,221,179,69,109,220,102,247,204,108,234,188,229,81,83,249,166,188,223,88,238,5,225,65,90,175,73,184,154,17,223,222,49,200,211,36,79,74,244,125,161,74,166,224,237,127,251,92,145,83,190,114,170,152,6,214,198,33,9,91,227,110,212,46,134,194,250,30,185,159,176,93,5,43,69,232,83,95,137,113,213,106,88,32,224,86,219,2,215,170,2,119,178,70,149,37,245,186,171,34,219,205,77,193,169,27,206,160,147,26,54,249,80,191,104,123,152,89,101,222,2,119,184,81,153,144,111,5,153,92,248,93,21,35,39,5,240,241,14,245,45,170,66,37,232,1,141,220,89,41,240,58,31,245,7,42,78,181,104,25,60,227,175,78,18,35,181,31,166,29,149,30,37,48,26,75,179,237,184,64,122,225
132,225,91,188,82,89,137,114,116,94,48,208,50,200,171,251,150,111,6,108,169,8,42,207,253,108,90,212,32,217,115,254,87,119,198,75,61,69,11,136,42,7,97,245,148,65,85,228,248,145,81,244,93,204,137,161,127,36,235,186,124,9,54,17,153,82,186,18,148,168,13,219,67,16,79,18,242,196,16,218,45,124,81,84,27,98,42,162,51,5,77,131,220,146,157,221,113,157,161,26,186,170,8,160,49,173,158,129,201,221,130,11,56,116,221,5,218,63,194,148,232,144,189,237,107,177,124,176,12,162,98,187,58,142,10,43,96,233,189,59,163,136,198,225,222,132,84,173,123,207,239,71,70,38,174,85,141,178,84,160,45,222,178,97,142,200,201,229,239,68,88,41,166,183,39,65,144,247,115,4,212,151,178,153,238,35,63,185,219,157,18,70,117,236,165,240,177,161,236,249,108,186,165,212,237,221,227,71,189,101,16,218,226,67,130,160,119,204,184,250,172,63,78,114,74,145,149,29,173,230,187,142,4,32,21,246,31,135,235,222,250,219,93,134,73,28,226,60,0,50,241,101,216,15,44,74
131,104,47,226,47,148,29,132,106,178,48,135,99,211,33,105,245,51,116,180,47,244,99,250,199,190,154,255,175,14,129,27,148,217,123,26,194,60,52,51,208,156,189,53,57,49,138,113,233,172,68,131,73,204,68,28,187,170,153,241,246,227,225,90,82,212,83,235,170,6,92,11,129,10,38,14,53,133,238,157,174,149,226,153,204,169,154,105,95,198,152,217,42,38,44,201,188,236,109,146,155,92,186,88,192,132,233,142,238,130,251,123,200,11,61,240,228,187,138,154,219,123,0,135,74,87,46,194,126,109,119,57,134,185,143,144,127,85,75,182,244,70,218,91,73,119,110,91,103,129,49,14,202,242,46,46,126,154,207,198,144,176,43,80,28,22,88,160,135,165,113,199,85,131,44,137,217,31,89,8,237,16,170,36,68,70,112,50,154,45,110,126,114,222,95,249,184,118,16,101,226,200,130,97,210,140,167,33,47,120,62,198,71,114,25,196,76,204,116,61,50,85,62,226,44,234,5,29,198,131,65,149,174,168,20,172,242,11,163,36,13,249,22,47,60,174,165,170,253,155,130,38,200,157,98,153
60,186,149,60,1,85,53,13,132,44,127,131,117,77,19,9,243,156,201,110,209,154,6,113,117,142,175,161,235,142,180,137,98,149,62,128,47,53,122,229,99,216,41,21,7,132,73,70,12,234,107,213,127,61,134,59,44,216,9,253,173,93,179,63,90,157,199,16,239,229,108,68,174,206,25,65,81,64,115,208,214,126,164,81,40,77,90,28,89,14,194,86,71,12,65,15,177,193,230,217,97,200,199,130,7,107,76,79,176,160,183,174,201,180,54,194,56,237,135,136,102,5,245,181,169,119,80,139,70,212,210,193,111,131,101,0,151,191,71,250,79,36,138,90,9,247,4,163,197,165,172,201,186,205,221,219,155,29,241,28,160,116,14,74,102,31,52,33,208,190,254,199,27,151,110,244,83,118,156,228,227,54,35,71,95,230,119,255,111,155,189,130,201,96,222,146,22,210,189,251,110,47,96,141,251,91,229,148,148,201,98,58,41,42,33,165,231,243,167,101,83,102,32,213,82,197,59,67,174,170,10,152,236,213,56,247,123,207,205,185,154,164,203,66,55,60,84,185,43,44,70,55,249,183,89,163
120,8,161,139,33,70,204,23,233,62,215,71,195,200,219,22,109,217,130,197,145,230,95,135,14,206,161,201,145,142,249,103,207,91,209,128,226,109,56,107,190,191,31,182,0,41,217,167,0,39,208,180,123,96,144,194,189,126,225,38,173,159,190,0,59,212,12,215,245,219,129,85,222,186,232,144,113,25,161,236,89,243,141,236,156,14,174,60,164,198,239,194,148,62,223,77,189,99,45,106,64,114,255,29,14,48,144,137,233,78,254,186,110,67,181,140,223,237,130,216,39,246,118,36,91,55,116,137,118,190,140,85,147,172,196,169,233,22,35,77,107,11,67,237,6,206,179,1,2,164,122,162,38,198,160,209,251,97,246,88,69,179,184,177,171,73,186,174,166,210,154,193,82,219,119,15,215,96,19,133,138,81,160,237,220,25,177,195,125,64,227,55,124,133,173,26,133,153,71,54,168,39,252,145,235,149,135,181,207,245,120,196,251,211,213,223,156,234,237,169,1,152,233,149,82,2,231,129,215,94,57,160,64,167,90,166,226,113,130,79,184,205,190,22,6,73,234,111,94,141,1,215,50,106,95,242
17,158,147,112,82,169,205,61,166,221,217,81,59,197,74,97,199,109,238,218,2,152,91,69,46,253,30,200,216,4,67,33,24,0,54,127,147,140,208,76,217,136,100,228,74,87,245,133,21,76,175,168,8,241,69,196,73,36,240,78,53,181,109,49,94,163,124,30,55,95,221,175,174,140,46,54,221,191,21,112,183,34,81,254,106,7,45,101,48,176,159,191,194,230,88,62,244,139,230,212,147,114,39,232,28,225,84,104,84,70,134,93,88,248,167,223,106,67,230,231,211,50,85,234,199,4,78,145,206,13,46,49,166,255,1,82,65,238,26,34,66,117,102,146,61,84,142,222,78,230,8,88,122,43,202,62,200,111,101,251,186,25,63,206,195,171,230,195,121,221,124,197,177,251,83,103,226,156,208,38,84,228,56,133,70,234,143,165,198,36,253,219,227,184,17,234,69,29,104,21,105,70,45,75,141,114,123,236,47,74,180,221,93,132,194,249,114,131,137,211,141,36,31,154,24,10,157,94,221,162,99,254,234,254,251,74,56,255,185,9,240,42,134,137,119,189,144,98,101,77,94,186,62,202,36,57
112,173,121,238,102,196,218,20,6,28,1,245,21,136,145,50,64,179,242,135,249,8,183,5,205,108,29,63,32,55,247,167,137,118,205,90,168,185,15,225,104,217,124,38,70,24,197,169,254,32,63,65,222,36,50,109,176,239,240,103,163,67,103,75,222,189,227,159,78,248,128,150,156,145,248,23,191,245,136,75,196,241,37,15,144,236,46,112,226,51,243,44,163,170,107,230,133,37,134,100,59,239,51,108,52,92,178,148,7,61,100,237,208,240,20,53,88,69,154,208,249,148,142,90,137,190,182,155,149,152,178,17,166,255,28,89,202,88,213,166,17,189,95,218,247,223,2,7,140,193,84,122,241,222,225,114,90,242,231,55,24,125,250,59,115,208,55,27,72,144,18,183,27,162,244,74,221,212,205,13,217,188,217,56,235,152,194,164,206,128,165,2,215,41,73,72,24,206,55,182,235,215,144,37,118,184,162,198,12,35,199,193,99,72,92,53,9,184,140,198,245,32,217,91,47,111,24,191,63,36,228,36,47,225,109,68,213,246,131,250,199,204,99,38,247,238,111,199,115,194,48,215,56,94,71,35
5,130,241,203,36,169,113,200,200,86,225,161,146,71,194,178,22,75,209,245,131,103,92,147,198,54,250,233,173,119,255,85,77,2,95,2,203,51,5,186,239,32,104,219,0,187,21,162,238,72,179,205,233,158,103,224,60,195,34,129,135,100,199,24,150,176,190,219,121,198,203,3,92,109,77,244,144,45,85,158,150,99,52,158,27,251,12,148,147,18,219,21,246,237,231,90,208,38,172,144,51,207,3,107,187,237,211,31,183,118,234,139,151,253,55,179,135,89,238,73,254,115,117,131,98,138,220,168,13,103,57,63,219,154,80,152,154,190,209,190,39,116,13,155,194,59,141,216,134,214,164,132,232,1,114,146,49,44,100,191,59,10,218,66,115,133,34,100,26,182,180,63,107,12,87,103,210,40,45,61,229,8,224,74,184,113,217,119,62,206,80,241,74,132,183,146,30,83,128,3,43,123,175,148,68,122,114,26,59,249,12,250,193,27,191,7,212,105,218,29,33,6,70,72,113,166,78,5,204,133,89,233,140,122,14,235,166,234,106,211,97,110,105,152,66,100,8,167,27,27,3,171,145,3,213,27
198,113,156,61,219,185,132,16,163,4,60,92,253,195,26,89,224,242,88,13,129,238,162,171,79,222,60,3,82,138,79,39,1,139,124,203,250,107,219,235,129,26,28,52,132,80,252,178,52,65,196,25,220,59,209,192,98,222,79,9,38,173,212,44,149,113,101,241,8,110,156,254,25,142,155,50,10,68,42,50,12,219,14,191,99,16,21,107,39,164,193,247,66,41,76,115,128,115,195,139,119,165,187,168,186,142,228,62,10,4,46,130,135,200,250,120,24,232,36,212,129,19,201,98,225,87,119,180,182,133,182,212,178,45,162,125,12,105,76,49,98,198,255,153,60,19,156,84,127,130,166,96,122,169,183,143,160,208,226,145,60,159,35,183,173,187,214,34,88,112,48,161,9,69,127,226,150,199,246,50,146,216,83,11,171,12,18,88,6,205,31,7,209,206,125,137,165,206,76,88,69,180,218,105,65,157,117,224,158,191,102,108,129,104,244,115,95,249,154,230,196,64,255,128,199,91,146,183,169,132,238,177,209,154,1,219,102,119,171,137,238,16,163,33,114,107,41,182,120,69,72,117,139,19,193,171
225,43,198,252,145,200,58,10,213,119,254,58,124,214,231,244,124,155,231,104,16,159,204,128,131,248,129,58,33,69,115,45,240,89,82,53,54,10,69,47,161,140,69,83,40,221,191,65,204,240,254,121,24,13,100,94,33,113,16,114,17,207,106,50,200,28,109,169,12,85,140,108,161,6,90,189,250,232,183,120,60,110,251,212,105,141,109,251,5,28,253,198,141,8,44,249,68,255,68,174,229,238,24,47,171,4,79,18,120,103,184,141,141,110,218,208,29,4,86,167,165,132,171,86,179,53,149,146,241,223,184,9,193,205,21,243,215,192,80,205,74,203,212,147,97,44,163,252,138,227,24,153,105,181,210,122,216,248,174,112,189,93,181,144,179,125,156,205,100,50,55,239,78,180,122,162,14,224,202,193,207,243,217,33,103,135,126,106,18,16,178,175,129,123,125,162,188,101,194,121,138,85,35,220,206,139,109,98,18,157,49,164,236,150,85,178,41,201,52,209,168,12,209,18,194,9,68,186,190,80,126,10,236,52,106,106,121,48,156,35,201,169,197,42,215,100,208,102,104,79,23,216,46,43,190,81
58,75,22,82,46,197,72,19,33,54,22,169,20,186,103,58,108,151,137,231,248,94,23,245,223,132,112,17,246,91,106,9,42,140,244,238,167,228,140,96,193,145,227,53,76,38,146,8,38,228,94,236,218,117,171,60,127,213,33,116,115,186,60,245,21,158,173,80,177,173,30,70,251,96,183,215,69,184,213,190,125,96,65,65,103,234,82,176,172,38,194,147,52,250,161,236,178,169,203,216,87,79,124,198,47,194,135,20,38,37,55,140,154,134,214,243,214,194,243,191,8,228,58,202,140,169,75,241,111,79,205,246,235,198,246,236,87,241,31,157,229,135,83,48,49,61,132,237,0,136,116,27,107,189,1,81,243,155,240,64,210,248,44,239,4,10,226,7,143,135,89,29,183,255,129,65,223,101,101,84,56,36,180,191,49,147,159,48,205,182,131,42,147,6,185,64,169,85,252,252,59,66,237,60,59,46,99,16,115,222,2,221,76,238,95,18,243,46,70,46,137,226,24,1,142,42,119,79,50,35,54,140,102,6,24,13,238,162,198,232,161,241,119,123,159,216,95,90,242,95,3,28,71,84,51,244
94,197,98,73,239,30,156,16,189,215,126,165,189,100,156,241,15,171,160,236,240,46,238,20,92,29,18,49,230,179,201,207,184,123,123,139,102,169,136,175,200,23,50,164,180,26,203,73,195,77,86,173,172,214,249,183,19,185,141,133,126,24,115,212,152,51,7,45,251,247,58,196,95,91,6,214,135,29,121,34,171,168,33,22,82,24,213,57,78,240,136,255,200,26,242,187,192,102,165,208,177,255,109,149,228,102,212,205,58,224,218,217,41,234,16,227,96,58,255,231,197,149,2,239,114,249,78,205,182,23,218,84,94,146,171,202,143,129,132,220,224,65,85,231,167,184,167,177,157,36,211,136,150,75,134,119,141,156,87,109,244,197,204,29,245,155,221,131,194,44,132,89,113,37,81,246,75,146,35,237,139,0,98,61,138,188,201,253,162,192,65,250,31,211,27,233,207,32,96,93,188,53,92,143,198,54,242,94,26,153,245,149,252,119,181,81,137,239,187,204,166,211,168,129,145,160,51,68,22,82,221,76,182,11,174,145,150,36,209,190,139,10,18,211,160,122,159,10,99,229,254,130,13,36,184,242
27,121,197,64,252,158,45,176,80,205,118,138,186,73,138,175,11,160,50,138,252,190,204,234,120,165,123,8,118,115,15,4,188,248,165,156,214,79,117,225,138,67,93,250,143,124,156,156,168,160,206,230,77,90,65,255,215,168,203,221,227,68,127,211,68,123,193,161,251,242,149,193,237,81,1,177,242,37,8,80,80,236,118,162,239,162,166,174,206,134,22,251,51,145,97,54,185,82,56,155,149,81,112,241,103,107,105,90,32,200,89,198,149,38,142,64,176,182,84,17,253,146,166,80,180,213,254,38,92,10,45,151,247,57,126,137,24,11,57,156,182,184,74,8,35,111,45,44,173,214,136,81,194,48,133,184,64,28,181,68,164,190,178,204,124,21,185,249,219,142,116,170,91,29,16,22,14,41,243,157,181,245,124,93,217,123,51,22,134,180,57,10,81,195,167,71,14,111,26,245,77,3,42,246,242,130,224,102,116,163,10,138,211,140,11,168,222,123,142,208,72,22,250,251,28,222,41,209,237,89,169,230,185,74,161,155,104,227,236,251,161,225,85,184,54,64,118,250,15,227,35,134,109,193,107,85
45,44,133,105,113,36,3,34,72,115,249,153,143,85,160,47,111,36,31,25,204,110,169,98,49,222,45,65,159,158,144,255,94,75,128,104,231,172,200,100,194,188,39,6,219,20,240,200,105,67,210,233,161,145,168,228,43,99,46,237,190,179,127,241,178,167,180,253,188,255,237,141,88,155,146,65,128,222,169,23,217,190,98,118,111,133,88,70,66,171,228,218,15,12,27,163,241,19,198,190,209,217,91,133,186,218,46,172,235,108,176,128,228,52,227,250,198,71,213,133,166,74,60,79,114,182,50,0,155,35,85,236,156,92,140,252,40,138,215,71,51,57,57,145,88,117,107,132,250,5,146,9,52,32,51,178,213,210,26,181,227,59,237,53,17,182,10,30,203,69,141,29,48,118,174,69,143,58,137,185,171,39,132,126,46,156,210,12,218,195,124,98,31,107,89,50,132,57,131,229,108,145,242,202,172,207,103,189,23,118,176,57,190,21,171,239,8,80,227,160,109,179,52,15,137,90,82,217,181,109,187,5,241,21,17,53,88,91,245,150,237,156,105,122,56,251,80,199,28,190,225,69,163,126,79,213
139,145,225,187,177,99,199,136,108,140,97,250,24,105,55,79,92,38,248,44,171,38,66,248,14,139,7,234,66,130,9,133,186,0,109,122,131,190,73,142,159,225,8,11,159,231,152,129,252,138,198,89,77,72,200,144,45,190,5,133,164,9,176,97,95,186,58,165,197,32,15,248,57,227,138,184,162,195,20,117,186,130,29,58,236,250,62,114,241,4,247,59,65,129,29,155,207,100,31,234,92,12,151,27,53,133,3,91,220,211,98,213,36,170,5,154,243,20,58,191,135,109,240,246,157,8,192,23,63,197,14,98,168,129,208,128,71,19,130,242,254,249,222,86,98,224,162,8,177,103,168,237,134,87,86,209,89,35,253,97,100,78,209,92,14,231,23,96,136,161,70,232,146,241,122,172,94,71,90,105,251,150,11,26,248,105,136,127,147,110,167,74,20,98,159,2,192,97,250,201,103,176,160,192,200,40,127,56,227,3,9,80,183,13,151,194,176,157,6,86,184,107,112,246,49,244,99,24,189,38,149,222,4,240,116,170,72,43,4,204,12,163,73,224,42,233,223,134,239,125,36,81,106,128,221,28
19,235,146,201,239,128,212,141,147,122,143,140,155,202,107,42,20,55,227,243,21,213,82,227,196,69,1,176,144,149,174,75,1,163,135,183,57,91,0,204,242,0,136,249,128,149,138,209,220,161,151,130,172,9,53,129,82,93,189,67,22,33,204,21,194,184,229,133,119,180,13,252,144,1,164,148,10,98,202,113,55,49,47,185,117,141,62,180,167,79,152,44,135,162,253,139,242,187,6,187,74,49,174,1,163,97,208,158,139,49,99,147,66,233,174,227,76,109,99,219,142,14,152,146,116,78,212,176,150,99,22,6,175,170,14,104,172,25,240,244,34,217,77,135,152,128,62,242,188,170,238,243,231,86,50,215,225,200,116,78,232,35,41,95,30,189,19,168,245,243,40,61,178,84,132,131,203,133,221,57,33,216,179,51,227,242,39,116,193,186,172,227,118,7,36,175,196,126,28,25,129,5,116,205,182,248,178,238,113,188,21,197,60,241,240,34,128,22,146,11,240,171,87,155,95,44,219,161,214,45,97,140,113,230,178,227,178,128,246,147,50,151,158,0,172,146,135,49,149,194,110,151,48,165,30,130
35,31,85,161,55,46,40,103,224,106,220,122,219,64,194,71,65,92,6,146,231,210,33,215,136,55,125,44,16,57,19,165,57,134,203,226,87,48,219,156,167,218,79,212,81,52,222,131,54,146,240,233,166,93,99,197,134,27,31,3,172,97,92,168,131,176,248,95,44,109,192,83,91,121,244,31,119,81,119,27,106,19,5,158,218,172,33,158,215,220,195,22,207,64,239,208,150,215,204,146,110,90,117,38,239,246,80,78,23,33,125,234,177,39,253,173,226,116,204,49,68,58,186,202,143,179,241,35,198,196,252,166,245,3,13,56,189,88,54,233,141,145,147,109,250,200,112,162,175,17,152,152,5,249,190,2,253,29,217,98,103,62,110,249,146,34,173,106,50,201,113,43,93,78,72,100,115,171,171,254,55,130,108,59,239,246,77,32,209,24,231,190,253,141,225,252,76,179,53,79,81,116,211,224,79,165,26,240,175,137,0,14,108,11,151,75,20,201,77,152,56,35,243,25,248,47,208,22,216,83,120,151,234,61,242,111,184,197,86,64,210,36,154,199,229,229,213,170,22,131,33,143,48,164,2,54
184,91,36,252,157,5,37,43,104,160,38,155,91,186,101,226,186,113,196,129,255,255,57,102,35,159,0,28,208,197,248,173,114,153,1,130,71,9,58,34,67,245,170,143,224,162,210,175,143,191,82,85,30,86,123,52,128,41,197,4,126,104,97,87,70,80,46,220,216,117,215,67,22,50,80,75,115,94,172,185,44,64,238,159,215,68,44,185,251,60,93,41,96,251,214,224,24,232,202,21,177,95,164,89,147,124,58,103,67,101,144,253,57,150,155,230,38,21,27,51,201,162,169,147,8,4,32,84,72,70,34,169,97,231,184,223,192,53,9,10,91,112,30,4,174,228,87,12,252,255,53,1,152,191,145,28,250,19,137,255,85,148,212,22,95,144,164,107,245,113,130,105,99,255,122,212,255,21,202,11,48,41,202,209,207,81,202,166,243,205,250,182,114,25,232,164,144,19,48,114,212,74,200,78,10,16,100,157,69,46,81,160,61,105,198,154,2,30,128,19,227,119,199,42,41,5,22,134,104,141,243,227,100,27,2,211,94,224,34,81,76,102,82,195,157,230,106,148,58,208,20,84,50,176,24,144
93,174,221,191,221,160,214,159,99,148,141,127,126,230,125,10,240,191,82,229,136,36,45,58,244,52,233,167,105,126,110,102,36,73,137,136,41,68,50,252,209,111,50,191,86,110,240,103,136,219,211,131,106,166,241,205,81,199,32,231,57,126,50,128,154,108,118,243,253,161,19,76,120,98,230,235,194,1,17,4,213,143,250,165,247,31,175,205,236,214,107,29,234,177,217,2,49,250,95,38,80,203,92,5,149,210,129,43,159,72,245,3,186,122,117,102,223,67,164,234,219,224,200,12,45,237,42,183,73,200,156,87,232,179,137,90,98,135,223,211,52,69,73,177,65,17,142,84,6,80,33,67,144,14,154,6,109,7,211,29,92,116,100,148,215,221,116,194,8,112,72,141,207,6,4,181,202,26,168,4,130,28,137,130,131,95,29,252,196,160,241,84,191,29,15,239,140,75,199,15,164,157,197,187,22,123,50,79,40,220,244,229,170,238,39,72,91,155,246,92,49,85,220,6,118,113,77,170,158,162,68,209,129,206,103,229,227,188,79,212,76,133,128,220,46,208,78,250,11,175,132,211,223,38,7,181
146,121,240,129,94,240,85,84,159,73,224,24,45,186,2,36,103,87,98,167,162,192,55,14,170,46,127,37,123,157,168,190,150,102,192,134,206,30,105,244,213,136,11,6,45,202,60,54,96,108,202,98,151,52,167,234,170,100,135,187,181,0,38,192,208,212,173,209,206,21,91,176,209,178,131,120,155,189,12,199,46,152,19,9,4,122,12,240,235,21,103,193,214,49,50,153,239,211,103,106,111,227,206,100,81,251,195,72,134,2,104,191,40,112,189,61,10,155,114,193,10,79,33,149,233,195,195,74,129,51,178,205,55,73,184,253,92,135,165,227,147,197,160,245,136,204,29,153,13,37,201,114,193,52,169,1,124,116,141,195,200,103,150,246,116,23,148,48,250,89,180,5,71,147,228,51,239,221,82,123,221,103,84,205,156,107,168,192,178,172,145,23,84,150,9,108,56,174,157,116,223,53,201,195,21,77,107,240,252,201,12,60,4,58,177,10,32,150,144,19,36,56,125,194,226,158,234,33,240,24,150,81,136,219,22,157,245,42,210,102,58,181,106,87,211,3,16,47,196,90,85,156,93,66,176,184
205,34,4,138,10,49,132,200,27,189,51,191,215,220,157,12,135,8,152,201,195,24,144,94,188,44,45,8,216,238,214,245,22,92,130,225,168,196,221,214,209,79,237,231,102,153,242,60,228,94,222,250,122,49,119,37,120,107,81,221,87,90,132,207,83,110,138,117,252,5,183,243,167,236,43,215,3,147,24,234,74,221,192,5,204,205,233,138,33,222,4,92,21,80,139,128,157,122,61,14,14,47,63,189,135,125,14,237,214,98,196,4,228,223,182,17,133,208,63,171,44,236,161,6,71,208,116,22,108,0,163,22,130,192,107,247,94,184,244,30,253,156,202,44,248,106,247,23,18,5,99,98,253,172,248,33,143,66,47,14,140,212,227,229,244,53,242,107,255,161,148,45,195,15,127,40,249,247,182,25,193,16,214,167,254,194,110,192,53,146,188,133,202,131,62,55,119,204,98,150,196,227,101,172,229,155,91,182,28,16,57,209,196,229,206,161,177,255,232,132,119,34,169,246,16,148,164,232,217,217,52,92,100,201,230,223,116,244,224,163,174,251,215,204,244,27,58,105,133,173,187,200,181,4,125,113
121,8,233,150,166,54,172,5,42,51,137,105,104,24,41,132,80,120,132,15,143,71,242,153,152,232,73,127,82,208,211,181,40,159,190,46,193,224,64,82,251,208,17,33,58,56,230,40,79,197,244,228,73,110,109,26,241,13,172,192,58,158,179,109,11,112,180,28,177,217,220,184,191,92,86,173,5,2,59,218,48,126,151,136,35,4,126,227,197,211,105,162,47,114,201,206,52,47,108,235,141,82,224,121,192,152,130,193,213,0,207,123,102,164,238,152,92,107,53,197,74,73,202,175,36,22,213,240,30,178,157,6,98,3,9,109,122,250,54,168,172,80,153,138,19,13,67,137,224,209,59,221,92,228,193,223,55,103,94,110,232,189,206,228,65,158,38,61,31,42,57,211,211,98,9,251,179,147,38,86,43,77,226,159,72,118,139,241,150,10,140,246,182,208,213,231,157,85,103,165,168,128,60,89,69,8,125,198,166,199,121,123,77,199,228,221,96,67,110,246,165,73,180,58,56,127,124,32,58,0,144,216,169,31,202,214,23,98,58,60,166,197,183,22,103,119,127,55,181,57,82,215,40,83,85,232
200,185,14,137,248,177,51,181,186,120,151,221,92,167,228,146,197,207,217,231,163,8,133,149,228,94,215,108,213,28,139,164,239,131,128,179,185,173,112,55,10,181,204,102,181,4,9,20,206,62,156,151,250,244,29,45,242,146,98,31,224,254,181,157,113,150,153,72,69,175,143,27,99,196,218,39,252,13,117,148,91,30,164,53,2,124,224,208,24,139,173,58,216,83,211,175,22,209,144,38,66,159,208,146,0,120,140,222,36,106,23,190,81,221,216,106,205,111,108,56,115,76,86,168,101,209,22,179,78,202,172,88,97,2,175,121,168,26,102,152,223,78,196,105,50,50,220,95,159,139,47,220,97,190,177,253,161,166,154,69,105,134,141,187,162,146,220,36,130,118,210,29,198,114,1,237,6,164,147,138,72,86,45,125,241,25,182,109,201,19,57,44,194,0,4,217,162,81,55,120,232,142,165,72,215,206,186,12,237,65,89,203,210,228,198,106,72,204,97,71,90,137,127,84,37,51,54,47,179,19,231,174,160,108,114,54,87,73,55,134,71,64,104,243,4,62,251,24,240,167,136,87,187,3,71,189
227,222,161,154,158,245,218,61,79,161,250,67,153,10,114,77,85,146,81,24,72,193,20,29,98,194,162,172,90,44,98,195,44,69,241,167,123,157,50,167,141,232,105,67,235,19,109,243,37,91,177,80,146,51,61,24,72,242,149,175,182,9,95,43,133,91,134,226,22,23,91,138,154,120,154,192,9,232,141,81,71,54,87,176,81,209,20,5,183,28,68,139,144,103,47,205,51,16,26,33,114,73,18,50,53,52,131,23,146,63,98,107,73,160,63,211,145,168,116,87,148,200,151,193,16,99,91,49,143,110,122,15,7,9,120,148,56,139,4,89,92,62,168,88,33,247,173,118,147,104,35,152,156,107,248,82,248,134,1,131,168,212,188,7,206,119,197,228,134,62,6,93,134,87,1,88,3,105,206,175,12,17,139,223,191,44,84,78,93,81,147,38,148,37,187,201,231,194,144,193,40,235,132,72,113,101,227,3,52,222,11,79,169,244,213,66,32,191,45,233,52,123,88,73,61,19,107,23,179,5,219,121,176,84,44,183,46,178,181,179,146,182,108,179,134,167,223,156,7,199,253,148,29,60,250,230
205,2,197,164,123,92,43,237,9,127,84,241,141,175,165,152,231,106,113,107,114,234,187,237,182,242,184,57,119,85,192,45,92,130,68,214,168,136,219,202,247,201,37,244,226,35,44,44,134,123,101,75,138,187,5,5,116,186,37,96,68,158,62,30,8,104,245,48,19,16,190,68,60,140,71,39,169,9,246,118,247,28,129,217,89,133,65,32,169,122,79,204,102,0,159,8,37,192,125,3,57,30,22,197,127,108,46,139,190,246,18,227,125,147,242,21,155,126,194,165,141,122,202,213,174,204,231,14,212,66,133,14,147,67,80,134,45,96,76,195,93,167,30,215,57,149,237,21,109,21,170,72,71,22,210,248,88,237,239,155,98,158,23,192,251,140,140,63,105,142,25,204,235,219,245,172,225,222,103,112,250,48,179,128,224,174,201,150,162,137,129,176,240,116,61,252,173,160,96,91,174,38,122,129,251,69,230,201,196,247,2,131,227,180,189,63,134,13,100,132,210,216,117,250,99,11,205,179,95,20,108,82,186,34,15,228,65,21,100,158,8,29,214,227,30,27,14,169,225,169,70,226,227,79,22,139
89,162,9,109,51,19,213,74,17,210,199,116,25,40,201,93,60,183,23,147,132,172,224,53,64,57,225,8,90,68,40,107,17,61,12,210,180,115,151,119,165,41,12,37,160,172,84,68,153,138,26,175,25,199,20,252,236,86,248,175,43,139,120,68,76,70,199,172,214,234,242,10,236,226,45,215,162,137,230,167,10,7,21,136,101,133,42,110,68,53,209,141,102,162,129,133,17,238,87,52,94,56,19,253,221,193,133,75,195,13,5,4,141,131,136,208,80,28,245,186,161,70,130,9,223,15,123,184,206,138,19,156,215,200,253,100,189,232,21,199,20,41,196,244,125,56,229,165,51,58,14,114,16,57,199,227,188,116,159,73,77,75,251,91,60,37,109,169,247,128,64,84,188,29,14,75,85,90,195,34,144,173,194,183,44,127,67,105,60,47,100,245,232,231,29,11,235,247,49,95,114,145,230,191,162,124,53,134,146,230,236,63,79,227,167,233,245,112,226,189,135,175,18,223,124,54,249,201,39,210,220,72,67,140,245,158,240,153,122,22,45,50,61,40,74,233,222,216,65,98,251,119,91,180,112,60
37,109,4,176,13,85,165,187,127,99,53,146,64,11,215,102,153,53,26,189,69,36,15,66,53,190,233,22,250,216,113,187,143,27,157,123,142,12,152,25,158,83,37,99,151,60,104,170,189,245,133,18,103,70,34,81,143,196,124,204,165,76,145,233,34,114,237,174,95,122,249,181,146,223,108,59,70,176,25,149,175,30,163,48,168,3,202,180,249,231,117,191,240,250,253,55,38,28,204,151,252,83,128,212,145,66,88,174,79,119,246,141,125,220,78,87,233,251,42,69,246,86,178,210,176,63,91,3,117,156,214,100,90,223,211,140,211,11,162,56,254,247,130,213,1,36,179,171,116,59,127,38,44,177,51,168,32,117,107,114,56,45,221,161,230,187,196,249,122,112,5,145,46,137,154,97,204,94,74,88,190,120,47,233,14,116,64,54,208,81,87,67,187,212,166,34,204,199,39,166,173,124,62,35,113,150,247,197,201,241,192,120,130,214,20,56,106,226,243,83,45,5,232,78,153,240,65,14,54,73,178,215,124,236,230,105,195,221,33,102,181,27,38,131,128,67,144,241,62,185,2,220,133,87,185,245
146,21,115,158,153,179,86,9,129,160,238,1,196,10,0,115,226,255,77,235,25,78,169,157,237,36,20,61,207,163,249,221,82,126,150,42,87,49,107,235,4,126,168,74,98,94,14,48,142,100,86,78,42,140,167,30,128,60,113,53,220,88,220,216,250,211,192,75,212,141,255,157,44,158,109,240,211,130,151,213,118,158,122,47,222,75,44,70,44,237,237,129,75,76,43,195,93,127,95,27,207,15,59,45,156,69,29,109,37,29,203,228,117,205,58,49,10,211,156,43,36,178,254,62,13,223,161,220,226,76,107,249,212,101,191,160,106,27,186,9,232,6,153,87,220,23,61,233,75,33,215,214,176,88,83,20,57,218,42,50,132,53,115,60,238,65,216,175,237,84,26,223,10,218,237,51,149,194,190,200,31,187,68,12,173,187,232,198,147,210,74,163,126,47,98,187,144,1,159,209,50,23,199,181,106,128,213,58,222,91,199,60,52,229,212,216,116,45,132,210,204,217,228,98,232,30,46,121,68,233,145,216,119,78,117,253,167,112,177,100,33,91,238,162,107,20,67,215,172,231,88,227,229,166,105,248
249,133,237,211,204,45,153,112,29,152,77,161,144,45,100,248,87,138,95,150,2,31,166,174,105,96,249,104,159,183,129,14,51,224,30,26,207,211,228,254,76,69,226,157,121,127,245,65,211,127,208,196,102,105,114,175,21,58,113,60,157,1,148,230,60,63,14,219,4,230,229,87,246,131,240,138,151,36,33,23,9,13,228,248,107,255,150,172,104,109,91,167,93,203,185,111,179,177,104,99,125,199,26,111,97,178,64,120,254,219,88,13,151,80,223,225,29,64,137,125,158,18,191,159,199,210,118,0,62,131,57,230,28,136,177,135,248,31,154,202,147,92,101,217,161,39,76,110,45,40,167,221,247,153,197,18,212,45,153,104,43,14,55,105,112,7,35,45,78,159,128,138,80,1,7,29,163,155,247,107,78,80,231,51,82,34,19,237,214,105,26,253,91,30,157,20,235,142,104,79,173,255,212,171,56,157,35,59,145,10,29,134,82,1,238,194,65,77,121,208,52,183,209,111,233,228,147,250,168,37,113,188,26,172,206,123,122,64,78,111,247,241,5,245,6,29,21,37,220,27,8,112,115,164,151,226
100,184,216,208,116,59,4,215,142,164,85,186,182,101,109,79,132,146,235,22,249,170,137,183,139,210,102,71,81,229,174,178,122,57,91,63,177,109,214,108,27,23,246,65,73,41,235,222,220,201,48,161,103,146,136,43,14,44,23,56,247,237,228,197,135,170,12,102,58,105,252,200,63,188,178,150,231,33,187,25,207,147,2,85,201,25,230,60,109,191,181,157,230,217,253,107,72,227,63,254,33,99,75,110,224,190,8,228,31,213,157,98,66,254,159,231,196,107,105,54,69,217,157,184,87,168,22,101,67,30,99,73,1,82,199,43,165,59,70,137,207,236,215,28,77,99,111,53,57,156,170,194,224,192,201,183,164,1,250,102,118,89,11,8,53,180,90,35,122,154,56,95,228,146,171,120,201,252,144,236,150,194,138,81,202,99,242,149,205,52,18,15,249,63,35,29,79,228,219,203,82,177,76,70,109,84,29,186,79,204,72,251,251,9,166,136,65,2,117,159,76,231,178,125,250,57,183,233,194,139,164,91,222,103,245,208,163,121,11,70,68,118,6,50,224,153,10,65,113,156,17,97,46,109,121,178
222,117,66,108,178,96,111,97,69,7,255,130,187,252,70,63,185,101,214,194,159,236,212,123,127,40,177,83,64,52,165,10,60,64,144,164,136,205,21,107,43,41,189,112,141,235,166,25,171,64,30,13,53,169,92,53,243,35,116,13,86,245,108,185,54,163,179,86,129,35,168,65,142,89,108,177,194,114,101,7,214,154,142,226,60,0,65,215,162,81,91,138,246,43,50,55,96,112,86,225,16,52,65,7,187,81,217,254,247,46,236,145,219,7,51,43,227,68,127,153,251,48,106,93,246,119,208,200,140,189,241,162,211,1,0,197,60,228,145,145,30,178,248,175,95,27,222,13,166,16,159,189,115,246,214,3,223,227,160,155,131,37,227,155,141,229,68,143,62,0,241,231,40,166,3,91,218,117,0,107,144,243,186,68,171,187,24,28,4,250,64,220,191,224,19,250,124,182,232,106,147,100,90,147,241,239,23,230,43,85,245,56,32,141,195,73,87,71,189,108,33,99,213,47,191,76,34,32,30,220,40,54,141,116,205,51,198,144,135,109,246,1,47,198,16,186,4,78,3,60,37,34,54,50,16,244
11,251,192,113,164,96,170,189,75,86,93,177,127,133,86,47,251,134,56,48,19,84,134,198,28,99,85,196,4,137,98,157,156,180,76,23,104,221,105,67,167,161,60,242,104,146,80,130,236,232,34,55,190,117,177,171,52,94,73,230,4,62,122,232,210,173,136,79,14,95,125,140,226,172,201,225,253,136,69,5,132,158,95,89,133,66,154,50,237,250,65,139,17,211,32,51,39,1,205,6,221,25,161,207,145,191,60,197,16,81,238,220,13,123,33,224,221,74,180,67,241,88,63,222,2,84,233,132,200,209,171,165,249,135,30,46,117,182,46,9,216,159,114,184,55,171,212,152,102,66,162,61,87,10,157,192,235,10,51,161,86,227,112,15,103,93,37,132,231,118,216,93,117,133,44,95,34,27,120,110,223,198,106,7,21,184,210,187,160,136,105,176,6,76,254,137,210,191,131,138,66,233,58,118,20,128,91,123,77,27,227,255,138,12,3,227,147,59,181,48,91,151,67,85,29,227,46,231,136,57,25,95,172,204,67,214,194,216,236,91,27,108,104,177,221,181,224,120,249,165,251,128,208,115,193,150
191,153,100,55,166,220,187,31,252,47,24,68,38,36,199,143,200,113,225,125,186,75,142,90,144,6,124,201,35,190,188,192,119,48,220,176,202,59,202,18,221,84,12,242,175,25,196,183,26,108,164,243,124,122,169,196,193,145,147,13,207,7,206,231,122,84,90,92,193,254,112,13,164,251,188,227,245,14,168,80,162,104,243,109,129,198,105,165,139,106,136,141,215,202,254,28,77,217,2,66,164,169,127,18,223,141,217,57,102,204,241,136,91,253,123,150,153,104,114,22,251,166,238,177,62,40,2,223,96,163,53,115,87,117,16,147,97,189,34,73,140,144,180,173,81,174,87,50,114,162,32,198,15,151,198,8,5,219,90,178,59,214,2,15,60,140,246,115,204,84,27,12,240,139,92,250,69,165,225,118,13,8,95,199,187,95,241,67,150,186,196,188,102,114,125,98,197,63,135,189,69,185,88,1,128,43,151,42,155,203,123,127,236,247,98,215,169,213,245,171,252,47,17,94,29,231,63,65,122,82,142,252,50,123,29,238,127,151,6,213,244,239,12,89,22,180,0,36,16,37,87,170,133,166,36,197
152,57,92,9,184,214,110,99,235,222,227,93,34,140,141,78,160,78,111,222,98,181,23,152,240,171,167,91,252,103,77,140,49,4,246,128,153,101,98,56,149,59,235,69,137,246,214,174,166,122,231,174,16,129,33,46,227,24,192,121,245,118,185,113,115,154,58,211,2,45,55,56,233,105,114,79,11,254,226,74,70,91,171,13,143,213,136,128,199,236,217,239,194,186,197,61,158,208,157,32,3,8,208,145,176,143,248,173,191,185,228,144,251,117,9,73,126,21,156,227,141,114,74,78,44,238,153,87,112,7,190,181,130,148,81,190,62,180,36,180,198,26,89,32,157,221,43,100,117,127,165,56,107,88,15,168,37,215,84,7,71,228,157,138,137,186,29,150,5,214,120,121,6,120,144,43,56,212,210,77,29,194,186,177,172,119,124,213,216,36,2,232,179,201,159,95,99,54,63,120,88,86,93,47,204,117,163,61,79,195,33,166,236,149,255,190,13,8,145,252,196,221,94,71,209,48,137,178,239,143,207,118,115,151,44,59,228,205,86,147,168,186,20,137,120,80,64,219,91,201,1,18,63,223,94,31
59,40,120,64,4,71,20,68,13,194,33,109,149,106,167,49,11,124,60,95,79,227,45,18,193,241,94,170,88,25,230,50,173,244,232,2,121,81,108,252,102,213,152,248,216,212,100,85,30,144,201,169,188,176,200,235,99,99,251,251,233,117,33,116,190,129,132,149,207,215,26,42,208,163,134,199,30,88,138,32,87,158,73,246,176,244,167,110,166,182,25,70,20,65,63,232,11,40,161,46,143,209,229,121,153,138,134,251,75,178,12,225,57,22,22,163,16,118,246,13,79,234,156,26,151,71,166,14,225,232,185,130,133,96,11,85,82,168,55,62,245,105,35,199,198,130,36,190,171,254,157,238,54,42,203,163,52,33,113,233,213,71,171,109,84,95,7,79,210,216,72,106,11,36,185,171,114,131,60,189,151,27,121,21,139,250,253,117,227,230,116,168,184,145,210,192,207,76,116,247,161,221,23,117,223,94,70,58,212,116,55,6,192,239,78,232,241,196,120,73,43,195,229,79,25,140,184,64,188,60,249,176,199,155,2,125,131,32,66,98,110,208,199,254,7,145,19,223,194,226,85,246,95,4,124,80
154,62,79,147,126,25,169,255,18,31,135,185,189,146,16,115,77,214,89,45,11,95,248,147,241,181,58,4,213,8,127,184,104,25,81,224,166,56,118,253,217,83,236,11,218,224,132,56,64,206,163,234,14,134,127,51,40,67,93,32,90,167,37,46,45,15,27,91,228,140,192,231,138,13,159,26,13,179,68,40,147,103,6,69,219,247,1,108,153,167,167,53,214,163,44,240,66,231,88,248,165,244,113,222,201,21,250,189,168,158,83,92,115,117,130,13,246,113,86,241,49,185,143,24,15,3,174,206,16,231,142,175,227,128,76,53,29,152,222,143,37,130,190,40,101,173,159,21,187,43,232,224,235,188,176,183,155,206,217,161,7,235,87,243,154,188,218,250,226,245,115,25,166,44,248,170,166,163,137,11,57,37,250,41,236,174,185,136,43,229,7,217,56,176,188,87,250,102,11,67,179,218,148,113,83,83,218,184,248,13,115,24,253,135,165,154,44,184,46,222,69,39,223,74,194,215,8,178,16,91,41,48,177,196,45,48,101,70,45,4,72,74,164,62,100,26,14,225,243,83,207,45,102,249,62,4
65,168,252,138,109,47,179,197,131,199,75,150,243,50,254,226,223,49,220,168,79,183,91,249,196,97,195,154,198,156,57,110,126,111,158,18,26,217,255,146,59,223,166,96,45,18,100,20,200,63,81,86,92,228,116,129,80,228,100,33,174,148,232,246,108,116,240,54,147,9,22,184,174,132,21,199,162,223,141,115,20,199,124,132,236,184,11,153,24,87,245,248,133,96,83,80,92,227,177,136,224,171,216,224,31,63,95,8,20,32,97,170,34,90,110,125,36,195,22,36,119,93,227,140,178,109,1,130,175,59,243,165,112,143,247,96,248,15,131,21,229,245,118,122,50,121,81,164,185,80,175,65,30,180,70,127,106,41,103,200,117,120,206,28,31,234,18,86,148,229,92,13,38,253,125,66,87,53,6,209,118,139,173,73,7,215,194,23,242,20,85,138,166,250,128,217,82,29,140,123,177,139,52,249,96,41,121,87,235,110,246,56,45,223,49,122,118,103,82,205,148,227,124,212,203,158,50,68,178,240,119,215,20,123,249,162,221,8,30,242,237,190,114,121,72,202,84,5,245,242,221,198,242,63,174,127
194,155,15,62,47,239,195,197,105,93,6,29,56,232,198,33,253,233,222,213,143,94,170,222,83,143,45,157,245,198,138,101,60,23,82,43,201,55,236,16,180,112,191,60,234,155,155,221,134,7,31,172,245,202,64,108,194,38,127,42,159,253,255,127,199,219,16,135,174,238,213,134,112,237,73,146,248,211,31,179,246,160,179,114,52,93,142,115,95,134,59,177,74,201,10,0,76,218,241,61,128,165,131,26,164,188,240,84,31,180,78,188,7,200,236,42,31,87,19,220,47,83,113,102,10,218,206,84,137,203,89,80,63,159,127,120,179,241,140,93,188,50,204,40,66,147,59,249,195,244,143,251,205,65,220,246,182,177,251,47,127,18,22,118,99,160,63,241,13,185,145,65,172,219,96,181,251,38,125,179,200,121,219,131,208,111,62,188,139,21,182,23,17,195,200,216,203,225,11,73,219,237,114,80,137,138,16,47,91,138,23,167,136,75,10,86,73,156,106,61,177,144,19,72,193,131,242,174,210,37,246,1,67,28,5,24,46,45,208,46,190,225,216,253,148,46,142,232,51,193,235,18,155,26,48,94
179,226,147,138,164,209,132,146,80,123,145,179,223,90,206,130,5,167,151,210,188,60,49,79,157,174,150,65,145,204,124,60,28,203,105,5,17,217,223,163,67,34,161,90,74,36,116,8,86,225,175,240,169,3,160,239,73,8,122,15,239,169,169,171,240,239,7,140,213,95,158,235,99,21,28,106,225,199,142,186,148,150,2,99,7,202,161,19,240,176,120,42,47,207,231,58,163,97,203,181,143,57,0,52,176,18,192,70,18,156,91,234,89,1,31,100,14,115,246,50,133,192,65,194,154,90,245,131,199,49,108,33,201,105,11,174,92,157,131,26,112,226,146,52,248,255,252,247,123,221,229,151,13,41,9,157,108,111,223,24,9,189,159,139,20,47,191,179,197,218,133,71,81,130,36,224,187,185,150,36,45,155,202,255,91,111,234,33,197,7,226,109,135,182,170,63,72,109,129,124,26,80,128,235,184,53,3,145,155,6,107,142,30,255,137,231,8,196,16,6,66,103,83,172,159,119,126,212,76,187,163,140,246,246,183,183,116,246,97,151,220,212,23,195,50,98,165,187,253,119,132,153,2,13,119,31
140,100,162,128,56,15,33,214,218,203,252,29,158,147,213,163,254,227,67,89,164,209,86,17,147,118,51,137,139,205,235,97,220,72,5,70,83,69,251,194,72,150,221,132,95,2,204,243,9,79,176,255,186,149,251,13,119,169,46,118,175,33,132,64,204,82,91,76,90,146,12,194,76,163,108,230,71,220,249,50,254,114,254,200,211,168,22,89,55,98,22,234,167,86,154,146,3,218,57,209,76,50,200,197,137,157,82,49,114,69,99,65,49,215,81,186,42,181,166,44,208,129,48,56,180,190,111,104,124,158,188,175,59,224,5,42,237,159,252,243,76,144,113,141,37,28,60,130,141,184,42,134,219,93,97,207,203,174,227,236,183,28,109,224,81,239,86,93,150,145,87,111,212,174,87,144,86,164,16,50,153,34,132,187,32,16,208,96,112,193,195,43,213,197,149,247,16,175,194,178,231,152,183,101,230,183,166,164,99,72,30,38,106,241,142,126,233,85,36,87,83,40,86,159,102,148,88,148,233,238,186,82,243,108,57,96,215,246,235,37,82,112,96,178,207,227,241,92,66,180,177,59,12,207,73,94
16,226,235,24,232,180,132,177,191,159,191,81,242,250,46,180,167,91,192,113,90,10,135,235,234,178,165,109,223,35,180,134,10,226,187,2,61,202,250,222,113,14,148,78,68,96,94,96,22,221,93,129,134,109,27,136,145,194,214,157,26,207,129,72,98,214,246,244,235,23,131,8,237,174,60,4,134,35,181,217,162,118,136,93,94,97,150,44,146,18,191,170,134,73,158,203,141,29,211,33,128,171,96,201,249,201,175,215,70,155,55,34,131,87,72,117,109,215,81,134,62,183,190,46,115,157,52,71,171,156,43,138,174,196,161,180,75,91,115,97,198,202,62,4,184,223,11,117,217,63,239,95,115,50,154,53,70,239,123,164,101,47,87,27,51,217,148,129,110,198,50,145,6,201,203,43,155,13,180,21,134,127,45,39,34,191,106,140,50,230,223,210,211,186,14,230,93,116,152,215,216,185,113,140,237,7,23,249,24,42,146,90,128,198,206,95,233,176,183,68,228,129,197,51,0,126,251,244,62,37,108,46,110,124,36,169,23,243,120,141,146,176,161,212,204,69,147,35,94,66,251,163,115,223,149,171
44,75,31,61,101,133,80,73,66,233,237,168,47,88,141,110,105,124,223,183,7,51,41,172,2,198,149,203,255,192,27,13,223,131,99,170,65,31,66,136,31,40,76,218,245,165,83,125,179,236,71,40,103,191,254,145,237,87,190,21,91,101,164,55,223,132,233,224,216,61,213,79,239,180,44,234,14,22,220,117,151,5,168,182,245,44,69,92,214,9,89,133,56,65,100,159,195,179,215,126,10,249,97,128,65,45,38,89,51,1,117,63,24,103,90,137,155,3,38,186,161,41,50,197,54,184,59,224,89,193,41,159,226,244,226,53,174,7,149,101,147,179,57,221,68,187,219,109,179,63,201,188,137,37,106,117,60,94,127,88,44,80,254,188,10,55,226,231,21,50,124,36,208,20,184,98,22,89,229,69,58,96,61,37,94,234,35,234,42,81,115,241,55,149,94,69,219,60,68,26,223,168,130,61,62,21,38,107,180,47,87,98,192,114,84,79,147,234,15,76,231,83,199,78,1,47,91,3,182,85,88,92,19,20,73,39,169,135,187,153,62,94,94,126,20,11,149,117,187,14,117,205,63,92,202,21
242,154,245,8,58,147,29,252,182,250,237,197,111,191,78,117,230,48,71,56,32,125,111,117,16,233,32,186,215,235,84,210,201,71,34,118,253,183,102,159,135,73,248,209,50,74,144,57,18,50,213,210,17,64,141,75,148,86,129,43,199,238,165,183,173,42,139,46,64,181,8,235,16,48,236,120,36,146,249,37,223,9,236,149,133,157,94,246,183,114,61,151,33,12,0,138,115,25,249,203,74,35,21,167,105,189,208,111,102,90,146,217,49,218,96,23,254,247,39,200,51,132,99,165,154,182,141,201,248,203,250,23,10,176,221,206,235,15,28,117,93,141,93,8,215,222,8,254,16,210,188,199,143,25,135,29,10,158,75,246,91,142,171,172,27,79,247,22,139,9,147,145,85,183,8,58,87,3,253,141,98,147,45,29,51,101,248,190,0,122,226,158,12,245,43,124,14,67,119,248,25,196,27,112,214,79,245,129,87,76,84,212,64,9,193,217,110,208,199,42,39,39,87,205,201,38,255,87,92,130,45,79,76,191,94,8,222,9,10,215,228,147,235,168,197,191,87,156,145,133,216,175,193,114,21,228
81,208,15,141,92,124,128,22,237,240,254,41,29,88,236,223,110,171,207,0,26,218,95,89,210,234,34,175,18,107,70,114,150,171,137,204,183,237,133,232,75,190,49,125,126,55,46,185,205,248,206,60,58,227,105,4,64,106,42,222,26,105,114,160,75,155,141,232,151,87,179,79,98,5,6,27,220,161,74,229,161,61,253,24,108,70,240,201,236,181,102,28,155,29,241,204,101,250,127,94,181,203,193,116,212,179,0,71,175,182,171,163,218,216,174,36,171,28,167,130,202,73,199,98,167,165,253,26,2,46,105,144,70,199,137,46,114,60,1,82,8,161,34,197,81,7,98,65,37,167,75,55,227,137,142,82,250,161,57,106,58,235,126,181,1,37,67,1,216,3,137,254,232,100,244,108,220,216,196,239,21,123,86,233,215,3,235,31,32,51,243,140,59,252,200,233,102,225,146,105,122,182,217,226,214,44,169,11,151,22,183,63,19,222,175,66,37,132,12,152,105,249,189,36,66,71,55,107,105,23,39,97,18,171,193,231,246,76,136,107,10,39,78,6,40,90,243,94,13,235,198,43,112,245,69,46
164,2,90,128,163,147,184,147,215,7,7,199,132,20,226,74,207,167,176,118,151,61,207,93,219,29,149,192,239,74,62,124,120,190,60,160,166,19,238,158,123,88,60,244,238,31,132,79,208,247,112,241,26,152,239,180,162,155,151,236,175,40,234,7,6,26,62,116,3,112,234,34,61,70,89,96,163,61,77,191,134,150,68,40,160,250,233,252,9,33,253,174,88,125,197,112,115,153,112,234,87,78,128,120,103,24,126,71,46,110,25,141,130,162,20,42,77,246,9,138,229,241,216,195,107,91,155,99,75,244,228,101,209,238,107,4,172,129,136,196,114,100,241,21,251,79,145,115,244,122,188,166,190,17,13,183,36,187,149,110,187,51,52,100,199,207,96,143,205,121,72,142,47,209,214,243,219,240,212,244,131,164,223,21,173,31,246,198,39,137,12,228,203,13,121,6,36,64,191,114,99,105,169,209,29,247,215,230,253,197,11,102,134,67,51,229,255,42,135,69,10,14,243,222,160,157,217,32,78,185,115,133,154,162,175,136,184,94,32,239,29,143,216,184,80,169,169,188,170,28,139,126,211,149,239,128
22,47,214,170,15,159,171,226,15,148,0,67,65,96,108,161,157,48,83,164,111,147,8,10,30,174,5,109,110,25,5,164,77,16,9,64,112,34,90,212,1,150,5,180,215,145,39,113,66,33,234,185,31,187,244,51,87,229,65,89,28,247,4,243,205,254,149,52,60,112,170,113,1,244,50,229,255,72,211,8,30,114,187,106,12,180,252,53,101,155,170,14,225,77,148,145,178,165,167,50,74,3,153,23,30,253,178,201,168,236,141,117,111,233,235,75,65,100,35,238,110,95,48,30,208,166,94,119,151,65,253,83,155,171,125,55,196,0,91,198,235,144,136,253,100,167,146,67,218,24,212,49,68,72,101,167,196,98,83,31,233,178,170,194,117,70,185,107,224,111,64,177,106,14,133,31,159,193,167,201,139,250,69,49,57,71,83,25,89,125,95,235,79,46,6,232,187,105,152,35,1,16,213,60,169,181,144,118,53,2,184,185,210,27,125,123,20,198,88,176,143,205,40,201,197,88,94,190,188,212,156,107,245,251,11,54,0,24,186,103,33,170,0,55,22,146,120,155,135,72,51,119,64,11,195,103
102,145,96,136,107,3,210,186,35,87,71,107,102,143,251,115,17,100,106,27,230,168,166,111,201,20,176,96,233,154,93,78,177,237,238,234,189,210,221,114,189,212,69,164,230,80,77,108,197,19,169,130,11,224,190,221,144,180,4,241,13,248,95,122,138,175,206,141,243,4,51,28,198,48,52,56,78,182,255,230,140,6,154,189,151,150,115,50,0,7,131,57,80,63,63,233,65,252,218,247,160,229,173,77,166,37,200,170,70,11,176,246,153,111,167,69,182,231,147,255,28,47,51,121,180,80,4,108,225,210,136,144,93,177,5,241,76,148,236,138,73,192,250,220,214,87,196,204,48,191,52,130,7,160,168,233,53,159,22,85,29,211,206,134,46,20,7,84,253,177,37,14,251,22,244,159,190,51,229,127,87,64,28,46,216,94,199,130,135,190,232,241,178,167,165,181,3,107,116,114,92,40,220,15,161,122,180,54,46,247,104,79,145,133,250,119,247,107,220,158,71,127,127,132,198,37,14,240,125,241,229,55,226,112,37,126,77,216,67,125,151,229,88,71,96,212,165,164,169,219,20,154,113,112,100,198
138,51,232,85,246,110,40,190,160,219,209,78,56,206,174,139,87,56,6,8,26,166,72,104,131,206,123,178,13,219,92,151,216,78,43,131,55,120,170,69,254,207,34,41,242,9,250,54,243,236,95,253,107,93,42,137,219,219,99,140,111,47,228,218,58,142,43,49,29,157,62,217,249,112,63,137,52,75,52,74,17,190,10,233,145,231,217,6,133,66,183,113,137,123,22,201,23,30,164,177,70,194,227,21,15,173,253,251,214,94,72,113,250,16,224,66,45,244,109,122,212,33,31,246,158,83,123,44,154,165,255,110,115,182,72,151,55,174,183,184,116,71,253,158,117,63,120,192,105,187,66,160,2,253,52,248,232,60,37,246,143,234,68,13,17,192,145,154,57,5,146,40,203,138,27,227,207,229,139,148,95,66,36,136,68,9,173,192,100,42,21,156,165,0,125,179,15,210,125,166,71,63,98,73,14,105,27,177,251,116,154,255,135,113,71,162,85,249,126,231,219,45,133,142,68,2,153,248,72,77,31,85,213,50,58,180,3,15,14,98,137,72,209,44,2,22,100,116,156,104,27,165,113,46,150,110
207,111,198,203,212,115,51,100,17,21,172,54,157,224,77,226,161,251,233,178,77,244,3,39,209,193,192,210,232,175,5,125,39,248,29,45,65,170,92,59,205,146,47,128,61,146,56,218,121,48,64,129,73,97,217,35,229,163,170,82,35,141,6,103,147,78,171,127,207,106,17,40,220,2,127,88,63,89,25,121,3,70,129,87,161,159,195,156,181,151,58,145,159,29,148,5,98,127,228,74,66,72,190,7,158,148,107,214,209,139,185,213,128,84,246,234,122,86,94,250,220,160,66,21,155,194,188,112,138,160,175,43,210,62,184,84,212,28,118,141,56,203,177,91,66,12,25,78,133,206,148,154,243,21,161,182,156,7,15,204,174,113,103,253,89,185,88,252,17,14,190,124,83,124,34,169,234,130,159,148,226,31,247,192,179,98,36,228,164,100,35,251,74,9,9,43,46,212,132,103,98,142,74,160,0,202,151,98,12,176,224,83,7,243,150,182,108,180,210,157,37,201,169,145,125,160,166,72,223,30,186,96,151,187,244,84,36,249,146,153,141,8,233,251,255,253,72,102,55,91,214,67,75,190,73,101
112,213,150,42,193,125,75,114,253,219,49,28,243,62,198,192,143,128,121,173,170,228,20,37,144,5,195,107,146,0,148,215,79,78,68,190,22,39,123,86,199,90,166,134,248,190,21,15,232,242,59,185,13,20,241,82,175,196,146,142,179,6,35,93,246,52,242,128,45,4,201,178,21,134,248,120,76,110,18,228,208,206,22,138,35,95,9,157,72,202,153,164,187,156,91,213,8,11,105,9,20,51,32,29,203,66,183,87,240,181,82,48,55,145,205,192,110,85,64,82,177,118,34,31,195,26,87,143,74,251,13,212,203,58,59,57,56,128,231,238,238,93,22,220,191,143,208,92,201,237,29,50,25,52,127,95,39,231,164,60,141,58,19,184,46,6,38,107,82,115,244,100,5,250,153,239,164,12,122,200,162,4,13,191,159,142,227,226,120,125,30,86,57,154,84,73,89,129,7,12,103,18,140,142,69,212,224,156,162,108,81,27,119,159,205,135,69,189,37,35,248,28,130,226,171,209,48,69,93,127,64,228,163,6,218,163,175,134,48,138,118,220,81,68,205,159,219,199,213,200,29,147,197,0,152,83
71,82,168,43,38,255,55,236,216,222,240,162,129,191,228,82,224,72,52,164,211,0,247,206,162,140,91,55,226,225,56,149,161,107,4,163,5,102,235,78,98,102,155,206,104,168,250,15,182,160,196,221,105,158,203,123,184,115,214,182,93,145,125,232,175,235,222,34,148,21,5,72,50,113,8,234,59,121,153,9,32,67,49,106,239,135,135,237,25,42,85,17,119,104,196,30,60,103,115,101,7,229,215,237,251,237,214,109,77,63,5,128,48,229,234,97,157,41,53,71,159,234,196,234,233,207,203,202,246,185,206,97,219,112,231,187,158,190,252,210,157,19,182,143,127,16,34,223,189,254,121,99,167,218,84,192,179,6,35,233,25,239,171,204,92,251,181,231,209,234,149,234,165,155,114,204,63,70,138,223,168,117,241,44,192,18,197,33,91,125,215,220,206,94,213,133,224,121,188,137,190,72,64,252,178,85,46,145,16,25,142,96,211,186,179,46,228,167,219,36,101,167,198,242,159,146,175,133,234,229,75,81,172,82,17,145,44,30,255,144,145,102,165,138,122,208,27,73,147,134,238,217,247,28,254,193
86,122,158,5,154,133,64,127,115,35,116,154,81,140,85,103,45,145,124,17,227,104,51,16,201,163,127,89,115,127,24,252,30,67,74,20,126,191,0,212,3,93,117,32,227,142,70,161,12,105,27,48,4,244,33,127,35,189,220,105,46,30,128,230,72,98,113,229,56,232,231,144,33,196,189,204,94,182,161,217,124,110,237,196,128,77,10,56,161,136,247,125,233,169,231,69,148,229,68,111,14,118,221,27,3,72,63,126,121,168,103,20,59,180,16,111,213,175,84,105,249,33,233,20,225,68,75,166,32,1,226,198,203,135,14,24,219,141,139,159,240,86,108,244,23,245,140,206,48,196,157,193,92,175,126,12,240,117,220,28,141,168,243,214,204,234,46,38,37,126,62,216,175,219,231,62,98,226,85,250,51,93,178,11,198,103,106,137,194,64,211,249,114,128,0,94,255,121,136,248,143,95,11,215,68,35,117,222,179,247,85,188,70,170,227,12,204,64,208,161,125,1,194,177,102,235,74,252,71,157,164,210,125,145,216,177,141,153,53,229,22,41,235,52,140,232,66,227,108,114,236,92,245,162,46,163
103,244,138,143,9,59,110,4,133,227,163,165,167,192,118,243,212,77,173,46,75,252,122,198,180,18,41,26,230,52,152,46,234,58,248,209,19,224,183,71,82,19,149,160,74,251,228,91,0,199,180,226,43,73,201,192,72,253,192,193,107,179,252,133,154,166,44,29,250,74,175,176,123,172,191,130,117,60,210,231,181,7,59,33,226,141,159,229,17,247,237,46,207,252,130,99,125,39,66,203,152,135,222,147,42,95,18,59,156,79,227,15,37,79,166,172,189,53,122,3,52,189,179,101,29,155,120,170,192,37,227,195,253,162,5,20,17,177,145,231,27,147,219,68,190,209,80,18,140,233,143,201,65,31,125,49,140,165,231,135,102,252,72,12,18,238,136,22,40,247,51,146,111,169,177,156,13,43,77,182,97,88,108,5,25,72,252,113,129,211,231,47,213,56,48,69,196,31,251,241,41,43,165,9,149,251,172,129,182,229,156,157,203,51,166,2,208,25,167,190,130,33,23,194,191,123,111,94,124,157,210,168,219,100,176,99,77,209,250,0,128,88,235,23,204,196,222,0,236,190,231,173,54,12,147,162
145,177,14,247,52,56,239,91,37,168,118,238,62,209,62,123,172,25,132,2,96,3,221,87,69,12,89,69,196,89,118,196,134,252,137,254,44,148,139,154,38,127,45,255,8,213,143,81,3,91,189,247,168,81,212,156,223,130,210,41,90,160,43,139,71,35,26,182,86,73,87,0,177,163,231,58,16,177,56,133,131,166,165,243,101,99,169,9,201,226,197,129,234,195,173,214,17,165,2,197,205,37,107,58,101,207,22,162,21,159,10,159,100,114,152,20,6,163,53,234,170,132,82,201,247,140,201,219,198,124,14,98,55,222,173,54,154,193,233,213,23,203,168,195,178,5,184,196,141,65,83,15,55,78,250,95,143,149,86,166,102,223,8,252,143,230,145,79,12,164,189,251,242,50,105,153,147,28,120,76,249,216,196,183,143,194,139,103,88,228,141,114,46,223,78,166,207,70,39,96,99,249,207,46,107,246,74,178,119,181,203,199,91,25,145,227,190,60,240,23,229,140,51,170,240,87,82,168,123,62,206,183,76,48,34,155,92,45,116,93,76,167,81,237,245,106,3,156,81,215,23,150,162,145,96,250
10,113,134,112,30,189,195,150,127,169,223,27,36,127,104,36,178,182,146,45,126,74,199,153,59,100,225,191,84,174,163,213,88,8,5,82,64,151,155,160,75,118,105,21,40,148,221,117,82,88,31,81,135,146,124,117,241,155,110,144,36,247,10,120,110,204,72,135,249,2,15,222,187,124,230,62,146,204,90,25,86,200,222,92,132,248,200,191,44,186,128,206,215,228,129,97,241,157,252,155,71,46,71,152,128,30,103,75,79,132,53,21,245,201,46,8,168,14,132,112,187,118,155,40,189,126,24,1,141,97,34,127,245,111,228,212,52,39,231,103,206,104,155,198,222,206,54,133,39,10,37,143,29,76,41,84,166,103,139,175,80,90,186,140,89,189,138,10,252,44,42,26,150,71,204,227,111,138,19,60,168,23,178,102,100,42,72,97,106,172,99,216,226,7,79,227,219,195,97,116,121,60,188,23,194,138,7,73,117,100,35,44,142,19,162,80,244,65,121,197,32,154,10,226,150,101,59,76,137,115,76,252,3,9,223,153,137,109,43,81,43,164,4,147,169,79,180,230,83,125,54,148,194,191,65,113
130,118,225,202,160,21,51,161,217,216,234,120,201,87,45,191,86,88,38,211,102,81,102,142,171,15,164,97,213,107,159,189,39,35,79,153,38,99,21,220,117,205,102,218,239,184,177,43,138,240,62,25,9,186,86,54,119,137,236,57,207,171,222,122,47,26,235,253,112,215,220,53,51,52,177,142,133,53,240,189,76,25,13,20,251,222,52,178,3,126,82,65,70,64,147,157,170,251,252,8,44,41,97,185,140,52,230,84,180,103,5,236,63,251,199,18,173,212,222,225,156,241,194,70,53,29,230,234,109,81,11,238,58,121,100,241,247,155,159,54,167,34,152,89,227,111,99,144,50,40,174,71,200,190,99,46,221,218,24,169,191,185,118,9,184,72,187,153,160,201,143,214,48,126,103,42,128,195,245,16,197,144,59,89,148,188,55,160,88,158,16,114,47,179,165,68,214,201,181,235,230,147,9,112,103,45,4,26,2,203,53,99,67,160,67,23,212,193,222,201,12,120,126,6,131,248,194,236,56,29,197,3,169,126,74,51,149,2,71,232,102,98,83,127,82,58,232,231,38,18,62,57,99,212,191,80
143,253,254,249,80,54,177,20,129,249,220,48,85,159,68,17,79,92,105,228,226,59,9,66,139,235,237,23,163,107,59,162,236,89,156,148,57,167,134,222,91,83,10,202,221,185,142,114,178,175,20,92,127,151,196,165,77,226,156,193,132,238,234,226,174,172,194,117,71,220,2,53,49,216,91,93,118,70,102,22,115,254,150,113,21,7,92,20,150,135,244,125,47,177,33,175,10,100,155,156,168,10,84,248,130,77,33,183,56,0,105,154,87,205,52,146,61,84,104,236,234,178,81,13,160,88,214,116,144,170,177,181,206,130,229,77,152,120,112,138,44,197,4,16,39,5,145,69,59,124,55,190,12,183,122,113,47,160,43,137,176,169,74,222,45,216,167,184,238,99,212,250,44,15,5,226,212,248,74,57,108,149,159,167,209,234,91,20,161,88,248,101,131,105,164,182,35,37,10,246,216,224,80,222,31,39,116,144,250,227,67,248,79,159,156,80,154,23,169,70,34,104,248,237,97,81,132,196,244,233,146,146,255,196,176,160,226,188,35,12,239,175,96,245,134,163,116,122,69,86,253,68,108,188,47,207
38,118,115,210,146,68,49,118,152,7,124,181,108,233,28,195,145,18,118,157,53,229,54,229,123,245,221,129,217,5,67,188,234,125,90,217,229,151,44,67,0,232,67,111,102,69,157,214,251,116,150,197,32,39,102,191,122,98,135,1,132,25,119,239,29,125,18,122,94,105,215,118,122,28,169,28,248,99,10,24,14,253,164,22,49,136,204,11,185,102,192,199,142,163,138,172,187,149,44,255,25,56,31,225,17,132,137,100,153,53,31,33,52,175,35,104,185,229,239,175,232,107,82,61,222,44,157,220,148,97,110,230,135,122,66,68,78,106,13,115,16,95,235,72,142,50,119,159,239,74,70,125,37,233,228,41,79,12,59,14,116,112,135,206,218,127,197,65,211,147,231,25,44,245,175,156,185,25,255,24,150,68,121,238,121,49,151,246,102,80,78,246,102,243,243,159,209,206,216,223,58,151,195,25,247,162,25,192,5,71,207,105,251,255,106,213,19,227,245,138,143,197,107,25,124,238,87,42,146,232,39,122,250,103,5,162,184,123,37,84,60,75,157,74,187,24,19,226,183,65,42,106,92,112,182,240
199,198,53,238,210,204,189,115,56,186,12,135,107,163,230,57,35,122,68,112,102,16,18,126,125,214,17,29,81,32,24,107,180,233,98,70,189,176,114,252,70,204,98,11,75,220,169,34,73,22,195,10,93,46,185,170,19,173,122,67,128,209,151,18,24,238,65,252,162,76,78,108,42,208,9,129,44,162,114,3,248,16,194,212,130,94,239,6,24,227,65,234,144,22,62,75,122,229,104,70,4,80,238,65,65,171,95,21,240,19,122,29,124,164,251,117,214,229,98,138,191,175,61,96,155,156,180,115,164,16,235,214,180,37,50,7,215,249,200,82,95,129,28,197,218,77,252,112,178,191,59,133,253,14,160,81,240,245,28,253,17,130,115,172,205,116,167,203,229,214,174,66,144,160,131,19,221,233,4,169,124,83,213,74,131,183,213,220,102,52,231,67,80,206,130,178,43,220,48,57,128,149,27,50,167,154,218,181,127,176,0,213,19,235,106,88,70,153,161,183,114,157,133,87,20,191,100,226,89,245,208,86,208,88,146,195,71,46,56,254,14,242,151,134,133,49,16,71,31,104,119,62,212,32,68,36
179,71,34,192,74,169,208,57,141,195,34,153,253,153,171,75,80,111,174,19,113,172,151,168,56,176,138,244,202,14,161,177,176,55,44,52,63,213,167,58,36,5,10,129,128,18,104,61,251,232,248,162,71,141,109,28,89,72,181,207,91,106,180,203,148,173,49,46,147,199,91,136,186,64,54,155,8,194,12,238,209,40,234,175,98,46,104,202,159,94,68,72,241,152,84,153,92,76,235,133,124,135,9,201,118,207,13,122,25,213,29,17,100,6,74,172,76,160,172,160,198,24,139,231,127,66,75,218,101,183,18,230,60,32,225,35,249,101,22,75,130,60,138,68,223,23,107,44,146,180,205,100,142,26,18,45,28,154,28,254,192,185,66,151,146,205,174,167,226,241,160,136,178,96,34,115,173,35,213,47,132,4,173,74,211,2,67,4,214,158,106,171,97,218,101,91,162,125,144,20,60,87,125,231,215,98,168,233,182,25,103,44,224,247,209,94,122,61,180,155,4,82,195,74,144,64,96,50,202,117,96,90,79,99,95,179,192,212,252,166,67,4,74,115,61,27,89,243,103,212,119,26,121,1,225,246
45,104,118,25,144,240,103,231,118,136,237,137,28,169,164,28,32,168,165,105,202,88,163,237,213,79,236,210,218,25,188,160,249,113,88,111,18,36,198,126,189,70,73,77,189,35,246,72,98,208,140,189,135,116,246,244,170,1,84,193,151,240,148,9,145,63,147,95,183,180,143,61,250,177,167,36,245,136,162,58,140,140,172,13,240,235,130,156,64,107,37,245,163,146,246,92,162,64,166,215,206,193,52,47,212,198,205,159,163,53,222,113,238,78,166,3,61,170,104,18,21,200,129,28,20,31,116,56,146,183,48,236,29,88,58,221,202,52,27,212,188,181,111,130,186,47,155,7,170,91,96,3,255,155,121,103,3,151,10,99,54,60,242,239,207,153,210,127,21,1,82,110,20,61,108,207,39,207,213,124,137,24,207,87,141,172,81,33,186,78,18,230,53,137,223,250,152,25,57,89,70,96,30,74,201,172,200,227,112,38,100,65,50,146,154,184,71,125,84,240,145,178,207,134,203,40,204,84,62,182,109,58,94,70,52,161,77,145,11,117,243,11,224,42,217,24,30,218,69,37,252,91,89,229,186,54
2,177,149,244,84,50,40,238,86,217,40,176,153,204,212,203,134,120,114,20,86,115,35,159,69,133,86,148,244,50,77,183,68,174,145,177,87,16,105,255,91,86,254,212,247,197,34,22,103,171,106,3,85,153,209,199,95,104,244,242,21,49,101,215,10,44,89,227,106,91,141,156,123,217,38,254,222,136,7,202,56,20,49,229,83,6,39,70,30,42,232,64,86,63,149,149,202,230,44,17,76,153,17,95,111,0,130,179,213,202,32,229,3,171,143,25,174,238,190,131,55,96,27,9,137,222,57,2,186,247,244,249,91,205,208,208,71,136,18,90,129,246,241,120,135,131,187,182,226,178,115,223,55,137,70,156,125,60,98,51,162,98,254,79,71,161,194,38,49,212,165,47,238,36,196,52,238,226,84,239,222,54,162,66,214,86,177,189,232,244,222,138,167,235,48,240,78,238,154,98,90,13,246,30,81,159,251,87,116,66,43,161,136,40,166,151,48,48,163,59,49,51,154,143,43,0,25,121,111,42,113,187,187,227,134,214,75,216,82,120,12,51,1,207,186,65,57,218,73,201,165,237,172,209,96,172
42,168,174,16,86,42,171,67,200,74,121,101,205,154,50,65,217,66,91,210,165,204,171,112,57,143,107,174,174,70,156,46,162,243,74,53,159,241,115,7,31,15,248,55,114,122,147,87,150,7,163,102,112,194,181,77,70,229,236,244,118,80,125,80,31,57,206,20,80,73,126,113,84,225,107,236,175,199,86,208,79,14,253,12,241,123,27,208,82,243,38,229,250,160,134,163,76,54,57,85,174,217,84,24,105,107,148,69,26,102,109,197,3,97,218,106,215,214,177,19,17,213,7,165,97,23,55,229,22,108,132,209,184,4,245,45,38,160,41,250,178,245,27,241,207,32,246,184,79,184,184,186,252,152,34,228,174,131,54,122,65,186,50,184,22,9,179,245,64,65,245,84,229,181,1,228,17,238,4,123,115,193,253,45,21,14,147,68,202,61,132,146,175,153,20,45,94,21,70,243,2,179,84,4,158,176,194,13,208,129,81,177,124,19,1,208,228,237,75,60,200,236,105,140,29,35,152,236,12,143,14,145,33,61,13,189,39,86,190,120,167,163,85,221,216,244,53,81,6,208,223,133,253,239,158,15
30,89,21,172,22,6,97,73,64,35,114,68,192,17,4,203,25,24,141,180,208,168,241,254,16,82,215,70,200,89,193,110,31,0,252,161,20,15,227,179,174,225,179,244,39,189,228,94,193,97,48,187,96,155,114,95,137,165,56,172,104,242,122,197,231,156,189,16,33,17,73,154,247,133,189,201,178,221,230,184,226,66,173,234,115,60,153,61,137,234,234,221,232,132,174,71,229,7,165,12,188,67,103,65,184,155,126,18,126,70,63,23,205,165,21,5,78,102,112,152,66,10,217,155,215,185,117,158,174,111,8,207,52,91,140,147,211,19,239,153,141,225,113,201,47,71,235,95,173,75,31,4,176,186,3,224,158,241,80,94,114,141,19,108,251,61,235,111,244,192,119,216,156,177,154,64,37,8,217,140,73,238,163,163,105,104,212,214,14,185,82,24,78,105,95,157,195,2,161,93,136,79,132,141,36,52,19,45,130,204,200,247,91,148,101,92,248,47,23,247,78,5,10,209,12,158,55,148,240,71,44,203,85,67,11,28,85,71,252,246,228,143,208,138,183,24,109,195,17,2,80,79,243,208,222,67
152,169,131,18,67,214,219,225,235,132,191,193,9,7,239,196,125,15,132,30,254,131,17,210,53,212,144,153,197,54,229,236,143,4,240,228,228,176,73,229,98,53,238,110,239,150,225,1,127,60,108,59,34,226,116,184,19,102,221,228,169,50,156,209,16,135,250,22,31,33,126,20,37,51,178,119,54,191,71,45,0,169,150,38,35,51,94,228,84,203,155,223,44,130,39,25,233,143,242,112,10,248,204,177,84,194,120,216,81,76,64,87,73,16,235,130,145,243,36,54,1,26,170,84,252,77,145,250,87,24,80,253,121,154,70,66,147,76,108,115,203,73,153,143,149,78,80,105,70,161,213,128,84,83,97,192,147,76,172,215,178,233,253,18,207,236,10,124,25,51,164,0,13,5,170,8,182,201,51,181,4,58,18,147,149,104,124,172,103,12,198,239,8,157,152,173,116,173,226,100,126,138,185,17,37,107,129,95,199,16,52,18,6,164,18,93,209,53,86,154,184,102,125,179,56,160,33,175,198,167,168,27,48,196,246,250,38,151,0,103,99,138,148,64,169,92,218,6,79,238,241,74,32,156,19,225
206,239,15,218,62,210,124,147,168,7,81,153,19,215,6,190,188,146,197,206,26,216,126,184,94,107,240,198,29,208,126,17,146,65,255,154,15,55,96,201,246,185,79,14,53,100,95,66,106,246,97,233,156,95,140,193,12,67,137,230,142,99,73,73,101,128,24,3,163,129,107,84,118,156,24,23,108,42,61,157,151,90,104,223,227,75,238,129,29,167,160,35,173,101,13,88,48,230,150,178,80,67,156,245,119,127,225,102,67,124,22,254,211,222,132,205,115,189,98,42,218,18,31,48,253,147,176,223,196,185,119,70,252,193,178,234,127,177,116,190,254,25,57,214,122,53,67,192,248,253,2,178,68,158,124,106,127,109,33,136,208,86,212,44,34,43,226,62,191,135,151,230,154,180,43,108,172,116,133,120,131,247,79,108,49,231,80,116,249,62,225,118,130,228,141,143,64,44,196,224,153,67,206,187,64,190,53,111,109,18,117,145,9,134,231,207,236,169,223,220,4,99,25,187,245,49,82,243,236,95,235,99,39,29,175,213,234,229,147,99,171,208,79,9,195,119,136,76,230,197,169,203,70,10,160,86
148,240,163,243,97,0,214,39,32,131,79,31,99,247,120,241,131,243,207,64,12,29,91,11,175,134,219,127,34,132,255,49,223,44,188,66,140,227,6,76,15,41,18,81,235,152,236,183,91,89,129,156,123,212,203,0,207,81,165,182,84,227,124,237,30,35,254,191,29,197,227,39,84,162,73,233,44,139,46,175,224,30,96,134,43,214,140,115,146,65,39,183,59,75,31,105,115,125,66,190,125,252,23,178,57,160,181,36,130,26,87,131,193,223,204,52,101,241,238,194,76,251,176,78,221,112,173,209,239,147,68,8,88,27,185,43,16,250,140,96,31,21,63,26,254,110,10,237,34,235,239,218,221,38,44,9,133,112,195,215,250,96,93,60,59,164,145,50,154,157,178,136,158,202,2,156,83,107,36,110,32,75,97,66,93,20,224,14,242,250,110,250,16,17,32,89,180,80,136,4,58,208,109,193,65,20,91,48,10,76,11,160,121,223,88,27,149,39,17,178,142,172,10,29,147,170,103,193,61,114,10,127,231,32,145,98,135,146,103,65,107,168,28,252,224,249,43,96,67,12,240,175,27,98,126,189
221,226,185,31,106,200,212,14,19,127,54,184,17,139,62,181,54,169,218,130,120,183,153,146,222,18,81,78,173,12,1,37,240,216,82,129,188,69,203,17,110,16,184,246,209,168,91,61,247,140,194,190,72,95,73,207,246,36,12,179,130,164,228,136,129,28,193,218,162,69,236,8,236,28,203,102,183,22,52,207,100,191,184,220,144,157,82,46,231,242,193,123,189,154,117,199,2,36,247,135,201,43,36,74,219,16,95,24,2,123,181,171,27,115,186,30,206,226,222,4,112,126,184,24,110,14,7,91,40,214,134,81,178,250,17,175,96,195,79,58,168,227,233,129,76,44,101,77,251,219,173,19,163,28,199,197,66,246,12,115,253,126,38,207,92,45,141,250,121,171,191,250,132,153,247,212,124,8,145,141,191,239,143,69,203,216,220,228,123,26,131,10,89,75,107,138,65,189,11,101,244,222,218,156,59,233,144,244,212,69,122,108,252,161,14,172,141,180,6,252,54,49,129,195,113,95,101,1,1,104,228,136,234,158,20,158,241,223,88,31,225,129,249,168,197,62,59,107,125,231,226,207,255,103,42,10
205,19,185,190,15,136,71,26,32,188,159,88,8,161,155,142,68,183,134,122,216,207,9,60,155,129,92,146,250,2,147,68,47,91,128,171,72,242,95,157,208,173,144,13,28,66,114,248,57,215,68,196,186,35,136,109,154,163,186,2,218,79,108,129,232,71,231,90,8,30,75,252,230,25,66,4,118,168,163,224,192,42,198,41,45,164,112,143,44,254,96,91,108,11,98,46,243,88,91,15,32,176,106,224,131,194,190,242,143,247,160,217,127,71,176,152,5,88,57,46,168,43,142,222,20,73,221,34,249,141,186,26,162,28,229,30,207,107,175,105,8,72,92,17,236,190,159,182,119,133,123,195,205,37,221,198,20,216,243,204,122,17,236,199,109,117,95,35,255,177,16,118,30,39,193,198,1,35,214,50,22,212,117,245,210,64,88,236,83,243,145,71,74,13,197,240,86,222,243,1,90,52,211,93,152,88,52,105,218,134,175,75,3,232,144,120,251,122,141,188,47,119,182,243,208,157,115,94,172,1,15,89,10,218,212,71,26,234,79,82,99,204,184,239,132,57,5,13,176,237,147,241,150,232,227,142
6,109,99,180,13,209,240,226,6,205,243,236,115,7,9,112,124,78,243,139,161,7,200,27,47,148,239,113,37,24,120,174,218,150,136,248,111,162,191,77,16,182,30,51,178,185,159,211,135,174,112,173,119,178,202,13,135,13,236,152,164,54,93,242,162,46,77,166,88,48,38,98,12,233,139,184,112,66,85,28,62,61,216,36,140,110,134,5,160,129,107,1,38,66,2,98,221,166,181,254,184,10,118,78,76,49,36,82,64,218,27,175,6,19,48,195,206,213,225,116,61,251,227,194,246,108,25,137,9,10,226,46,212,117,241,221,64,119,97,215,24,162,109,195,212,219,240,145,110,184,59,139,227,85,91,19,136,138,234,177,162,178,90,153,149,26,37,146,74,55,57,127,170,63,129,66,136,110,218,60,15,101,254,36,11,101,137,125,186,78,4,157,178,226,29,186,190,234,149,141,86,122,89,182,131,6,25,39,12,94,14,133,97,94,198,212,11,140,42,95,246,197,2,43,253,174,95,125,231,196,149,229,31,28,164,81,70,254,43,75,235,55,139,187,212,135,167,13,112,86,115,107,224,5,100,78
55,201,249,133,128,76,145,117,216,126,159,70,131,156,198,164,12,69,97,118,52,93,74,61,161,243,89,6,219,167,1,98,192,147,185,77,118,198,80,71,102,221,2,18,69,2,238,199,34,250,86,29,166,255,34,82,116,13,19,220,202,204,59,68,21,59,80,187,167,90,13,71,229,204,35,78,154,30,159,82,20,247,215,173,84,84,239,174,240,59,12,190,67,35,12,205,203,94,137,104,210,84,55,0,196,243,20,123,199,3,17,55,170,13,128,82,130,202,245,33,21,185,195,129,153,214,250,48,66,252,63,241,254,32,87,197,235,228,229,85,240,71,30,90,145,248,208,6,26,177,140,139,179,43,147,213,135,216,197,127,14,189,201,83,59,187,237,160,29,72,210,0,101,251,13,48,2,230,18,58,132,78,235,80,40,97,197,163,246,90,235,167,231,206,142,236,70,226,93,27,188,138,166,192,206,100,168,42,38,239,18,233,168,238,61,147,212,140,49,230,32,131,9,105,113,72,164,94,110,167,200,165,108,221,242,37,87,211,94,222,190,155,7,248,148,167,42,31,44,252,237,108,245,126,94,136
107,102,221,17,23,144,190,53,212,69,186,91,15,147,183,166,148,147,90,85,166,127,126,178,65,3,221,248,61,124,199,202,1,102,165,103,193,121,20,142,63,93,234,56,35,218,158,242,103,133,132,31,113,52,150,101,8,97,201,41,251,125,190,15,96,17,151,69,151,20,2,207,187,165,224,86,106,31,179,168,169,169,177,116,155,112,206,231,177,117,93,210,75,174,145,173,231,42,231,139,244,6,132,40,141,196,131,195,135,3,199,131,248,199,119,222,84,81,79,215,26,226,219,85,147,245,79,98,66,82,204,200,60,28,102,114,0,178,197,109,255,184,77,193,69,61,172,219,158,214,22,130,140,146,170,219,148,118,94,17,195,227,248,84,31,75,124,140,89,138,114,171,54,96,77,160,10,248,249,11,81,150,44,222,246,3,89,19,230,165,118,231,240,40,115,173,242,19,110,91,195,132,100,118,195,240,210,140,134,14,138,249,138,140,238,152,169,88,61,53,172,180,205,139,163,205,202,116,244,140,165,144,212,231,8,128,169,230,2,134,207,235,163,44,6,215,157,124,148,67,97,86,222,109,165,176
75,8,18,42,236,197,239,99,165,251,52,72,99,67,109,148,133,76,233,91,41,144,101,74,152,64,37,172,122,182,178,114,120,211,174,184,108,104,196,213,228,29,242,177,31,234,18,107,169,64,100,68,32,113,112,80,132,247,210,37,228,50,22,155,226,45,251,183,51,106,76,221,187,175,227,121,123,170,21,63,189,162,18,48,184,9,209,49,218,2,23,32,175,53,160,40,218,174,189,254,162,88,208,232,45,60,218,136,251,227,126,165,125,107,167,219,105,105,67,111,47,144,227,170,147,151,98,25,4,248,225,38,78,217,118,214,188,208,109,71,102,22,253,79,235,242,14,201,208,100,174,173,164,27,63,197,192,44,17,16,76,88,160,190,236,12,139,37,203,103,44,172,134,131,140,232,107,115,122,35,83,222,182,99,123,53,126,109,4,104,133,203,129,152,84,127,77,65,44,163,179,180,90,61,31,139,144,47,70,34,53,133,33,186,44,247,255,173,28,104,4,92,7,40,238,143,62,205,61,210,51,3,206,168,156,113,95,56,107,14,170,220,138,58,175,66,249,215,135,93,99,23,239,239,238,6
242,28,78,23,80,230,207,111,11,172,196,79,177,115,207,108,254,228,226,26,57,46,199,46,80,183,178,79,94,16,1,183,154,109,107,206,73,255,7,124,223,34,82,37,218,25,142,204,220,132,54,135,123,219,51,52,179,226,136,127,37,237,23,135,47,36,31,139,231,244,197,54,4,157,136,48,227,229,255,63,206,140,84,142,75,204,23,214,180,202,153,187,53,162,230,124,62,167,252,2,175,61,164,216,150,18,202,73,171,67,76,136,85,219,62,2,87,53,143,106,210,90,130,44,28,192,198,9,233,117,91,165,188,109,21,61,237,242,45,145,17,52,171,189,194,232,179,120,129,175,129,182,17,254,9,201,213,6,248,35,216,101,89,201,185,109,0,12,201,113,85,63,208,62,58,152,155,158,47,6,0,89,231,115,222,54,90,149,163,26,236,131,173,172,31,167,59,90,149,207,152,91,3,188,3,83,161,25,223,12,126,80,228,95,154,144,145,222,250,93,227,159,245,124,63,4,183,22,87,190,190,102,154,154,179,73,190,131,46,219,14,212,242,78,135,134,106,217,44,141,186,121,118,50,117,11
86,183,145,79,88,146,159,88,57,182,226,155,231,64,167,46,214,225,179,195,138,179,95,219,238,112,113,167,66,250,14,245,58,38,68,9,193,209,113,186,81,168,27,82,254,130,193,161,156,222,77,162,253,118,112,5,234,124,109,41,255,2,62,20,215,48,71,242,68,50,23,107,157,36,99,31,245,241,94,5,38,145,151,233,184,221,109,54,227,185,176,237,53,3,119,70,43,232,77,104,219,138,216,162,123,252,157,139,128,71,111,66,112,28,98,143,104,17,160,31,108,161,101,218,228,135,28,196,82,120,175,60,2,106,71,166,167,129,172,109,163,2,35,150,62,76,143,84,101,136,193,103,84,23,17,73,172,174,253,234,106,140,199,89,117,245,187,108,70,61,15,61,78,210,201,46,93,27,40,170,156,148,2,111,59,184,60,134,245,251,253,196,213,24,227,175,27,58,235,218,143,213,226,11,50,220,164,90,116,92,165,153,104,153,82,115,103,85,215,225,147,182,235,51,12,170,251,182,68,180,43,151,230,156,193,12,180,216,166,236,73,242,144,41,137,164,16,85,190,7,37,242,85,213,141,43
201,115,43,246,97,178,228,93,56,221,27,38,155,37,178,97,191,57,195,224,112,56,187,180,108,73,222,14,183,12,180,136,156,68,118,45,85,236,46,90,253,4,63,74,199,198,22,32,25,94,33,212,77,190,224,207,128,22,47,252,84,180,230,104,128,48,120,193,103,133,74,170,145,140,250,152,80,142,149,2,242,12,106,83,254,104,243,239,139,192,224,120,133,67,160,219,51,30,69,126,140,125,108,112,18,61,48,74,247,65,37,120,223,235,155,234,12,160,143,85,20,200,231,60,147,119,231,243,63,4,157,166,171,119,90,151,9,158,82,180,227,131,36,156,103,72,76,30,78,132,108,90,32,92,127,32,180,234,200,101,143,69,24,170,49,49,81,5,160,221,67,91,225,181,58,181,143,3,158,159,6,121,108,162,90,246,71,82,142,90,4,143,205,247,63,1,130,88,130,179,151,49,169,16,127,246,110,129,68,174,8,169,78,71,141,114,44,84,80,22,144,22,133,228,56,178,80,203,93,3,180,213,249,29,250,234,176,41,138,141,123,160,64,76,112,153,6,135,101,17,16,146,148,47,54,27
122,114,212,37,223,141,83,75,70,207,4,28,111,69,87,133,145,39,220,177,72,136,162,107,103,197,183,135,151,36,225,89,195,145,151,188,34,43,50,223,252,89,161,150,198,196,235,73,145,10,195,38,121,49,165,14,246,34,116,192,71,158,83,124,174,166,27,204,173,84,12,98,174,47,208,63,132,235,194,101,37,162,236,174,178,145,156,144,182,218,62,230,110,161,57,146,156,163,128,126,226,39,23,25,125,237,246,92,162,227,64,226,167,193,141,115,29,50,234,106,46,229,51,133,54,24,251,174,167,194,224,153,122,91,9,183,173,214,183,196,113,196,169,23,65,33,152,218,236,154,247,67,226,218,200,197,61,192,88,236,215,144,168,227,33,249,169,133,220,198,222,225,79,180,188,180,128,105,69,93,81,141,178,29,242,252,72,251,182,151,8,5,34,192,233,133,115,251,89,41,250,71,120,71,250,211,145,90,15,189,253,167,234,57,237,157,110,189,199,40,190,224,128,22,211,19,108,96,186,172,186,69,170,168,24,142,220,235,125,215,222,59,160,125,198,27,85,149,212,125,227,80,235,241,207,161
128,137,157,128,108,254,51,10,9,36,46,112,172,180,214,40,222,243,5,240,75,199,143,153,217,240,162,162,3,53,21,88,107,85,42,28,38,124,241,8,139,226,167,70,169,27,142,124,158,2,215,140,170,33,72,183,10,28,25,239,96,66,245,88,154,173,46,109,243,58,117,134,141,89,251,193,157,69,137,190,93,220,122,248,45,189,127,131,101,210,248,118,198,218,80,222,79,86,4,232,28,123,66,164,102,153,15,211,246,136,225,62,87,113,14,131,142,143,54,4,52,249,24,1,153,118,93,144,108,149,233,234,26,1,180,164,239,0,214,237,177,74,193,137,188,233,198,16,163,110,106,127,196,61,233,212,107,29,58,173,205,7,242,30,193,220,157,146,102,30,186,241,224,70,205,17,145,246,186,229,28,105,124,195,28,52,123,105,4,203,202,211,202,111,116,49,190,251,60,124,135,8,85,66,35,26,87,245,200,157,250,47,128,46,168,97,94,164,29,159,216,187,214,197,55,50,205,246,187,1,3,82,116,71,108,200,215,20,22,38,158,81,253,246,217,110,73,95,82,121,173,15,23,73,10,88
252,143,40,112,173,140,16,107,21,57,108,92,221,1,246,138,166,193,135,7,123,50,21,74,77,9,239,230,208,80,34,197,55,19,4,52,72,95,16,46,158,156,152,78,136,48,42,123,221,3,182,196,113,63,203,56,19,219,137,41,184,116,149,30,163,73,179,253,123,37,30,59,186,194,106,125,46,140,211,228,253,61,44,155,86,207,22,219,51,220,46,32,39,115,219,193,255,49,252,8,65,61,178,20,10,207,143,251,240,15,127,178,56,137,236,127,212,163,34,37,213,129,146,43,184,103,145,35,126,164,210,220,148,93,17,139,93,9,98,71,7,229,74,28,192,173,210,1,145,208,107,219,136,56,94,116,245,41,91,40,150,137,178,141,144,97,235,33,85,69,17,10,92,88,194,4,35,192,31,221,33,246,171,240,145,177,40,92,72,23,6,63,63,140,109,128,72,249,58,67,142,201,197,255,217,70,149,175,13,40,59,139,186,5,72,115,229,66,46,186,109,187,123,102,102,170,185,248,201,157,255,91,251,6,233,61,17,201,6,144,154,154,142,93,116,123,222,221,180,204,90,42,203,83,71,218
218,75,68,130,227,238,66,74,206,71,175,157,242,10,117,126,204,26,69,173,244,233,127,38,219,89,162,162,182,255,24,67,201,162,62,64,196,115,131,145,3,153,246,166,36,95,174,57,23,84,161,113,10,9,157,124,94,138,138,91,86,69,67,24,231,255,231,5,87,255,126,139,99,220,225,237,1,117,144,74,179,168,243,177,16,53,128,214,237,64,24,124,115,150,182,173,134,16,61,32,79,204,109,117,120,214,150,84,137,118,202,16,122,83,243,242,6,236,81,254,34,186,29,155,238,121,120,10,4,202,32,239,35,145,228,117,84,231,207,124,16,96,100,189,58,254,143,61,125,138,150,154,165,149,142,74,51,44,231,87,195,193,16,28,22,164,236,202,136,133,35,174,207,147,11,20,91,197,104,91,243,178,255,112,110,217,135,174,153,107,28,225,29,193,84,207,14,121,63,205,83,53,119,204,247,33,120,40,70,169,250,99,13,205,144,5,16,190,4,36,213,128,188,75,176,9,82,237,157,26,147,107,206,33,12,221,79,37,192,166,214,16,169,1,0,149,239,35,62,247,79,231,14,253,85,99
101,47,233,142,56,162,12,26,239,150,222,23,235,142,44,127,41,165,223,241,146,217,151,47,99,63,153,208,171,128,8,145,87,53,153,195,195,214,138,144,115,166,148,125,116,199,90,79,242,250,235,135,197,36,50,64,249,238,0,45,76,23,92,64,253,110,222,127,24,73,55,152,164,71,243,162,137,148,247,102,74,132,206,245,195,136,89,34,207,12,124,240,61,12,99,55,213,79,73,204,164,7,44,103,157,243,146,73,7,89,167,166,165,37,30,111,81,69,34,236,152,170,74,234,162,35,40,218,126,166,194,245,171,126,33,68,171,129,64,219,55,138,253,1,119,166,185,118,78,1,4,197,13,196,245,194,114,233,59,2,118,189,109,220,26,194,43,43,227,216,172,65,8,195,98,112,77,255,96,236,97,64,59,221,119,200,130,182,16,218,4,93,4,216,217,188,149,224,42,169,123,147,241,84,49,208,204,184,229,62,128,72,95,232,122,185,221,128,133,18,117,2,153,151,1,224,26,169,146,176,115,82,248,253,254,218,59,30,11,146,225,139,251,62,11,139,9,83,244,161,123,159,229,174,110,69
148,47,213,242,188,70,172,199,87,183,2,196,215,141,104,100,152,239,164,23,230,123,7,144,36,126,255,2,155,178,185,134,148,81,154,67,150,208,172,191,236,71,21,174,183,12,183,55,144,101,101,182,181,62,230,210,3,114,205,8,195,188,104,137,239,8,216,31,242,90,129,124,152,253,41,119,86,238,69,0,147,65,1,24,43,226,173,71,234,13,96,110,92,98,27,188,215,163,79,196,238,62,117,21,90,49,215,252,77,213,52,108,96,34,123,250,231,34,202,124,159,160,17,142,137,252,180,254,252,134,184,122,127,104,167,65,90,105,106,68,224,180,66,206,5,23,83,98,149,209,125,181,110,185,112,90,12,39,192,169,186,207,62,79,255,229,173,246,5,28,27,158,183,20,124,236,99,162,234,98,185,144,87,129,104,129,42,124,248,84,243,231,149,203,228,18,84,207,5,190,147,128,8,230,187,76,139,40,120,40,217,133,93,122,177,30,120,186,52,64,231,171,235,129,165,214,58,232,156,27,61,208,42,238,55,41,116,242,221,234,26,226,125,131,223,182,139,157,93,1,110,126,164,122,239,84
232,120,51,82,136,241,253,122,250,142,25,85,105,132,86,182,68,121,62,185,151,219,144,139,6,213,180,66,138,240,124,215,19,0,11,97,98,63,99,89,152,175,52,120,23,189,72,216,98,255,180,194,184,87,180,36,190,12,226,108,92,35,193,68,203,16,137,235,54,254,41,34,149,82,65,12,128,223,0,97,68,147,162,199,27,42,0,1,56,77,33,221,239,115,231,45,118,29,239,130,65,132,188,174,83,42,244,189,12,243,74,65,155,253,56,81,240,90,166,142,136,213,136,194,8,155,220,37,65,62,194,198,179,163,231,216,206,196,88,7,195,193,23,137,67,74,34,93,239,182,226,130,252,139,36,178,54,12,6,189,67,189,15,58,64,28,10,196,186,189,78,165,218,48,142,195,253,87,124,112,162,13,61,64,72,206,109,81,40,23,63,163,31,222,196,240,49,174,227,23,35,175,79,33,230,221,3,30,159,133,105,238,163,74,173,7,223,151,52,185,247,65,132,222,216,26,26,212,234,111,209,109,205,255,168,218,105,163,27,79,22,39,50,162,223,237,134,202,79,240,59,211,19,106,35,142
43,111,87,152,188,50,171,192,205,204,147,197,222,26,71,115,28,75,61,146,211,75,250,191,171,199,37,116,214,179,78,186,252,222,87,9,41,50,109,38,158,116,137,174,56,8,94,24,140,23,83,91,159,10,150,48,11,207,179,232,32,206,164,225,6,17,178,204,91,97,246,150,209,24,55,52,38,74,76,216,26,204,155,230,94,135,81,123,181,48,173,96,208,166,225,135,33,50,194,130,44,72,119,112,241,233,189,227,33,210,52,0,54,95,47,136,85,112,254,3,190,121,149,55,126,92,191,126,93,191,254,205,67,100,227,250,107,137,79,47,55,139,17,3,190,190,20,255,134,29,22,227,216,207,70,75,100,72,16,24,212,114,247,202,137,245,178,71,29,110,48,81,22,226,13,120,223,244,42,248,20,222,46,87,0,222,78,186,214,136,242,175,133,116,33,222,66,0,198,215,237,23,129,109,168,59,102,187,41,10,135,2,4,223,76,100,72,190,184,7,92,177,69,131,12,44,132,125,76,94,195,157,128,246,61,148,211,110,161,30,101,213,204,200,104,148,237,244,224,8,73,97,59,3,205,153
26,113,74,160,186,151,168,113,93,250,0,170,100,153,131,8,176,210,134,91,25,78,101,198,94,251,214,216,170,27,8,179,73,175,199,227,98,89,244,135,253,142,11,86,242,32,185,60,4,225,227,112,95,67,116,209,159,207,4,40,47,180,5,247,109,250,35,78,146,16,209,84,255,108,203,222,93,203,2,10,63,30,64,141,121,243,13,152,178,32,113,83,53,246,156,91,173,96,21,135,181,101,83,218,149,241,211,167,221,189,20,6,191,32,59,196,86,206,93,150,39,177,41,42,129,61,174,45,47,70,125,209,146,65,99,105,29,28,201,247,251,103,178,245,113,141,254,146,49,98,44,242,168,216,38,249,74,90,194,96,196,21,71,83,64,104,244,230,17,205,47,37,16,235,33,216,152,173,208,28,63,192,179,251,4,103,229,234,35,120,47,161,150,163,46,23,53,26,213,160,133,96,203,84,30,225,103,28,120,238,37,179,138,15,237,200,163,33,185,179,85,205,245,85,41,99,64,165,139,232,178,248,190,22,86,52,38,102,80,71,102,126,104,235,108,87,188,30,123,220,129,235,23,157,0,46
101,125,64,68,46,198,56,161,30,98,181,28,8,38,88,247,217,181,140,147,110,23,46,140,40,109,208,17,37,143,155,19,202,171,216,140,55,33,95,56,187,60,113,14,14,122,90,169,8,15,94,204,134,33,115,66,89,211,147,161,87,11,239,212,121,41,4,73,131,236,43,99,46,68,59,102,210,180,186,87,59,224,189,179,24,174,128,218,213,79,100,124,177,67,29,130,187,96,101,84,34,192,241,146,170,6,149,235,19,152,157,61,191,86,82,58,164,77,77,90,247,24,168,124,232,71,141,73,21,101,114,128,70,255,198,40,50,188,221,151,9,88,193,170,30,15,1,73,8,164,44,19,61,78,190,166,145,213,178,138,201,64,20,0,102,3,197,123,156,142,246,43,242,219,207,33,1,218,255,253,170,125,129,34,32,112,139,240,214,114,44,39,130,113,202,111,61,37,183,120,151,20,166,75,35,237,173,178,98,143,253,174,227,92,59,167,96,135,21,196,63,226,185,130,97,255,5,213,97,229,196,157,135,114,163,243,60,139,253,124,115,161,112,3,233,248,232,230,155,186,109,248,180,223,168,56
255,255,108,167,76,250,120,234,151,182,146,118,77,55,207,218,98,81,101,139,157,42,81,243,60,97,140,65,157,181,87,74,26,31,220,172,45,54,177,70,81,244,147,45,249,104,118,129,246,86,150,151,216,115,227,41,82,218,211,112,170,47,142,183,76,236,136,177,7,15,187,204,40,41,170,34,142,255,3,25,213,118,113,174,31,90,240,74,176,33,126,21,122,141,73,190,235,6,129,163,10,59,175,89,96,80,152,53,228,197,188,83,12,113,14,140,226,202,134,30,38,86,190,236,57,224,230,233,238,228,80,141,200,90,246,8,225,48,202,163,147,230,61,26,17,239,106,219,239,242,230,13,135,146,173,130,6,31,37,187,193,116,45,87,60,63,9,4,68,186,156,238,171,33,123,103,210,12,38,59,254,66,21,245,116,173,39,234,59,68,155,82,120,5,247,25,126,54,156,188,153,184,143,93,121,73,86,190,142,62,50,184,50,11,183,250,95,245,251,24,40,162,106,37,149,123,176,63,34,9,253,222,245,91,158,88,19,117,65,237,66,179,72,167,96,12,202,24,8,134,232,255,169,41,178,200
166,42,194,213,247,151,176,183,186,95,70,235,170,139,43,91,185,107,95,40,132,171,222,94,73,154,165,217,71,176,233,143,160,88,83,221,24,94,196,68,114,14,56,201,101,25,46,69,193,192,112,79,44,244,109,240,246,69,191,56,94,48,69,3,237,242,192,177,135,166,156,71,71,78,40,43,94,214,240,1,109,187,23,159,49,253,221,30,225,115,98,163,245,128,130,31,5,229,191,157,144,40,163,253,143,70,239,101,243,24,102,8,80,200,225,181,112,227,26,19,121,43,196,236,44,27,73,137,171,122,103,109,238,191,70,3,137,149,86,188,102,194,167,12,199,254,46,223,85,87,179,156,95,129,109,246,22,255,155,166,210,17,160,16,143,26,75,82,80,31,222,20,105,153,168,113,205,23,186,18,232,108,69,112,239,115,221,148,61,170,19,80,188,243,9,130,218,50,62,168,185,25,138,171,160,254,208,116,25,168,27,159,72,194,251,209,158,162,212,106,112,36,40,79,61,67,110,210,236,141,248,219,223,39,166,39,67,226,224,65,50,32,29,216,129,2,92,6,0,196,36,127,142,26,249,236
159,85,39,252,250,203,62,229,125,157,135,101,113,114,18,25,154,183,221,156,187,153,117,146,19,61,94,187,27,162,37,162,60,71,225,99,22,125,188,60,157,122,23,9,175,183,146,152,44,34,68,102,200,52,94,175,135,203,118,81,79,231,65,37,153,111,45,117,100,225,102,31,15,8,152,71,54,138,219,33,7,125,116,188,16,93,192,197,63,80,210,113,143,112,72,37,44,131,98,213,111,165,232,203,20,200,66,137,99,254,41,144,120,244,204,98,10,81,10,1,9,169,92,56,100,98,29,19,187,19,237,0,200,32,79,210,108,33,14,99,80,190,144,46,136,21,160,93,245,157,129,169,36,236,141,177,60,215,20,69,82,103,100,177,121,104,66,223,42,215,5,158,158,147,131,67,86,81,206,227,231,185,171,32,231,222,190,131,33,181,106,17,106,223,58,29,242,44,43,22,124,94,160,184,155,149,43,239,7,40,222,93,146,7,35,35,127,232,169,3,174,64,75,163,213,121,164,112,22,252,179,215,152,168,90,236,2,1,83,189,107,14,53,252,171,143,125,95,204,73,50,250,237,31,154,59
158,166,164,172,121,251,102,80,196,172,61,195,94,149,7,150,247,49,122,10,209,241,66,17,174,174,235,216,192,124,119,96,143,134,83,203,110,151,238,109,47,244,155,102,252,31,125,65,77,148,50,26,219,3,147,130,31,157,195,41,232,204,255,215,55,57,132,120,206,13,143,253,26,85,189,190,18,218,151,32,136,223,115,191,86,44,56,76,32,102,234,64,137,26,44,12,94,93,152,6,251,53,115,160,189,114,199,187,18,214,154,132,129,252,64,28,53,91,27,177,104,41,245,177,109,255,76,59,48,155,199,79,184,189,91,228,129,121,201,64,227,45,151,156,22,231,84,20,184,139,109,36,88,246,58,37,107,245,50,60,1,241,65,96,97,3,60,50,177,26,87,194,201,116,180,18,133,49,22,214,218,27,227,118,53,63,143,214,50,113,123,253,184,30,212,88,156,47,110,223,211,149,209,233,92,42,89,112,240,70,1,88,202,96,117,12,77,87,76,171,36,67,112,184,174,70,120,29,207,75,255,184,37,231,243,111,233,171,137,232,254,25,82,220,9,167,36,9,63,84,11,160,63,26,252,166
198,216,58,6,246,13,140,172,54,2,175,74,54,105,107,235,205,180,71,76,20,5,82,118,251,15,247,83,154,254,88,144,38,195,254,153,231,220,144,226,199,232,94,198,245,4,94,238,68,252,120,232,251,87,27,206,193,101,62,112,232,97,180,2,16,28,131,1,251,215,36,42,154,174,17,153,130,215,192,202,13,81,99,41,72,57,144,232,124,253,54,162,218,143,157,134,173,19,255,234,45,81,194,218,57,108,37,62,16,79,89,8,148,40,16,185,3,166,207,82,205,26,212,148,29,175,111,242,236,77,141,177,37,93,193,220,94,22,34,112,51,190,205,63,154,88,29,8,80,17,228,238,28,174,129,69,245,210,127,226,132,91,144,198,9,73,133,181,150,199,246,104,172,66,202,179,95,225,148,43,45,110,209,54,122,197,30,234,17,199,46,164,194,58,54,90,1,72,203,67,153,61,70,81,56,12,59,219,76,194,225,210,120,173,219,202,77,132,19,47,35,38,171,90,138,203,85,190,31,56,116,210,154,134,169,23,65,99,110,219,136,193,248,205,22,166,78,59,152,90,86,239,155,201,201,112
167,135,158,245,251,127,239,157,183,10,183,123,139,185,38,224,175,124,83,34,94,221,29,164,215,192,169,18,99,53,46,94,163,79,249,228,168,98,80,238,74,122,81,248,37,100,43,39,21,144,94,57,191,212,220,52,95,134,168,213,27,123,46,53,37,78,185,82,3,173,41,78,30,35,152,64,243,185,30,242,190,6,224,207,224,124,61,226,9,160,112,186,143,116,13,5,26,141,206,27,122,66,48,249,122,20,243,223,225,90,86,18,41,115,174,74,236,115,153,172,82,61,130,34,173,138,112,53,172,73,121,233,190,126,135,162,132,221,173,138,149,172,135,26,175,1,133,119,76,73,91,32,91,78,230,53,81,83,16,5,253,238,54,178,35,98,57,191,111,180,194,87,161,37,235,126,79,179,95,210,123,26,248,81,157,236,101,35,224,55,131,174,70,39,40,62,174,152,141,215,200,49,64,176,227,183,103,151,168,129,172,11,234,241,102,150,190,218,29,126,96,255,72,181,185,246,52,220,18,195,60,11,96,70,43,117,49,199,227,165,170,254,161,249,50,99,12,7,53,87,214,67,224,94,204,91
28,107,210,135,22,208,223,29,41,149,47,212,246,62,230,6,237,182,232,156,71,4,118,232,11,45,237,247,56,221,63,188,142,118,227,136,54,170,0,221,120,237,176,17,55,20,132,182,22,209,29,83,253,208,166,83,77,202,226,41,152,19,206,153,145,200,203,73,27,144,245,174,114,179,251,123,194,21,19,219,81,132,230,167,217,11,60,156,26,221,78,238,26,167,104,237,32,69,31,127,80,194,115,241,244,219,129,202,54,111,189,88,35,61,210,150,244,66,115,163,16,147,0,228,219,238,1,131,168,149,206,69,1,49,127,39,8,162,190,209,109,208,104,240,52,117,105,72,73,191,91,133,194,5,25,219,16,149,205,119,221,145,227,85,111,37,12,129,36,56,96,52,66,184,204,36,96,95,81,68,4,130,191,150,20,189,5,30,190,118,15,79,125,75,34,16,210,46,36,61,234,95,13,114,234,248,205,200,77,193,179,43,58,106,242,54,139,89,114,100,147,166,86,66,185,154,50,32,137,7,209,124,145,105,189,96,87,152,168,21,157,250,6,140,72,13,244,45,174,70,186,40,155,140,37,53
241,186,19,172,178,169,126,28,52,107,191,129,0,201,37,247,83,67,159,175,16,241,78,82,58,23,116,169,208,221,226,241,130,88,248,33,97,251,247,254,166,170,140,38,91,93,66,0,4,150,178,50,37,5,136,32,7,3,1,73,47,136,152,170,184,108,234,187,197,86,109,198,48,230,211,67,212,157,179,245,34,85,48,35,237,226,221,41,252,9,179,6,130,202,173,130,19,157,225,227,94,3,148,186,50,44,12,73,249,53,188,96,165,84,68,159,206,225,42,59,133,52,227,240,47,138,226,39,212,242,102,153,169,128,45,25,16,154,65,146,172,245,12,139,11,41,40,67,231,237,11,111,96,99,107,17,103,135,136,46,74,29,54,200,216,220,227,207,68,64,53,120,76,41,102,95,240,222,252,138,158,163,145,178,160,11,201,186,148,220,128,5,48,54,127,128,249,220,215,157,85,65,60,224,151,20,34,217,67,106,188,1,211,103,252,46,217,177,169,232,176,198,101,81,57,177,196,199,81,163,199,176,74,190,249,135,9,122,225,112,43,203,31,141,164,103,51,138,17,59,95,40,241,65,58,174
226,65,221,131,184,193,30,79,19,231,136,117,35,128,5,94,0,119,165,77,228,84,69,217,133,171,143,144,11,33,65,98,72,202,163,215,216,252,91,206,46,225,172,52,63,41,83,100,15,128,152,39,61,188,132,83,245,112,158,95,24,36,88,200,244,41,241,34,237,17,183,181,70,138,58,198,20,146,99,74,241,113,19,25,179,135,4,130,151,11,128,145,214,235,232,204,219,215,20,186,239,50,35,106,125,124,199,42,126,229,136,129,95,229,53,64,255,82,35,16,115,32,69,46,169,36,142,247,239,171,205,182,200,11,73,80,47,21,75,200,212,187,160,185,191,243,121,135,123,157,171,79,93,217,245,55,168,106,59,181,185,24,192,122,168,124,19,8,42,120,10,192,35,191,240,199,145,144,116,236,36,5,10,13,103,167,229,76,31,248,53,117,53,174,149,91,10,149,189,39,40,121,221,252,211,164,185,60,21,135,195,244,105,230,30,44,88,85,81,166,37,29,43,142,4,226,88,206,202,199,53,97,255,102,211,203,86,197,159,222,229,93,152,72,250,245,2,40,140,115,147,125,205,128,9,78
103,190,49,82,188,49,58,233,190,107,157,205,60,187,199,89,137,29,154,199,77,78,132,31,130,69,136,141,197,43,170,96,128,50,189,244,9,110,202,112,28,192,85,40,161,152,107,233,81,207,2,46,36,67,34,253,199,197,143,210,205,94,70,171,20,55,234,213,192,13,145,66,110,215,245,255,192,136,96,31,172,168,39,61,246,198,226,123,147,66,60,60,16,81,66,121,12,81,41,212,34,74,199,131,205,43,38,119,169,64,121,59,26,21,35,21,141,189,253,198,216,178,145,58,142,207,103,110,24,88,40,119,36,116,130,145,37,118,108,110,70,75,26,227,182,42,42,117,209,94,248,226,160,216,3,228,204,57,252,31,44,160,75,207,23,136,1,227,20,106,213,81,215,176,10,110,243,0,114,186,187,200,114,226,97,77,71,239,88,99,249,211,195,148,97,230,9,173,228,54,93,50,236,124,28,103,232,31,154,61,3,184,232,169,192,55,74,193,83,3,104,100,131,180,235,68,237,91,85,93,253,45,9,100,224,176,207,105,233,57,212,78,251,1,231,141,17,50,60,164,163,151,195,162,238,42
24,120,203,146,81,155,138,85,136,109,121,137,17,51,246,228,169,138,91,12,14,202,201,162,105,59,243,221,80,94,113,133,227,228,66,121,188,56,175,241,126,211,254,96,99,49,33,45,203,51,23,195,174,10,175,192,169,21,102,82,233,11,136,185,232,137,72,163,24,185,83,221,16,59,157,240,1,120,7,54,167,77,144,253,89,215,246,70,221,231,15,134,144,118,19,220,13,245,114,199,206,67,139,137,37,76,87,69,233,138,155,101,29,79,80,68,136,205,19,7,219,94,243,201,225,177,241,163,223,239,32,122,105,47,224,89,252,112,128,90,122,203,77,72,244,189,13,94,250,177,156,132,83,104,218,192,65,144,1,156,120,245,175,215,147,145,243,100,139,37,247,148,158,77,136,174,42,59,224,126,239,251,57,78,154,179,43,64,147,90,152,20,220,158,42,12,164,131,209,179,225,139,66,190,134,4,60,148,132,38,194,130,18,151,172,152,72,29,228,18,49,40,33,217,74,46,219,108,56,225,35,44,174,4,56,136,230,228,106,106,241,95,122,203,90,155,139,117,32,242,156,188,28,21,42,48
251,79,183,124,105,213,134,53,60,251,97,6,227,177,85,202,208,216,17,75,28,146,5,185,26,101,146,6,211,2,166,85,182,232,204,51,202,93,50,207,183,119,181,240,42,189,80,251,117,254,166,232,17,170,0,17,14,146,232,25,233,235,178,19,110,59,148,126,90,122,106,229,168,149,161,229,80,31,114,85,235,240,241,189,200,118,29,211,147,25,233,17,30,147,229,98,44,212,113,32,84,114,165,225,223,70,2,7,150,224,235,185,191,251,234,41,250,177,252,84,244,124,149,10,87,83,149,29,209,74,199,79,69,242,126,241,205,68,42,159,139,78,198,142,216,107,61,173,80,88,1,201,152,117,174,22,110,73,31,122,176,194,180,32,26,201,213,203,159,26,164,225,131,71,29,196,124,134,212,111,241,132,112,46,201,125,193,33,74,252,234,229,159,54,7,11,230,151,113,0,246,255,162,66,238,123,251,153,56,250,103,49,52,2,180,238,169,72,27,30,8,236,205,183,159,167,166,62,161,34,29,120,164,75,241,120,189,241,221,190,99,44,191,117,108,106,163,25,244,169,67,168,237,137,218,164
126,26,151,99,66,166,69,189,174,77,211,254,141,139,55,254,131,165,9,0,99,199,198,155,106,183,215,172,193,225,222,34,179,25,45,138,242,197,150,8,237,177,243,142,227,178,176,20,10,9,132,120,213,89,194,170,48,102,127,135,3,2,18,37,207,253,162,98,185,21,58,168,43,31,57,21,255,65,130,222,5,221,47,96,1,224,55,104,111,61,122,88,52,155,55,64,233,125,212,51,103,192,223,54,171,173,154,47,32,46,207,157,99,132,19,67,121,141,113,215,37,242,169,144,75,110,147,96,99,5,54,19,197,233,3,217,233,7,7,46,78,86,23,160,179,113,60,216,80,211,33,237,85,169,138,250,207,173,202,5,52,40,244,136,41,34,110,54,90,64,181,165,210,27,193,153,43,114,83,34,252,183,97,238,19,152,73,168,4,63,221,31,64,183,72,75,122,20,234,13,83,180,43,105,180,39,164,85,101,127,55,173,15,243,84,248,152,161,175,92,97,49,75,199,89,199,103,163,101,54,9,159,242,121,93,196,128,216,46,35,242,79,96,148,151,203,131,86,139,117,171,21,80,135,176,227
143,188,125,116,18,184,53,199,35,81,254,39,160,211,87,52,150,181,158,167,62,14,110,80,233,140,97,163,5,228,54,162,59,207,204,182,216,122,205,52,199,177,92,108,71,43,16,158,180,117,57,167,249,218,111,69,79,142,57,48,149,71,23,244,32,223,54,233,170,243,144,144,83,37,34,205,217,212,0,134,212,221,118,159,124,248,49,202,204,223,30,167,203,112,246,109,226,201,35,192,157,182,200,120,29,159,178,255,139,95,233,12,155,81,159,12,50,97,239,80,111,62,185,73,153,11,41,214,5,113,192,171,51,233,71,181,126,94,89,79,82,239,187,113,191,4,204,165,177,193,37,97,86,77,143,126,66,214,147,109,198,129,56,246,189,162,221,251,4,213,73,228,60,45,200,151,112,207,22,243,65,35,33,193,119,226,210,168,186,195,161,44,36,217,66,160,33,241,186,225,41,36,60,213,102,51,25,124,75,58,245,5,109,196,168,61,25,234,34,207,44,87,216,217,161,86,220,174,248,199,42,219,159,58,145,46,213,152,255,197,73,208,252,0,141,168,105,38,176,52,200,203,192,9,85,210
5,129,124,70,176,83,189,63,98,159,251,55,141,117,49,3,191,4,193,84,121,153,40,193,212,45,163,136,105,161,187,27,137,39,97,40,110,235,105,217,82,36,187,117,106,6,207,58,105,17,225,58,126,154,194,120,174,221,128,26,26,72,20,122,237,158,102,137,76,21,236,45,205,249,151,103,134,178,151,19,104,82,74,187,29,103,125,44,221,38,51,203,57,64,239,30,138,37,182,62,207,126,11,6,239,171,15,188,38,88,53,25,148,144,156,117,241,156,163,59,61,190,171,64,34,63,79,6,137,93,152,15,226,206,22,175,221,93,75,16,33,22,82,118,29,34,207,162,225,3,143,0,57,240,94,10,2,4,11,31,120,72,223,225,209,245,209,202,59,79,96,144,233,20,99,34,133,90,42,32,95,122,110,4,211,98,83,182,3,206,100,189,101,190,36,120,180,184,106,234,158,182,188,199,244,210,57,168,35,192,105,145,230,205,168,155,222,82,149,68,64,141,136,130,238,179,185,238,245,239,23,60,205,156,84,54,230,198,99,225,162,129,92,61,210,66,238,182,208,236,204,64,32,22,79,96
226,238,29,188,124,222,36,247,38,79,189,242,252,191,17,36,57,31,125,49,149,100,32,81,72,181,39,77,18,45,28,26,4,23,125,254,161,186,60,214,59,111,140,40,98,82,20,209,30,179,182,103,183,181,82,25,246,227,166,134,85,127,118,212,240,112,146,130,222,113,162,179,127,45,251,147,15,198,19,36,238,81,33,121,172,25,214,184,7,229,111,98,96,16,146,125,94,178,51,76,31,58,110,186,14,144,221,217,119,234,253,26,187,208,247,196,172,166,21,100,18,9,156,175,240,34,12,179,65,135,223,182,64,111,160,241,168,137,0,34,1,128,186,67,56,75,24,183,140,110,103,24,193,186,8,174,106,20,45,222,100,104,218,16,101,193,117,58,55,5,138,28,198,29,157,176,127,164,154,6,141,238,161,14,59,146,194,147,100,212,109,158,103,251,43,245,63,85,152,74,226,139,103,164,52,164,44,253,44,238,164,191,199,142,25,23,153,100,65,167,147,187,59,194,5,97,0,18,43,193,233,221,11,4,199,130,242,234,174,31,203,98,93,186,74,82,131,89,42,59,62,223,239,32,110,215
101,52,228,91,75,142,72,248,107,201,112,208,147,100,125,63,70,125,45,239,127,195,148,167,114,119,216,155,176,55,189,121,158,241,94,0,194,231,7,22,1,125,147,163,1,89,126,148,31,64,78,168,201,187,98,198,68,100,82,207,153,199,65,103,105,132,136,206,212,222,130,124,217,179,180,22,233,191,45,11,59,156,129,243,138,211,107,238,66,254,204,10,68,144,34,3,171,139,251,111,19,133,118,178,122,114,53,173,199,37,248,150,98,240,43,4,121,52,181,214,151,78,203,164,99,189,70,0,146,82,171,85,45,148,255,127,134,196,2,156,81,178,127,154,111,159,243,170,60,75,207,110,122,76,44,210,38,154,194,255,159,185,19,152,223,184,60,96,143,146,65,178,24,195,219,163,177,38,175,12,4,28,249,191,187,134,98,77,80,22,222,141,40,104,193,87,228,215,78,25,96,155,252,177,64,87,75,56,8,29,101,91,60,216,115,71,95,11,242,50,108,0,153,149,191,157,246,240,118,186,145,76,89,253,70,142,86,34,234,191,153,125,61,73,122,206,149,26,207,130,168,216,189,86,41,150
20,8,24,103,241,132,52,142,148,58,45,0,154,136,121,246,62,101,217,86,32,30,68,44,29,143,5,224,255,122,139,209,194,9,63,154,97,75,249,92,237,80,66,13,89,28,201,103,214,82,21,29,242,59,1,184,91,248,196,53,252,208,109,176,226,53,43,52,76,149,51,168,36,107,86,9,33,106,100,203,164,38,244,32,163,131,133,214,111,88,10,184,234,222,59,1,24,159,28,169,0,173,207,36,220,139,27,51,212,223,1,1,41,99,80,61,192,229,165,244,150,64,0,209,199,230,132,40,126,194,3,234,151,135,109,1,230,19,192,141,241,150,156,115,235,95,230,112,0,145,37,183,18,126,118,2,237,183,133,76,123,151,179,11,195,11,58,170,180,170,233,239,109,223,71,58,158,34,170,206,198,105,79,90,96,214,137,242,149,131,126,149,213,76,17,5,43,55,208,70,251,158,85,76,200,68,24,104,253,176,47,153,79,160,245,66,195,140,111,45,183,178,45,247,236,38,163,197,1,13,206,207,251,88,201,37,236,118,56,250,54,156,126,239,210,109,51,80,120,60,9,138,44,124,44,133
79,203,155,74,144,41,127,227,147,56,145,79,91,196,59,38,236,39,59,22,193,11,198,220,70,155,158,14,159,55,69,214,225,150,161,77,167,191,92,151,74,235,153,103,217,70,128,119,44,233,30,88,39,41,188,178,100,157,206,99,93,64,61,185,21,228,154,51,96,49,5,94,88,24,90,196,28,194,165,191,107,226,37,188,97,46,87,130,183,82,117,216,108,254,26,18,17,102,221,201,93,37,197,81,8,127,128,217,156,191,254,21,25,24,219,79,44,161,45,245,219,143,72,203,70,36,225,213,9,93,204,106,64,145,30,73,223,210,166,200,149,61,148,75,47,4,147,200,236,241,86,55,187,93,229,189,83,145,124,235,164,251,222,200,21,235,38,241,23,193,34,157,87,184,191,225,78,44,57,94,223,246,122,160,162,99,247,171,159,10,165,130,247,196,86,174,78,60,118,120,151,54,118,59,63,35,250,49,77,184,171,111,43,151,20,93,201,92,88,213,29,57,246,249,68,157,111,155,166,211,65,108,191,34,41,180,164,78,121,77,69,11,191,190,231,237,202,188,94,233,69,189,201,136,152,12
246,154,124,27,170,58,114,239,0,251,35,76,24,121,67,121,109,213,66,55,7,7,8,142,223,59,35,176,12,39,108,140,103,132,68,130,158,34,129,95,64,96,171,127,169,191,46,166,101,196,121,141,195,85,137,234,52,220,61,86,109,216,199,201,128,82,166,179,57,61,121,159,231,53,176,190,177,52,134,190,56,132,198,109,151,232,214,184,214,91,166,28,94,20,86,150,225,143,62,3,108,166,154,97,94,165,218,103,238,229,82,167,173,255,68,135,36,119,41,222,77,64,238,50,159,26,208,66,25,126,244,198,200,227,77,253,214,168,76,63,246,189,26,21,149,181,30,202,40,64,26,31,209,161,222,54,152,98,133,190,161,150,160,13,232,52,151,163,192,186,211,12,214,3,70,106,86,49,82,50,9,131,136,5,65,221,139,191,62,211,82,144,67,217,123,216,219,78,253,93,131,129,213,177,182,50,148,217,81,78,136,81,47,243,40,27,242,121,56,110,206,52,204,190,128,16,99,18,45,222,241,134,203,112,10,121,250,42,77,115,40,128,132,35,141,43,117,101,75,98,90,239,164,42,23,64
254,59,186,229,74,186,127,215,95,76,193,246,138,241,232,168,133,116,111,84,187,115,132,90,206,40,245,25,205,100,144,210,243,9,26,7,156,91,50,222,31,0,125,180,33,21,14,117,138,1,168,39,253,12,197,223,78,249,165,237,17,15,94,170,8,7,175,64,211,232,137,237,28,31,162,211,171,63,169,187,235,166,45,178,5,133,225,22,255,30,215,5,57,161,28,55,149,209,46,131,17,204,209,46,171,207,216,23,91,54,140,121,16,145,152,99,176,184,209,90,95,77,20,75,127,130,177,246,157,241,98,187,120,1,186,96,143,140,120,22,244,247,228,102,133,200,56,179,134,114,152,138,170,146,60,234,218,96,196,119,207,88,148,121,148,69,77,0,148,116,6,133,133,196,124,179,7,64,160,210,23,17,3,194,62,10,70,18,81,165,131,253,222,133,220,140,55,72,218,250,165,134,3,210,2,184,152,97,168,60,44,219,216,59,222,155,80,16,182,233,254,115,89,9,56,207,122,155,79,207,158,45,227,108,115,224,175,245,243,247,26,155,221,193,36,32,61,163,91,225,239,234,180,129,187,88
88,7,163,180,164,78,14,99,153,61,135,81,172,15,205,135,14,19,4,5,166,212,74,137,37,94,110,229,72,215,187,27,119,129,128,216,177,237,231,209,208,87,218,176,12,220,155,183,142,102,25,174,140,135,128,49,214,236,163,130,173,250,167,22,205,101,8,198,74,154,80,221,226,45,69,67,197,67,16,135,30,84,155,109,186,37,128,190,142,162,86,24,221,49,93,174,7,86,21,247,105,21,43,77,157,118,141,186,249,70,53,47,135,253,82,188,100,16,147,63,113,22,96,85,73,199,110,128,196,190,17,190,172,209,201,4,183,170,48,211,208,156,250,145,17,154,130,199,134,106,183,2,233,214,160,150,91,179,159,115,177,130,78,14,200,36,231,201,231,20,92,179,200,98,58,155,79,75,123,250,244,91,112,217,30,18,112,176,206,128,40,121,8,218,235,252,187,103,231,185,100,58,3,3,255,89,52,46,86,80,6,54,121,132,92,180,223,89,101,136,90,132,62,102,13,96,227,185,186,151,63,195,111,188,104,133,230,241,244,117,84,174,60,212,188,190,191,54,39,21,55,106,42,107,189,37
235,89,62,233,120,39,239,245,133,19,148,134,42,213,221,133,146,173,222,8,153,1,173,150,230,59,58,41,149,79,244,206,123,97,48,28,180,2,85,233,224,99,144,101,162,193,58,17,242,180,91,20,4,189,199,5,75,129,115,51,79,234,6,128,45,142,145,194,147,36,15,93,243,80,122,141,11,93,190,147,253,90,215,221,166,75,245,12,48,108,48,102,152,198,198,230,169,203,98,158,9,246,232,153,113,179,100,112,214,107,231,171,49,27,77,39,25,48,34,115,42,72,32,61,108,30,12,145,222,154,62,26,201,134,232,119,234,218,244,0,136,133,135,108,44,226,95,240,192,61,140,186,156,189,57,117,182,208,41,13,219,114,116,234,192,35,41,65,35,177,119,8,142,74,174,155,188,78,186,143,249,43,80,92,29,206,242,32,163,107,128,103,170,246,58,163,147,89,90,38,155,189,145,170,148,42,163,226,68,0,26,129,131,181,166,31,147,4,206,141,55,70,88,253,172,173,27,210,233,133,160,97,140,214,120,181,92,209,97,89,241,24,51,49,121,192,117,130,177,232,227,143,133,209,46,181
92,157,245,221,15,108,76,106,184,248,71,54,61,183,119,77,51,174,70,129,231,228,119,96,93,58,75,63,44,136,160,96,65,99,95,20,100,145,84,154,141,253,69,93,148,91,219,49,184,142,159,152,55,196,180,238,163,225,23,71,92,3,219,242,56,31,134,96,53,80,7,107,234,199,195,56,172,55,82,180,51,190,207,23,175,66,1,228,194,208,164,175,250,222,206,33,109,106,121,197,75,63,223,21,171,138,57,189,242,1,159,183,14,172,67,38,128,95,144,201,43,123,220,133,148,83,86,225,146,252,128,77,106,185,97,180,206,74,144,13,92,66,110,233,148,192,40,37,241,177,180,1,246,230,0,184,234,126,216,175,75,80,1,71,246,108,140,20,164,251,128,73,201,224,184,70,171,44,134,239,173,91,88,210,183,188,173,34,236,172,247,101,226,153,53,120,87,233,5,134,147,10,233,114,98,177,228,162,165,213,203,73,118,239,131,188,4,170,38,66,215,108,222,102,236,222,0,20,37,142,110,185,0,159,230,75,54,85,152,114,185,75,119,88,97,99,47,5,84,192,43,47,241,156,66,180
48,193,200,47,11,1,147,163,187,229,238,170,14,62,86,118,132,144,109,74,137,235,1,164,180,207,71,169,111,66,178,149,25,221,95,185,98,227,129,180,113,157,35,174,217,6,181,217,148,207,110,99,23,154,221,253,172,130,53,99,214,221,104,55,125,203,23,55,130,143,234,230,109,94,29,112,131,219,34,174,238,148,79,100,197,63,77,150,75,103,84,245,185,172,132,60,106,157,205,97,241,230,56,196,97,55,123,145,149,20,103,239,69,146,179,24,250,187,139,22,69,163,8,111,72,79,35,187,184,100,161,2,121,110,162,111,244,74,246,163,17,42,63,228,137,192,206,57,225,191,209,28,29,25,95,251,187,12,209,252,248,19,26,187,189,52,140,229,137,194,226,152,36,107,157,191,221,26,201,60,49,181,85,248,109,60,208,92,239,13,209,178,82,67,183,145,255,44,12,201,184,86,189,211,66,226,222,157,151,129,59,128,94,19,236,219,121,172,137,63,162,108,26,42,169,37,33,45,54,120,220,109,68,188,153,68,92,117,31,66,119,182,128,100,209,250,40,181,62,65,122,140,137,50,116,242
197,240,136,190,34,99,135,43,124,143,156,185,58,161,25,40,17,52,99,76,249,208,74,233,121,164,247,210,100,161,206,55,182,164,43,23,144,236,31,15,110,8,41,86,153,143,188,34,190,141,142,67,229,52,100,223,219,33,204,109,120,203,230,82,235,51,204,117,32,211,15,239,161,9,207,77,216,234,137,252,44,67,48,80,107,13,140,165,182,40,168,76,243,51,239,67,112,51,89,39,178,194,147,24,152,163,249,137,1,83,229,105,232,165,206,69,158,118,172,232,13,105,220,95,172,186,191,121,48,19,165,26,172,120,180,196,182,13,164,125,197,170,11,193,213,251,202,60,127,200,219,171,43,130,69,36,24,54,180,205,43,131,69,153,165,139,69,50,33,95,193,0,93,154,110,3,228,230,84,56,253,127,132,181,82,141,245,126,40,224,233,214,149,181,192,170,204,6,6,253,34,87,161,28,70,160,234,166,213,124,56,138,148,234,189,172,120,37,224,153,103,191,201,223,174,195,29,137,56,159,239,74,107,228,240,94,128,237,74,116,204,137,105,74,133,77,185,198,117,213,215,161,103,46,222,66
231,64,134,149,52,158,9,218,22,94,97,137,73,193,251,165,158,106,208,14,89,23,160,15,23,38,173,205,216,159,97,219,54,40,29,119,140,47,37,145,96,159,149,41,46,45,220,189,39,35,157,90,0,77,38,32,35,29,65,241,170,14,77,186,167,5,206,239,146,65,67,14,74,191,54,180,31,21,140,29,227,63,54,37,36,143,200,41,118,143,152,127,53,252,57,115,85,91,37,156,110,178,131,251,114,126,111,67,188,14,127,198,20,134,161,171,21,245,64,15,250,78,31,211,53,164,156,253,154,172,110,201,20,148,228,218,138,219,165,162,15,53,123,1,241,126,20,174,53,241,78,233,238,10,223,169,123,128,56,242,168,250,233,185,126,166,128,34,151,18,29,34,215,213,43,48,26,93,104,178,83,163,198,123,107,181,189,69,56,62,75,243,96,241,6,228,54,84,46,207,179,161,111,228,2,8,227,218,127,131,47,149,198,184,25,86,203,177,128,244,201,62,224,221,153,13,68,243,245,48,77,99,130,11,60,25,217,7,109,207,62,225,133,0,157,99,239,234,220,186,149,212,184,62,228,218
53,90,128,184,254,52,94,128,134,169,109,94,167,217,163,53,0,2,92,163,188,47,129,175,232,240,4,108,56,119,26,247,94,248,4,61,42,212,180,74,111,25,120,230,170,243,81,233,52,140,209,7,231,73,5,240,201,204,159,234,133,99,30,125,195,230,54,63,252,63,179,215,109,147,104,106,245,255,7,155,237,33,184,176,141,221,74,171,28,6,84,235,150,228,31,172,12,213,85,162,203,178,26,133,133,131,201,32,175,179,25,148,104,60,74,198,98,88,3,103,249,44,19,109,184,75,37,55,211,27,203,54,37,119,122,163,130,242,126,54,98,130,145,111,13,201,218,44,133,4,27,126,127,223,84,244,217,193,174,58,244,243,84,160,129,16,195,140,199,88,144,125,64,25,181,46,193,76,161,109,207,159,51,67,43,219,175,182,208,101,84,236,167,86,110,177,125,214,164,206,14,143,111,220,73,58,58,54,27,95,244,108,133,147,156,115,13,151,67,35,233,253,136,21,209,42,60,155,161,172,43,146,91,170,201,0,74,106,180,205,161,170,108,50,213,164,235,28,230,92,167,147,32,223,194,79
159,16,8,140,209,189,121,26,53,229,125,180,158,54,134,191,51,209,59,0,136,49,8,153,165,110,20,101,78,30,56,6,50,172,39,135,138,118,182,221,38,82,141,81,147,236,167,41,255,98,247,165,21,121,189,111,168,74,126,74,209,163,18,248,255,222,120,57,71,113,68,236,47,57,34,62,22,70,229,81,122,60,45,19,98,77,230,225,224,74,117,252,82,27,59,247,29,72,218,121,197,43,94,104,147,246,193,89,28,161,241,20,66,112,129,219,1,104,123,193,39,200,156,64,124,99,42,233,10,195,48,252,233,24,73,131,109,130,238,110,75,202,78,79,153,132,31,57,92,95,124,71,103,117,116,125,16,64,44,35,148,188,94,49,147,203,46,57,69,190,206,185,108,168,69,183,219,247,22,143,197,183,157,89,84,108,130,82,131,75,162,91,153,1,92,48,26,113,15,119,53,85,128,80,51,138,101,143,248,230,219,60,16,108,29,129,241,199,229,245,134,157,41,85,25,77,185,181,30,18,106,186,88,58,73,208,24,67,191,19,74,51,40,146,159,191,226,36,132,238,24,178,127,210,45,173
33,86,35,24,64,36,11,21,18,39,94,172,121,77,111,71,238,12,17,174,5,32,23,234,55,93,46,94,175,145,125,245,229,178,209,134,44,152,215,194,167,189,226,161,95,184,5,29,19,49,35,76,234,90,62,18,110,183,153,129,217,194,236,207,133,34,13,164,83,6,57,217,73,238,48,244,254,211,157,148,16,23,153,73,97,96,191,58,245,9,150,129,208,208,40,211,97,149,68,174,40,62,199,231,232,231,249,87,31,136,157,160,57,222,203,41,190,230,71,137,168,244,198,34,38,19,235,216,0,216,88,153,161,17,6,115,163,190,232,58,2,30,200,21,24,5,214,88,222,80,76,219,47,102,27,167,46,139,198,207,248,165,50,7,58,183,218,89,185,228,109,228,164,74,99,171,124,18,239,244,153,159,215,1,241,151,177,155,178,41,199,177,168,168,155,17,99,41,101,242,64,167,130,47,89,239,168,209,247,107,116,139,72,178,171,44,54,57,57,136,235,51,214,41,209,81,230,231,230,216,74,106,29,77,62,60,57,167,60,130,232,115,3,71,17,61,235,246,210,195,230,137,250,240,231,175
28,189,227,31,210,11,14,13,193,227,97,244,61,133,249,240,125,220,67,234,5,244,198,38,186,161,176,144,112,64,182,78,95,48,241,240,27,221,196,178,179,169,57,189,137,4,135,13,251,87,212,116,65,136,134,127,64,58,250,248,159,167,181,242,24,146,222,2,110,144,245,57,124,34,241,216,125,235,160,254,246,127,249,11,223,87,117,0,191,119,171,243,41,211,214,78,92,199,107,44,57,41,159,3,18,115,195,26,15,147,165,45,143,203,160,22,202,19,133,149,15,179,233,128,221,209,237,145,46,178,34,220,109,94,108,76,23,115,236,237,63,171,214,23,158,195,142,213,37,206,54,234,23,218,75,33,6,211,128,167,213,195,235,246,161,170,215,130,12,44,179,248,74,167,97,107,185,3,250,108,8,160,37,3,143,55,185,180,22,110,163,37,212,8,90,213,36,54,74,161,240,229,9,9,39,176,217,192,189,7,76,99,62,242,108,212,119,25,62,149,192,129,196,231,214,117,113,137,241,10,105,88,198,68,43,201,183,50,36,212,15,164,192,35,201,127,225,217,135,129,64,168,101,90,215,252
201,119,37,75,9,55,252,230,156,100,254,182,4,148,222,31,113,208,38,144,154,172,57,83,200,198,94,200,16,45,201,114,149,202,78,127,226,125,215,30,129,0,18,105,4,212,26,118,165,69,81,217,75,54,116,79,227,29,149,141,209,197,56,93,64,116,238,86,162,231,168,191,154,231,91,36,154,170,51,173,139,137,9,168,188,255,26,234,79,17,210,125,179,36,75,109,67,41,183,0,199,220,97,87,213,2,222,163,219,76,21,138,102,120,72,142,74,25,135,149,82,213,237,219,57,22,77,148,96,8,29,158,153,83,190,30,79,91,220,29,52,174,0,153,125,56,193,255,98,121,137,7,13,9,56,209,228,64,185,231,6,14,89,0,206,93,107,47,237,106,223,29,231,71,123,122,76,131,193,132,239,5,50,21,4,64,51,4,69,114,202,69,222,255,42,123,169,111,97,31,119,97,172,232,119,187,163,56,170,221,102,134,250,39,187,49,140,74,218,192,37,155,223,59,143,91,57,139,187,212,22,101,200,97,227,254,200,94,161,238,119,159,168,106,175,201,0,88,131,128,80,39,52,103,86,220
38,95,106,198,238,102,122,214,68,166,246,165,166,52,125,6,137,52,58,11,241,226,72,175,203,144,149,122,197,239,87,9,57,155,197,2,171,111,149,175,188,167,97,114,66,45,230,188,82,68,253,74,199,7,18,216,124,151,56,50,85,70,138,33,218,42,100,207,72,41,31,199,96,242,17,83,6,33,199,66,163,172,147,1,151,139,102,131,225,216,245,177,35,83,253,181,10,148,82,90,81,179,200,220,108,218,170,179,160,218,157,223,57,32,127,112,211,44,105,190,241,52,47,45,102,43,137,84,126,113,25,48,167,180,33,55,113,95,55,62,3,61,223,8,148,82,230,217,85,73,13,7,118,216,12,224,153,218,4,183,38,21,171,48,219,42,46,253,160,248,76,232,96,31,44,17,148,139,193,117,208,51,244,59,177,237,160,86,206,51,189,181,30,217,59,18,164,214,5,64,96,247,187,227,179,107,232,181,247,183,177,148,228,63,102,141,86,240,28,118,12,238,145,248,209,190,45,129,82,134,27,168,134,121,132,47,236,20,80,76,165,103,240,226,112,23,86,0,102,218,159,27,150,139,164,220
209,16,109,10,220,221,199,164,22,56,114,41,74,110,100,255,212,231,134,220,234,136,227,33,78,82,217,139,130,112,122,114,214,116,177,206,143,166,79,139,177,83,230,51,136,145,199,47,52,119,105,249,8,245,112,56,167,65,64,184,36,130,255,75,241,94,240,38,61,241,154,181,8,4,163,198,69,151,156,112,33,136,74,103,157,116,9,208,104,7,253,245,226,29,215,88,6,32,216,80,31,252,4,167,124,94,102,35,152,123,3,56,18,169,163,236,187,188,76,223,139,81,131,19,76,238,227,165,120,142,28,44,13,220,95,157,52,23,140,245,98,217,85,133,2,149,193,209,234,5,7,163,37,244,117,204,24,120,4,246,178,18,160,34,75,14,30,121,246,47,113,202,216,18,226,47,152,199,15,168,14,22,211,121,151,253,117,154,208,167,74,239,56,208,109,80,204,127,46,107,13,60,196,29,239,253,243,31,160,203,116,139,58,63,67,158,13,91,23,129,230,41,206,117,180,16,167,101,237,80,16,103,249,43,3,73,6,81,33,170,207,214,118,234,216,162,193,137,251,51,130,166,150,42,38,56
17,78,74,155,230,229,208,174,142,192,81,8,96,129,21,251,116,204,101,90,83,222,156,68,105,202,110,180,249,191,203,170,54,165,213,20,17,183,244,36,40,48,248,186,9,112,233,174,25,234,52,34,144,236,189,54,93,127,112,216,155,134,192,247,242,236,189,123,158,202,233,252,109,22,236,133,165,125,78,12,2,164,233,194,191,43,253,39,46,44,133,83,64,181,66,249,20,80,51,12,250,43,149,198,159,57,121,28,11,115,124,155,126,106,72,238,109,14,148,173,99,97,255,50,188,135,75,230,26,142,150,204,166,240,137,131,254,254,158,32,239,141,178,98,89,87,44,252,63,19,65,105,60,68,62,184,40,115,72,56,70,128,15,31,51,156,38,80,10,59,212,98,41,230,208,205,171,82,227,98,96,181,155,32,147,221,173,163,115,134,216,68,242,251,205,147,73,84,208,240,158,98,63,141,187,33,105,195,124,102,123,252,96,247,35,164,209,5,241,184,32,191,97,200,12,130,214,121,234,45,254,174,21,240,244,57,8,173,201,199,22,70,97,11,123,173,208,28,187,2,232,92,66,120,143,242
58,159,157,161,25,79,32,18,22,44,98,251,216,145,198,102,202,162,183,208,76,113,34,61,77,147,11,225,210,159,229,225,17,174,80,191,235,253,209,248,70,182,155,30,104,93,220,147,13,107,214,88,194,3,214,66,153,188,130,95,68,251,152,202,106,246,237,101,184,65,235,61,64,20,60,124,81,149,15,104,57,161,31,227,141,142,92,148,32,89,87,66,92,156,98,66,182,144,85,176,63,171,145,62,238,49,36,96,101,201,89,199,190,123,207,153,85,133,239,153,161,254,212,196,186,192,247,100,115,214,2,109,73,67,191,248,131,22,253,229,16,82,67,155,144,212,29,16,65,176,215,250,78,213,41,27,72,87,176,21,32,168,135,220,207,246,22,114,254,185,150,14,33,51,77,231,151,23,6,222,4,28,202,77,73,242,32,25,54,34,162,196,9,234,58,0,46,123,217,151,17,190,214,28,56,245,67,159,43,95,175,149,92,34,86,83,167,227,142,116,1,65,162,88,50,107,14,103,67,37,4,61,196,220,120,254,91,181,117,1,234,182,144,149,144,187,159,75,213,155,114,45,93,218,143,182
149,7,206,106,49,164,141,168,132,175,165,98,253,166,200,147,49,211,156,56,44,193,83,125,0,248,191,56,218,15,248,47,139,22,164,173,211,67,185,164,212,184,17,85,54,8,243,219,252,11,129,172,152,119,57,240,83,166,108,23,107,66,135,205,20,189,136,55,112,48,112,196,87,74,134,48,215,10,38,150,65,13,40,224,231,71,150,14,66,202,144,161,218,221,187,229,14,180,58,114,155,158,69,106,231,187,246,150,121,155,127,146,142,212,210,225,21,124,48,134,29,31,124,225,98,114,194,248,131,124,205,27,221,113,240,129,213,249,181,155,100,229,164,187,86,147,140,101,198,199,65,202,195,149,175,2,158,40,225,150,199,210,171,186,186,185,73,67,221,120,197,186,130,85,41,31,16,189,166,196,183,245,26,206,146,148,151,226,169,1,16,242,149,237,165,125,67,254,49,196,180,9,251,180,42,229,8,29,149,140,78,104,68,254,192,26,52,82,34,72,110,13,246,81,236,115,199,119,249,175,26,213,74,253,251,25,170,141,39,43,245,13,132,53,57,89,50,51,10,57,85,53,101,7,189,52
116,251,85,197,78,182,176,226,151,33,205,8,206,170,71,228,0,127,72,212,179,242,26,141,183,79,104,127,55,12,121,67,26,109,16,179,8,218,17,42,20,94,77,234,94,129,189,47,245,167,197,185,162,53,195,197,101,148,195,0,128,31,217,189,21,186,53,72,167,37,246,252,211,204,20,227,245,6,164,31,190,30,42,83,13,32,150,82,179,80,174,232,119,136,255,128,40,175,71,208,116,216,185,108,119,216,143,163,242,46,138,82,187,221,141,193,25,101,119,215,174,145,108,190,200,60,29,8,231,1,235,65,188,194,49,82,128,109,234,16,193,87,90,183,229,25,62,253,90,149,13,106,223,5,250,146,66,89,207,50,165,178,28,193,128,28,150,218,128,108,235,225,150,59,10,147,96,106,251,173,165,174,14,137,109,159,248,157,188,255,40,196,228,124,249,57,99,225,221,214,211,138,67,74,135,34,27,59,255,215,110,118,209,40,50,162,193,64,204,33,86,144,218,53,181,147,177,123,25,210,29,18,116,65,163,245,175,218,61,212,247,166,136,29,95,158,220,161,98,23,9,15,248,161,206,42
13,120,129,238,179,233,142,72,205,200,129,1,96,10,36,101,3,125,6,140,77,75,30,62,132,245,94,34,116,175,230,36,121,133,19,86,2,245,116,243,227,145,131,171,237,198,221,7,129,80,44,175,8,30,178,210,176,225,22,243,205,238,78,2,43,145,29,167,170,64,177,115,113,90,51,78,199,166,119,171,184,174,181,172,222,164,46,200,63,46,39,172,148,166,154,167,55,85,223,231,119,255,160,144,236,12,212,72,10,51,79,15,109,57,225,72,81,34,92,255,15,28,210,160,217,179,219,61,226,254,37,41,236,125,14,179,236,197,247,134,205,103,211,248,119,110,64,19,46,17,255,223,38,223,38,203,14,157,9,35,59,237,57,194,22,207,70,254,209,20,236,250,65,164,234,98,167,160,99,81,184,22,148,93,242,134,74,141,159,219,28,89,191,96,100,98,87,172,253,182,102,155,142,133,37,52,246,77,77,23,55,90,203,246,44,186,250,116,220,187,145,57,139,20,47,236,170,217,17,104,82,239,157,133,161,115,82,226,154,245,148,201,73,86,97,204,55,28,169,217,29,77,32,128,165,211
11,136,186,177,103,87,25,137,41,39,172,247,2,39,53,30,38,15,203,34,192,21,80,192,24,32,107,128,251,202,145,203,88,145,171,199,116,96,61,184,87,42,215,107,207,97,53,97,45,122,119,195,85,219,76,12,107,10,26,127,36,235,213,43,143,201,137,32,249,214,71,252,124,42,207,153,3,243,98,247,179,85,113,169,85,177,138,70,4,214,223,60,158,203,142,5,162,137,165,85,86,251,250,211,196,68,253,74,125,38,75,30,1,246,3,58,225,99,254,101,198,88,149,244,37,32,9,134,94,125,164,233,140,142,34,51,12,34,204,126,86,239,43,143,190,124,145,239,106,0,99,47,14,20,184,200,124,62,245,97,180,64,246,126,34,198,48,153,3,107,166,249,122,14,78,46,28,173,99,57,233,20,153,122,219,177,212,214,14,152,35,166,159,132,161,216,66,136,201,106,193,190,211,59,65,229,51,194,134,44,92,244,241,127,158,231,99,102,152,97,60,32,88,185,125,183,141,49,81,175,198,113,86,0,100,79,172,253,234,137,138,46,78,145,249,249,90,104,198,197,199,119,157,50,57,105
62,186,134,206,8,72,72,72,30,161,133,231,56,172,25,110,101,226,171,217,132,109,114,223,131,107,249,130,109,242,203,23,193,130,207,129,172,47,30,72,133,106,226,91,239,222,75,177,212,77,38,29,114,93,113,29,206,157,255,196,169,177,234,54,10,200,147,13,78,171,159,254,170,9,72,216,114,204,98,230,166,20,47,200,62,114,140,230,97,15,142,43,190,192,246,117,104,83,113,62,203,97,14,116,62,86,38,235,74,81,87,57,241,113,247,147,83,228,44,71,211,86,74,151,165,80,6,227,42,66,92,50,22,131,108,136,36,184,94,173,205,8,115,46,171,247,41,18,183,130,159,20,176,72,40,58,251,23,160,232,196,164,195,111,162,94,23,81,255,186,19,235,145,84,51,130,161,52,10,188,96,211,181,101,249,214,115,106,55,185,96,52,174,229,198,232,106,54,164,189,140,28,157,225,235,192,11,79,104,64,116,104,40,169,254,127,237,207,102,121,133,250,250,161,214,242,199,207,131,100,71,123,174,122,54,138,233,86,34,92,145,54,166,215,23,118,9,245,240,7,74,80,123,104,31,13
100,105,140,63,208,128,20,141,149,41,205,237,185,32,155,164,49,18,108,167,187,210,11,2,253,70,194,177,152,48,117,215,62,91,242,160,25,227,50,187,96,126,243,27,18,65,141,207,237,244,145,152,234,21,233,197,199,104,73,226,16,115,70,233,183,255,13,224,161,135,21,236,186,136,226,19,143,43,215,198,8,233,68,5,142,43,123,138,83,156,166,100,131,129,40,128,27,40,231,201,127,76,50,243,40,203,139,38,180,11,185,230,72,0,83,217,123,11,106,11,55,69,254,121,96,62,168,2,31,143,190,217,224,193,55,179,89,26,189,135,89,181,98,52,72,203,162,123,54,64,210,125,71,71,252,32,238,61,184,90,69,217,169,207,79,178,171,87,90,13,36,55,91,206,167,47,165,105,38,160,97,173,167,178,248,222,171,118,137,39,15,216,133,8,184,144,235,204,19,115,173,114,72,147,231,154,253,156,66,191,20,84,11,211,156,164,21,171,228,97,6,171,27,33,115,183,148,57,12,52,53,35,82,52,13,241,22,61,63,20,46,252,150,199,111,61,8,113,115,176,18,153,198,56,131,25
139,117,195,95,253,24,228,68,4,200,101,146,70,81,237,25,20,136,23,201,180,122,193,184,15,169,69,19,125,137,87,2,42,189,3,217,160,172,181,204,224,32,185,74,91,159,206,247,135,24,60,115,242,91,25,48,48,240,121,139,11,30,173,194,3,14,76,19,219,108,152,91,42,107,250,233,233,3,137,60,154,33,134,47,40,12,72,153,181,171,80,69,131,175,163,211,242,144,56,214,61,202,29,82,190,21,206,177,175,160,130,169,139,188,3,62,189,143,89,199,252,177,149,129,146,10,202,151,212,64,61,229,1,4,199,131,249,41,128,56,111,224,213,45,87,186,196,37,198,48,87,82,129,9,59,233,113,47,199,56,79,250,85,109,17,194,75,101,173,85,223,147,54,49,31,25,115,80,228,146,7,85,32,74,83,165,139,12,244,88,183,150,154,108,200,136,35,208,65,118,159,241,53,193,251,46,92,67,179,186,10,55,143,190,249,98,148,116,63,70,136,127,44,194,167,116,64,200,222,60,124,199,43,158,205,100,12,152,196,235,75,192,109,147,32,199,0,88,47,205,232,254,7,152,17,93
247,12,123,2,32,224,198,194,182,133,18,157,49,233,117,30,141,249,177,91,29,228,92,123,203,22,245,190,155,200,186,53,80,231,237,109,69,179,39,168,188,253,36,252,144,212,111,158,53,137,201,203,84,217,5,32,60,39,127,169,186,185,42,224,96,238,143,136,236,228,63,213,228,213,0,47,115,146,44,77,80,116,91,176,183,7,137,225,225,129,60,197,119,183,197,158,208,221,71,236,56,117,225,220,144,80,250,62,18,39,8,251,50,197,65,201,90,128,106,255,187,48,24,110,69,186,137,47,66,165,31,232,157,195,6,142,250,31,209,241,13,182,224,81,218,187,204,67,33,157,23,43,66,132,50,88,217,50,163,222,249,141,75,201,29,94,253,53,137,16,193,80,211,13,130,136,19,65,62,188,117,170,148,200,77,69,93,108,91,113,226,61,151,28,86,71,220,0,52,42,89,51,90,232,52,52,36,153,172,216,77,166,206,44,239,75,79,112,79,1,49,253,85,56,40,68,7,23,25,102,217,89,12,38,11,184,68,36,29,51,66,61,1,197,228,223,12,111,206,49,29,207,243,230,35,74
187,244,231,86,37,219,54,165,139,178,176,254,210,182,87,229,11,215,65,152,166,226,77,49,65,127,150,175,174,16,51,231,219,253,248,93,240,111,49,8,196,137,4,12,188,173,33,64,94,180,23,190,140,73,247,90,86,229,114,249,115,163,169,86,45,47,175,32,60,246,95,251,6,76,57,127,110,20,93,101,53,231,111,139,81,168,163,20,186,245,253,171,107,21,155,76,145,169,239,189,50,180,246,86,109,90,3,247,83,138,15,226,30,202,101,112,204,233,39,92,4,152,179,120,246,40,130,192,42,244,44,221,43,248,65,159,241,40,92,48,122,17,212,141,164,76,212,90,80,163,62,141,188,185,133,214,163,101,87,17,227,19,112,199,43,247,236,25,19,38,186,202,72,112,123,86,217,158,95,85,161,204,174,247,34,216,212,124,193,34,111,32,109,133,245,92,60,191,209,108,176,190,131,112,165,60,162,11,6,38,52,98,224,18,216,75,232,59,202,160,69,166,183,13,224,33,218,50,216,71,241,30,208,96,240,236,76,31,159,58,209,105,193,14,178,190,7,78,230,78,91,121,233,24,178,91
