image_name,run_length,value,huffman_code,code_length
0000.jpg,0,-1,110,3
0000.jpg,0,1,100,3
0000.jpg,0,0,0010,4
0000.jpg,0,2,0110,4
0000.jpg,0,-2,11110,5
0000.jpg,0,3,01110,5
0000.jpg,7,-1,01001,5
0000.jpg,7,1,00010,5
0000.jpg,0,-4,001111,6
0000.jpg,0,-3,111011,6
0000.jpg,0,4,010111,6
0000.jpg,1,-1,101110,6
0000.jpg,1,1,101111,6
0000.jpg,5,1,000010,6
0000.jpg,6,-1,101001,6
0000.jpg,6,1,101000,6
0000.jpg,0,-6,0101000,7
0000.jpg,0,-5,1110010,7
0000.jpg,0,5,1110001,7
0000.jpg,0,6,0111110,7
0000.jpg,0,7,0000001,7
0000.jpg,0,15,0001110,7
0000.jpg,4,-1,0100001,7
0000.jpg,4,1,0011000,7
0000.jpg,5,-1,1111111,7
0000.jpg,7,-2,0101100,7
0000.jpg,7,2,0011001,7
0000.jpg,0,-8,00110101,8
0000.jpg,0,-7,11101000,8
0000.jpg,0,8,11100000,8
0000.jpg,0,9,01111001,8
0000.jpg,0,10,01010100,8
0000.jpg,0,13,01010101,8
0000.jpg,0,14,10101011,8
0000.jpg,0,16,11111011,8
0000.jpg,0,17,01000111,8
0000.jpg,2,1,00000000,8
0000.jpg,3,-1,01010010,8
0000.jpg,3,1,01000110,8
0000.jpg,4,-2,00001110,8
0000.jpg,4,2,01000000,8
0000.jpg,5,-2,01111111,8
0000.jpg,5,2,10101010,8
0000.jpg,6,-2,10110101,8
0000.jpg,6,2,10101110,8
0000.jpg,7,3,00001101,8
0000.jpg,8,-1,00011001,8
0000.jpg,8,1,00000111,8
0000.jpg,15,1,00011110,8
0000.jpg,0,-10,000001000,9
0000.jpg,0,-9,111110100,9
0000.jpg,0,11,111110001,9
0000.jpg,0,12,101101111,9
0000.jpg,0,18,111111001,9
0000.jpg,0,19,111001100,9
0000.jpg,0,20,101100001,9
0000.jpg,0,21,011110110,9
0000.jpg,0,22,001101110,9
0000.jpg,0,23,000011111,9
0000.jpg,0,24,001110111,9
0000.jpg,0,25,000001010,9
0000.jpg,0,26,000011000,9
0000.jpg,0,27,000000011,9
0000.jpg,0,39,001110010,9
0000.jpg,0,40,001110100,9
0000.jpg,0,41,000001101,9
0000.jpg,0,42,00110image_name,run_length,value,huffman_code,code_length
0000.jpg,0,-1,110,3
0000.jpg,0,1,100,3
0000.jpg,0,0,0010,4
0000.jpg,0,2,0110,4
0000.jpg,0,-2,11110,5
0000.jpg,0,3,01110,5
0000.jpg,7,-1,01001,5
0000.jpg,7,1,00010,5
0000.jpg,0,-4,001111,6
0000.jpg,0,-3,111011,6
0000.jpg,0,4,010111,6
0000.jpg,1,-1,101110,6
0000.jpg,1,1,101111,6
0000.jpg,5,1,000010,6
0000.jpg,6,-1,101001,6
0000.jpg,6,1,101000,6
0000.jpg,0,-6,0101000,7
0000.jpg,0,-5,1110010,7
0000.jpg,0,5,1110001,7
0000.jpg,0,6,0111110,7
0000.jpg,0,7,0000001,7
0000.jpg,0,15,0001110,7
0000.jpg,4,-1,0100001,7
0000.jpg,4,1,0011000,7
0000.jpg,5,-1,1111111,7
0000.jpg,7,-2,0101100,7
0000.jpg,7,2,0011001,7
0000.jpg,0,-8,00110101,8
0000.jpg,0,-7,11101000,8
0000.jpg,0,8,11100000,8
0000.jpg,0,9,01111001,8
0000.jpg,0,10,01010100,8
0000.jpg,0,13,01010101,8
0000.jpg,0,14,10101011,8
0000.jpg,0,16,11111011,8
0000.jpg,0,17,01000111,8
0000.jpg,2,1,00000000,8
0000.jpg,3,-1,01010010,8
0000.jpg,3,1,01000110,8
0000.jpg,4,-2,00001110,8
0000.jpg,4,2,01000000,8
0000.jpg,5,-2,01111111,8
0000.jpg,5,2,10101010,8
0000.jpg,6,-2,10110101,8
0000.jpg,6,2,10101110,8
0000.jpg,7,3,00001101,8
0000.jpg,8,-1,00011001,8
0000.jpg,8,1,00000111,8
0000.jpg,15,1,00011110,8
0000.jpg,0,-10,000001000,9
0000.jpg,0,-9,111110100,9
0000.jpg,0,11,111110001,9
0000.jpg,0,12,101101111,9
0000.jpg,0,18,111111001,9
0000.jpg,0,19,111001100,9
0000.jpg,0,20,101100001,9
0000.jpg,0,21,011110110,9
0000.jpg,0,22,001101110,9
0000.jpg,0,23,000011111,9
0000.jpg,0,24,001110111,9
0000.jpg,0,25,000001010,9
0000.jpg,0,26,000011000,9
0000.jpg,0,27,000000011,9
0000.jpg,0,39,001110010,9
0000.jpg,0,40,001110100,9
0000.jpg,0,41,000001101,9
0000.jpg,0,42,001101001,9
0000.jpg,0,43,000001001,9
0000.jpg,0,44,010100111,9
0000.jpg,0,45,010110100,9
0000.jpg,0,46,001110001,9
0000.jpg,0,47,010000010,9
0000.jpg,0,48,000111111,9
0000.jpg,0,49,010000011,9
0000.jpg,0,50,001101101,9
0000.jpg,0,51,000001011,9
0000.jpg,0,52,000110100,9
0000.jpg,0,53,000110001,9
0000.jpg,0,54,001101111,9
0000.jpg,0,55,010101101,9
0000.jpg,0,56,010001011,9
0000.jpg,0,57,101010011,9
0000.jpg,0,58,101011000,9
0000.jpg,0,59,010101111,9
0000.jpg,1,-2,111110011,9
0000.jpg,1,2,111010010,9
0000.jpg,2,-1,111111011,9
0000.jpg,3,-2,011110001,9
0000.jpg,3,2,101100000,9
0000.jpg,4,-3,001101100,9
0000.jpg,4,3,010001000,9
0000.jpg,5,-3,101100010,9
0000.jpg,5,3,101011010,9
0000.jpg,6,-3,101100101,9
0000.jpg,6,3,101100011,9
0000.jpg,7,-3,111010011,9
0000.jpg,7,4,010110110,9
0000.jpg,15,-1,111000011,9
0000.jpg,0,-13,0000110011,10
0000.jpg,0,-12,0011100110,10
0000.jpg,0,-11,1110011011,10
0000.jpg,0,28,1110101000,10
0000.jpg,0,29,1111101011,10
0000.jpg,0,30,1011011000,10
0000.jpg,0,31,1011011001,10
0000.jpg,0,32,1011001000,10
0000.jpg,0,33,1011010010,10
0000.jpg,0,34,1010110110,10
0000.jpg,0,35,1011011101,10
0000.jpg,0,36,1010110111,10
0000.jpg,0,37,1010110010,10
0000.jpg,0,38,1110101001,10
0000.jpg,0,60,1110101101,10
0000.jpg,0,61,1010110011,10
0000.jpg,0,62,0111111000,10
0000.jpg,0,63,0011101010,10
0000.jpg,0,64,0101101011,10
0000.jpg,0,65,0011100001,10
0000.jpg,0,127,0001101111,10
0000.jpg,0,128,0111111001,10
0000.jpg,1,-3,0111101000,10
0000.jpg,1,3,0100010011,10
0000.jpg,2,-2,0001100000,10
0000.jpg,3,-4,0011010000,10
0000.jpg,3,-3,1011011010,10
0000.jpg,3,3,1110011010,10
0000.jpg,3,4,0100010101,10
0000.jpg,4,-4,1011010000,10
0000.jpg,4,4,1010111100,10
0000.jpg,4,5,0111100000,10
0000.jpg,5,-5,0000011001,10
0000.jpg,5,-4,1011001101,10
0000.jpg,5,4,1011011100,10
0000.jpg,5,5,0111100001,10
0000.jpg,6,-4,1011001111,10
0000.jpg,6,4,1110011111,10
0000.jpg,6,5,0111101010,10
0000.jpg,7,-5,0101101010,10
0000.jpg,7,-4,1111110101,10
0000.jpg,7,5,1110011100,10
0000.jpg,7,6,0001111101,10
0000.jpg,7,7,0101001101,10
0000.jpg,13,-1,0000011000,10
0000.jpg,13,1,0000111101,10
0000.jpg,14,-1,1111110001,10
0000.jpg,14,1,1110101111,10
0000.jpg,0,-17,00111000001,11
0000.jpg,0,-15,01111110110,11
0000.jpg,0,-14,11111010101,11
0000.jpg,0,66,11101010100,11
0000.jpg,0,67,10110110111,11
0000.jpg,0,68,10110011100,11
0000.jpg,0,69,11111000001,11
0000.jpg,0,70,11111010100,11
0000.jpg,0,71,11111001011,11
0000.jpg,0,72,11111000010,11
0000.jpg,0,73,11111001000,11
0000.jpg,0,74,10110100010,11
0000.jpg,0,75,01111110111,11
0000.jpg,0,76,00111010110,11
0000.jpg,0,77,01010110001,11
0000.jpg,0,78,00111010111,11
0000.jpg,0,88,10101111011,11
0000.jpg,0,89,00011111001,11
0000.jpg,0,124,00001100101,11
0000.jpg,0,125,00001111001,11
0000.jpg,0,126,01000100101,11
0000.jpg,1,-4,10110010011,11
0000.jpg,1,4,00011000011,11
0000.jpg,2,-4,00111001111,11
0000.jpg,2,-3,11100111101,11
0000.jpg,2,2,11111101001,11
0000.jpg,2,3,10101111111,11
0000.jpg,2,4,01011011100,11
0000.jpg,3,-6,00011111000,11
0000.jpg,3,-5,11100001001,11
0000.jpg,3,5,11101011100,11
0000.jpg,3,6,01111110101,11
0000.jpg,3,7,01010110000,11
0000.jpg,3,8,00001111000,11
0000.jpg,4,-6,01010110011,11
0000.jpg,4,-5,11111000000,11
0000.jpg,4,6,10101111010,11
0000.jpg,4,7,01000100100,11
0000.jpg,5,-6,01011011101,11
0000.jpg,5,6,11100111011,11
0000.jpg,5,7,10101000001,11
0000.jpg,6,-7,00000001001,11
0000.jpg,6,-6,01111010010,11
0000.jpg,6,-5,11111000011,11
0000.jpg,6,6,11100001010,11
0000.jpg,6,7,01011011110,11
0000.jpg,7,-6,11111100001,11
0000.jpg,7,8,01011011111,11
0000.jpg,7,9,01000101000,11
0000.jpg,9,1,00011010100,11
0000.jpg,12,-1,01111010110,11
0000.jpg,12,1,00000001000,11
0000.jpg,0,-21,010100110000,12
0000.jpg,0,-20,000110101011,12
0000.jpg,0,-19,011110100111,12
0000.jpg,0,-18,111000010111,12
0000.jpg,0,-16,101101000111,12
0000.jpg,0,79,011110101111,12
0000.jpg,0,80,101100111011,12
0000.jpg,0,81,101011111101,12
0000.jpg,0,82,011110111000,12
0000.jpg,0,83,001101000101,12
0000.jpg,0,84,101011111010,12
0000.jpg,0,85,000011001000,12
0000.jpg,0,86,111000010001,12
0000.jpg,0,87,111000010110,12
0000.jpg,0,90,101011111001,12
0000.jpg,0,92,001110110010,12
0000.jpg,0,93,011111101000,12
0000.jpg,0,96,101100111010,12
0000.jpg,0,98,101010000101,12
0000.jpg,0,99,101011111011,12
0000.jpg,0,100,101101000110,12
0000.jpg,0,101,001110110001,12
0000.jpg,0,102,001110110011,12
0000.jpg,0,123,001101000100,12
0000.jpg,1,-5,001110000000,12
0000.jpg,1,5,111010101010,12
0000.jpg,2,-7,101010000001,12
0000.jpg,2,-6,001110110100,12
0000.jpg,2,-5,001101000110,12
0000.jpg,2,5,101100110000,12
0000.jpg,2,6,001110110000,12
0000.jpg,3,-11,010001010011,12
0000.jpg,3,-9,101010000100,12
0000.jpg,3,-8,001101000111,12
0000.jpg,3,-7,011110101110,12
0000.jpg,3,9,101011111000,12
0000.jpg,3,10,011110111111,12
0000.jpg,4,-10,000000010101,12
0000.jpg,4,-9,000110101010,12
0000.jpg,4,-7,101011111100,12
0000.jpg,4,8,111001111001,12
0000.jpg,4,10,010001010010,12
0000.jpg,4,11,000000010111,12
0000.jpg,5,-9,010100110001,12
0000.jpg,5,-8,111000010000,12
0000.jpg,5,-7,111110010010,12
0000.jpg,5,8,010100110010,12
0000.jpg,5,9,000110101100,12
0000.jpg,5,10,000110000101,12
0000.jpg,6,-9,010101110000,12
0000.jpg,6,-8,001110000001,12
0000.jpg,6,8,101010000110,12
0000.jpg,6,9,010101100101,12
0000.jpg,6,10,011110111001,12
0000.jpg,7,-16,101010000000,12
0000.jpg,7,-15,011110111100,12
0000.jpg,7,-14,000110101111,12
0000.jpg,7,-13,000110101101,12
0000.jpg,7,-11,000011001001,12
0000.jpg,7,-10,010100110011,12
0000.jpg,7,-8,011111101001,12
0000.jpg,7,-7,111001110101,12
0000.jpg,7,10,011110111011,12
0000.jpg,7,11,101100100100,12
0000.jpg,7,12,011110100110,12
0000.jpg,7,13,000110101110,12
0000.jpg,8,2,000000010110,12
0000.jpg,9,-1,111010111010,12
0000.jpg,16,-1,101100100101,12
0000.jpg,16,1,001110011101,12
0000.jpg,23,-1,111001110100,12
0000.jpg,23,1,011110111010,12
0000.jpg,0,-26,1011001100100,13
0000.jpg,0,-25,1111100100111,13
0000.jpg,0,-24,1010100001110,13
0000.jpg,0,-23,0111101111100,13
0000.jpg,0,-22,1111100101000,13
0000.jpg,0,91,1011010011000,13
0000.jpg,0,94,1111100100110,13
0000.jpg,0,95,0111101111101,13
0000.jpg,0,97,1111110000011,13
0000.jpg,0,109,0101011100101,13
0000.jpg,0,116,0101011100011,13
0000.jpg,0,117,0011101101010,13
0000.jpg,0,118,1011001100101,13
0000.jpg,0,120,0101011100010,13
0000.jpg,0,121,0001101100000,13
0000.jpg,1,-7,1011001100010,13
0000.jpg,1,-6,1011010011001,13
0000.jpg,1,6,1110101110111,13
0000.jpg,1,7,1010100010001,13
0000.jpg,2,-11,0111101111010,13
0000.jpg,2,-9,1110011110001,13
0000.jpg,2,-8,1010100010011,13
0000.jpg,2,7,1010100010000,13
0000.jpg,2,8,0101011001001,13
0000.jpg,2,9,1110101010111,13
0000.jpg,2,10,0001101100010,13
0000.jpg,2,11,0011100111001,13
0000.jpg,2,13,1011001100011,13
0000.jpg,3,-13,0101011100110,13
0000.jpg,3,-10,1010100010010,13
0000.jpg,3,11,1110101010110,13
0000.jpg,3,12,0001100001001,13
0000.jpg,3,13,1010100001111,13
0000.jpg,4,-15,0001101100001,13
0000.jpg,4,-12,0111101111011,13
0000.jpg,4,-11,0011101101100,13
0000.jpg,4,-8,1111110000001,13
0000.jpg,4,9,1111110000010,13
0000.jpg,4,12,0011101101011,13
0000.jpg,4,13,0000000101000,13
0000.jpg,5,-15,0011101101111,13
0000.jpg,5,-13,0001101100011,13
0000.jpg,5,-11,0001101100100,13
0000.jpg,5,-10,0101011101000,13
0000.jpg,5,11,0000000101001,13
0000.jpg,5,12,1110101011001,13
0000.jpg,6,-17,0101011100100,13
0000.jpg,6,-16,0011101101110,13
0000.jpg,6,-14,1111100101001,13
0000.jpg,6,-13,1011001100111,13
0000.jpg,6,-12,1011001100110,13
0000.jpg,6,-11,0101011100111,13
0000.jpg,6,-10,1011010011011,13
0000.jpg,6,11,1111100101010,13
0000.jpg,6,12,1110101011010,13
0000.jpg,7,-24,0001101100101,13
0000.jpg,7,-23,0101011001000,13
0000.jpg,7,-18,0001100001000,13
0000.jpg,7,-17,1011010011100,13
0000.jpg,7,-12,1110101011011,13
0000.jpg,7,-9,1111100101011,13
0000.jpg,8,-2,1110101011000,13
0000.jpg,11,-1,0011101101101,13
0000.jpg,15,-2,1010100010101,13
0000.jpg,15,2,1010100010110,13
0000.jpg,22,-1,1011010011010,13
0000.jpg,22,1,1010100010100,13
0000.jpg,0,-35,01010111010111,14
0000.jpg,0,-34,10101000110001,14
0000.jpg,0,-32,11111101000110,14
0000.jpg,0,-31,11111101000000,14
0000.jpg,0,-30,00011011011100,14
0000.jpg,0,-29,11111101000011,14
0000.jpg,0,-28,10110100111100,14
0000.jpg,0,-27,10110110110000,14
0000.jpg,0,103,11111101000101,14
0000.jpg,0,104,01010111010101,14
0000.jpg,0,105,01010111010110,14
0000.jpg,0,106,10110100111010,14
0000.jpg,0,107,00011011010000,14
0000.jpg,0,108,10110100111011,14
0000.jpg,0,110,11101011000001,14
0000.jpg,0,111,11101011000000,14
0000.jpg,0,112,01010111011001,14
0000.jpg,0,113,11101010111100,14
0000.jpg,0,114,11101010111011,14
0000.jpg,0,115,11101010111010,14
0000.jpg,0,119,10110100111101,14
0000.jpg,0,122,11111100000001,14
0000.jpg,1,-9,10110100111110,14
0000.jpg,1,-8,11101010111000,14
0000.jpg,1,8,00011011011001,14
0000.jpg,1,9,01010111011010,14
0000.jpg,2,-17,00011011010110,14
0000.jpg,2,-15,00011011001110,14
0000.jpg,2,-13,01010111011000,14
0000.jpg,2,-12,01010111011100,14
0000.jpg,2,-10,10110110110001,14
0000.jpg,2,12,11101011000100,14
0000.jpg,2,14,11101011000011,14
0000.jpg,2,15,00011011001100,14
0000.jpg,2,18,01010111010011,14
0000.jpg,3,-19,10101000101110,14
0000.jpg,3,-15,11111101000010,14
0000.jpg,3,-14,00011011010011,14
0000.jpg,3,-12,10110100111111,14
0000.jpg,3,15,01010111010100,14
0000.jpg,3,16,10101000110000,14
0000.jpg,3,17,11101010111110,14
0000.jpg,4,-19,00011011010010,14
0000.jpg,4,-18,00011011001111,14
0000.jpg,4,-16,10110110110011,14
0000.jpg,4,-14,01010111010010,14
0000.jpg,4,-13,11101010111001,14
0000.jpg,4,14,11101010111101,14
0000.jpg,4,15,00011011010111,14
0000.jpg,4,16,10101000101111,14
0000.jpg,4,20,11111101000100,14
0000.jpg,5,-17,11101010111111,14
0000.jpg,5,-16,00011011011011,14
0000.jpg,5,-14,10101000110100,14
0000.jpg,5,-12,10101000110011,14
0000.jpg,5,13,10110110110010,14
0000.jpg,5,14,00011011010100,14
0000.jpg,5,15,01010111011110,14
0000.jpg,5,17,10101000110010,14
0000.jpg,5,18,11101011000010,14
0000.jpg,5,19,00011011011000,14
0000.jpg,6,-21,01010111011111,14
0000.jpg,6,-19,00011011011010,14
0000.jpg,6,-18,00011011011110,14
0000.jpg,6,-15,11101011000110,14
0000.jpg,6,13,10101000110101,14
0000.jpg,6,14,10110110110110,14
0000.jpg,6,15,01010111011011,14
0000.jpg,6,16,10110110110100,14
0000.jpg,6,22,00011011010101,14
0000.jpg,7,-22,11101011000111,14
0000.jpg,7,-21,11100111100000,14
0000.jpg,7,-19,11101011001000,14
0000.jpg,7,14,10101000110110,14
0000.jpg,10,1,00011011010001,14
0000.jpg,11,1,11111101000111,14
0000.jpg,13,-2,11101011000101,14
0000.jpg,13,2,00011011011111,14
0000.jpg,14,-2,10110110110111,14
0000.jpg,14,2,00011011011101,14
0000.jpg,15,-3,00011011001101,14
0000.jpg,15,3,01010111011101,14
0000.jpg,21,-1,10110110110101,14
0000.jpg,21,1,11111101000001,14
0000.jpg,0,-38,101010001111111,15
0000.jpg,0,-36,101010001101110,15
0000.jpg,0,-33,111010111011000,15
0000.jpg,1,-16,000110111001110,15
0000.jpg,1,-15,000110111000111,15
0000.jpg,1,-13,000110111011001,15
0000.jpg,1,-11,000110111010000,15
0000.jpg,1,-10,000110111010100,15
0000.jpg,1,10,101010001110011,15
0000.jpg,1,11,111010110011010,15
0000.jpg,1,13,000110111001010,15
0000.jpg,1,14,000110111000000,15
0000.jpg,1,16,101010001111000,15
0000.jpg,1,23,000110111010001,15
0000.jpg,2,-25,000110111000001,15
0000.jpg,2,-23,000110111001111,15
0000.jpg,2,-21,000110111000100,15
0000.jpg,2,-20,000110111001101,15
0000.jpg,2,-18,101010001110111,15
0000.jpg,2,-14,111010110010110,15
0000.jpg,2,16,101010001110100,15
0000.jpg,2,17,111010110010101,15
0000.jpg,2,20,000110111000110,15
0000.jpg,2,21,111001111000011,15
0000.jpg,2,22,101010001110110,15
0000.jpg,2,26,000110111000101,15
0000.jpg,3,-31,000110111001000,15
0000.jpg,3,-26,000110111010111,15
0000.jpg,3,-24,101010001111100,15
0000.jpg,3,-23,101010001111101,15
0000.jpg,3,-21,000110111010110,15
0000.jpg,3,-17,111010110010111,15
0000.jpg,3,14,111010110010011,15
0000.jpg,3,18,101010001111001,15
0000.jpg,3,19,101010001110000,15
0000.jpg,3,21,000110111001100,15
0000.jpg,3,22,101010001111110,15
0000.jpg,3,23,111010110011000,15
0000.jpg,4,-17,101010010000001,15
0000.jpg,4,17,101010001101111,15
0000.jpg,4,18,101010001110001,15
0000.jpg,4,19,111010110011011,15
0000.jpg,4,21,111010110010100,15
0000.jpg,4,23,101010001111011,15
0000.jpg,4,24,000110111001011,15
0000.jpg,5,-25,000110111011011,15
0000.jpg,5,-18,101010010000000,15
0000.jpg,5,16,111010110010010,15
0000.jpg,5,20,101010001110010,15
0000.jpg,5,22,000110111001001,15
0000.jpg,6,-26,001110011100000,15
0000.jpg,6,-24,000110111011110,15
0000.jpg,6,-23,111010111011001,15
0000.jpg,6,-20,111010110011111,15
0000.jpg,6,17,111010111011010,15
0000.jpg,6,19,101010010000010,15
0000.jpg,6,23,001110011100001,15
0000.jpg,6,25,000110111000010,15
0000.jpg,7,-25,101010010000100,15
0000.jpg,7,-20,111111000000000,15
0000.jpg,7,16,000110111011100,15
0000.jpg,7,17,111010110011100,15
0000.jpg,7,25,000110111011111,15
0000.jpg,8,3,111010111011011,15
0000.jpg,10,-1,101010001111010,15
0000.jpg,12,-2,101010001110101,15
0000.jpg,12,2,111010110011001,15
0000.jpg,13,4,001110011100010,15
0000.jpg,14,-3,000110111011101,15
0000.jpg,14,4,000110111011000,15
0000.jpg,15,5,101010010000011,15
0000.jpg,15,6,001110011100011,15
0000.jpg,17,-1,111010110011101,15
0000.jpg,17,1,000110111000011,15
0000.jpg,20,-1,000110111010010,15
0000.jpg,20,1,000110111010011,15
0000.jpg,24,-1,000110111010101,15
0000.jpg,31,-1,111010110011110,15
0000.jpg,31,1,000110111011010,15
0000.jpg,0,-40,1010100100110000,16
0000.jpg,0,-37,1010100100111000,16
0000.jpg,1,-28,1010100100110001,16
0000.jpg,1,-26,1010100100001011,16
0000.jpg,1,-23,1010100100100001,16
0000.jpg,1,-20,1010100100001100,16
0000.jpg,1,-14,1010100100011101,16
0000.jpg,1,12,1010100100001110,16
0000.jpg,1,22,1010100100100010,16
0000.jpg,1,24,1010100100011110,16
0000.jpg,2,-32,1010100100010110,16
0000.jpg,2,-28,1010100100001010,16
0000.jpg,2,-27,1010100100101101,16
0000.jpg,2,-22,1010100100011100,16
0000.jpg,2,-19,1010100100010000,16
0000.jpg,2,-16,1010100100111001,16
0000.jpg,2,19,1010100100010111,16
0000.jpg,2,23,1010100100011001,16
0000.jpg,2,24,1010100100100111,16
0000.jpg,3,-35,1010100100010010,16
0000.jpg,3,-25,1010100100001111,16
0000.jpg,3,-22,1010100100110110,16
0000.jpg,3,-20,1010100100100011,16
0000.jpg,3,-18,1111110000000011,16
0000.jpg,3,-16,1010100100100101,16
0000.jpg,3,20,1010100100011000,16
0000.jpg,3,26,1010100100101000,16
0000.jpg,3,28,1010100100111010,16
0000.jpg,3,30,1010100100101010,16
0000.jpg,3,36,1010100100101001,16
0000.jpg,4,-38,1010100100011111,16
0000.jpg,4,-28,1010100100011011,16
0000.jpg,4,-26,1010100100010101,16
0000.jpg,4,-22,1010100100111011,16
0000.jpg,4,-21,1010100100100110,16
0000.jpg,4,-20,1010100100111101,16
0000.jpg,4,22,1010100100101100,16
0000.jpg,4,26,1010100100001101,16
0000.jpg,4,28,1010100100100100,16
0000.jpg,4,29,1010100101001000,16
0000.jpg,4,34,1010100100010001,16
0000.jpg,5,-29,1010100100111110,16
0000.jpg,5,-24,1010100100101011,16
0000.jpg,5,-19,1010100100011010,16
0000.jpg,5,21,1010100100010100,16
0000.jpg,5,26,1010100101000110,16
0000.jpg,5,27,1010100100010011,16
0000.jpg,5,28,1010100101001011,16
0000.jpg,5,29,1010100101000101,16
0000.jpg,5,31,1010100101000001,16
0000.jpg,5,41,1010100100110010,16
0000.jpg,6,-32,1010100101001101,16
0000.jpg,6,-29,1010100101000000,16
0000.jpg,6,-28,1010100100111111,16
0000.jpg,6,-22,1010100101001001,16
0000.jpg,6,18,1010100101000100,16
0000.jpg,6,20,1010100100110100,16
0000.jpg,6,24,1010100100111100,16
0000.jpg,6,34,1010100100110011,16
0000.jpg,7,15,1010100101000011,16
0000.jpg,7,23,1010100101001010,16
0000.jpg,7,29,1010100101000010,16
0000.jpg,8,-4,1010100101010001,16
0000.jpg,8,-3,1010100100110111,16
0000.jpg,11,-2,1010100100101110,16
0000.jpg,13,-3,1010100100110101,16
0000.jpg,13,3,1010100101000111,16
0000.jpg,14,6,1010100101001100,16
0000.jpg,15,4,1010100101001111,16
0000.jpg,19,-1,1010100100101111,16
0000.jpg,23,-2,1010100101001110,16
0000.jpg,30,-1,1010100100100000,16
0000.jpg,30,1,1010100101010000,16
0000.jpg,0,-52,10101001011000111,17
0000.jpg,0,-48,10101001011111100,17
0000.jpg,0,-46,10101001011011000,17
0000.jpg,0,-45,10101001010100101,17
0000.jpg,0,-39,10101001011111000,17
0000.jpg,1,-37,10101001011000011,17
0000.jpg,1,-30,10101001011000001,17
0000.jpg,1,-29,10101001010101100,17
0000.jpg,1,-24,10101001010110011,17
0000.jpg,1,-22,10101001011001111,17
0000.jpg,1,-21,10101001010110111,17
0000.jpg,1,-19,10101001010111100,17
0000.jpg,1,-18,10101001010110001,17
0000.jpg,1,-12,10101001011010111,17
0000.jpg,1,17,10101001010111001,17
0000.jpg,1,27,10101001010100111,17
0000.jpg,1,31,10101001010101110,17
0000.jpg,1,33,10101001011001000,17
0000.jpg,1,40,10101001010101111,17
0000.jpg,2,-45,10101001011100001,17
0000.jpg,2,-44,10101001011001101,17
0000.jpg,2,-38,10101001011011001,17
0000.jpg,2,-31,10101001010110010,17
0000.jpg,2,-29,10101001010101101,17
0000.jpg,2,-26,10101001010100100,17
0000.jpg,2,-24,10101001011000010,17
0000.jpg,2,25,10101001010110000,17
0000.jpg,2,27,10101001011001011,17
0000.jpg,2,28,10101001011001110,17
0000.jpg,2,29,10101001010101001,17
0000.jpg,2,39,10101001010100110,17
0000.jpg,3,-40,10101001010101000,17
0000.jpg,3,-28,10101001011001100,17
0000.jpg,3,24,10101001010110100,17
0000.jpg,3,25,10101001011000000,17
0000.jpg,3,27,10101001010111010,17
0000.jpg,3,31,10101001011101101,17
0000.jpg,3,32,10101001010110101,17
0000.jpg,3,34,10101001010111101,17
0000.jpg,4,-49,10101001011110011,17
0000.jpg,4,-32,10101001011100010,17
0000.jpg,4,-27,10101001011000110,17
0000.jpg,4,-25,10101001010110110,17
0000.jpg,4,-24,10101001011101110,17
0000.jpg,4,-23,10101001011010000,17
0000.jpg,4,30,10101001010101010,17
0000.jpg,4,31,10101001011011100,17
0000.jpg,4,32,10101001010111000,17
0000.jpg,4,35,10101001011100111,17
0000.jpg,4,38,10101001011001010,17
0000.jpg,4,46,10101001011100011,17
0000.jpg,4,53,10101001011110101,17
0000.jpg,4,54,10101001011110111,17
0000.jpg,5,-43,10101001011101000,17
0000.jpg,5,-26,10101001011101011,17
0000.jpg,5,-23,10101001011101111,17
0000.jpg,5,-22,10101001011011010,17
0000.jpg,5,-21,10101001011110100,17
0000.jpg,5,-20,11111100000000100,17
0000.jpg,5,23,10101001011100000,17
0000.jpg,5,32,10101001011100101,17
0000.jpg,5,33,10101001011000100,17
0000.jpg,6,-43,10101001011101001,17
0000.jpg,6,-38,10101001011101010,17
0000.jpg,6,-30,10101001011110000,17
0000.jpg,6,-25,10101001011111101,17
0000.jpg,6,48,10101001011100100,17
0000.jpg,7,-31,10101001011110010,17
0000.jpg,7,18,11100111100001010,17
0000.jpg,7,19,11100111100001001,17
0000.jpg,7,20,11100111100001000,17
0000.jpg,7,22,10101001011101100,17
0000.jpg,7,28,10101001011011111,17
0000.jpg,7,30,10101001011011110,17
0000.jpg,7,53,10101001011110110,17
0000.jpg,8,4,10101001011000101,17
0000.jpg,11,3,10101001011100110,17
0000.jpg,12,-6,10101001011010101,17
0000.jpg,12,-3,10101001011011011,17
0000.jpg,12,4,10101001011111110,17
0000.jpg,13,-5,10101001011001001,17
0000.jpg,13,5,11100111100001011,17
0000.jpg,14,-6,10101001010111110,17
0000.jpg,14,3,10101001011010001,17
0000.jpg,15,-12,10101001011011101,17
0000.jpg,15,-8,10101001011010010,17
0000.jpg,15,-6,10101001011111111,17
0000.jpg,15,7,10101001011110001,17
0000.jpg,16,-2,10101001010111011,17
0000.jpg,18,-1,10101001011010100,17
0000.jpg,18,1,10101001011010110,17
0000.jpg,19,1,10101001010101011,17
0000.jpg,24,1,10101001011111010,17
0000.jpg,25,1,10101001010111111,17
0000.jpg,29,-1,10101001011111001,17
0000.jpg,29,1,10101001011010011,17
0000.jpg,32,-1,10101001011111011,17
0000.jpg,39,-1,11111100000000101,17
0001.jpg,0,-1,101,3
0001.jpg,0,1,010,3
0001.jpg,0,-2,1000,4
0001.jpg,0,2,0001,4
0001.jpg,0,-3,01101,5
0001.jpg,0,3,11100,5
0001.jpg,7,-1,11001,5
0001.jpg,7,1,10010,5
0001.jpg,0,-5,000010,6
0001.jpg,0,-4,110001,6
0001.jpg,0,0,011110,6
0001.jpg,0,4,111101,6
0001.jpg,0,5,100111,6
0001.jpg,1,-1,110110,6
0001.jpg,1,1,110101,6
0001.jpg,5,1,000000,6
0001.jpg,6,-1,011001,6
0001.jpg,6,1,011101,6
0001.jpg,0,6,1001101,7
0001.jpg,0,7,0011011,7
0001.jpg,0,8,0000011,7
0001.jpg,4,-1,0011111,7
0001.jpg,4,1,0111111,7
0001.jpg,5,-1,1111101,7
0001.jpg,7,-2,0010101,7
0001.jpg,7,2,0011110,7
0001.jpg,0,-8,00101101,8
0001.jpg,0,-7,11101111,8
0001.jpg,0,-6,11111101,8
0001.jpg,0,9,11101101,8
0001.jpg,0,10,00100000,8
0001.jpg,0,127,11000000,8
0001.jpg,2,-1,00100101,8
0001.jpg,2,1,00101001,8
0001.jpg,3,-1,00100011,8
0001.jpg,3,1,00100001,8
0001.jpg,4,-2,00110011,8
0001.jpg,4,2,00111010,8
0001.jpg,5,-2,01110011,8
0001.jpg,5,2,01111101,8
0001.jpg,6,-2,11000011,8
0001.jpg,6,2,01110001,8
0001.jpg,7,3,00110101,8
0001.jpg,0,-10,000001010,9
0001.jpg,0,-9,110111010,9
0001.jpg,0,11,111100101,9
0001.jpg,0,12,001010000,9
0001.jpg,0,13,011000100,9
0001.jpg,0,14,011000111,9
0001.jpg,0,15,111111000,9
0001.jpg,0,16,111010011,9
0001.jpg,0,17,111011000,9
0001.jpg,0,18,111100110,9
0001.jpg,0,19,110100010,9
0001.jpg,0,20,110100100,9
0001.jpg,0,21,011000101,9
0001.jpg,0,22,001011101,9
0001.jpg,0,23,001000101,9
0001.jpg,0,24,001110010,9
0001.jpg,0,25,001100000,9
0001.jpg,0,26,001010001,9
0001.jpg,0,27,001110110,9
0001.jpg,0,29,000011001,9
0001.jpg,0,32,001000100,9
0001.jpg,0,36,000011111,9
0001.jpg,0,37,001011000,9
0001.jpg,0,38,011100001,9
0001.jpg,0,39,110111101,9
0001.jpg,0,40,111100001,9
0001.jpg,0,41,111010100,9
0001.jpg,0,42,001110011,9
0001.jpg,0,43,100110011,9
0001.jpg,0,44,011100101,9
0001.jpg,0,45,001001101,9
0001.jpg,0,46,001001001,9
0001.jpg,0,47,000001001,9
0001.jpg,0,48,001100101,9
0001.jpg,0,49,011000011,9
0001.jpg,0,50,011111001,9
0001.jpg,0,51,111011100,9
0001.jpg,0,52,111010110,9
0001.jpg,0,53,111011101,9
0001.jpg,0,54,110111011,9
0001.jpg,0,55,110100001,9
0001.jpg,0,56,011000000,9
0001.jpg,0,57,011000010,9
0001.jpg,0,58,000011011,9
0001.jpg,0,59,001001110,9
0001.jpg,1,-2,111010001,9
0001.jpg,1,2,011100000,9
0001.jpg,3,-2,001100010,9
0001.jpg,3,2,110100011,9
0001.jpg,4,-3,001011110,9
0001.jpg,4,3,110000100,9
0001.jpg,5,-3,001110000,9
0001.jpg,5,3,100110000,9
0001.jpg,6,-3,001110001,9
0001.jpg,6,3,100110001,9
0001.jpg,6,4,000001011,9
0001.jpg,7,-4,000011000,9
0001.jpg,7,-3,111100111,9
0001.jpg,7,4,110111111,9
0001.jpg,8,-1,111110011,9
0001.jpg,8,1,111110000,9
0001.jpg,15,-1,110100000,9
0001.jpg,15,1,111110010,9
0001.jpg,0,-12,0110001100,10
0001.jpg,0,-11,1101001100,10
0001.jpg,0,28,1111100010,10
0001.jpg,0,30,1111000111,10
0001.jpg,0,31,1111111000,10
0001.jpg,0,33,1111110010,10
0001.jpg,0,34,1110101011,10
0001.jpg,0,35,1111111101,10
0001.jpg,0,60,1111111011,10
0001.jpg,0,61,1101110010,10
0001.jpg,0,62,1110100101,10
0001.jpg,0,63,1101001101,10
0001.jpg,0,64,0000111010,10
0001.jpg,0,123,0000111000,10
0001.jpg,0,124,0010011001,10
0001.jpg,3,-4,0011000110,10
0001.jpg,3,-3,1111001001,10
0001.jpg,3,3,1111111001,10
0001.jpg,3,4,0011000111,10
0001.jpg,4,-4,1101001111,10
0001.jpg,4,4,1111111110,10
0001.jpg,4,5,0011001000,10
0001.jpg,5,-4,1110100001,10
0001.jpg,5,4,1111000000,10
0001.jpg,5,5,0010010001,10
0001.jpg,6,-5,0011000010,10
0001.jpg,6,-4,1111111111,10
0001.jpg,6,5,0111001000,10
0001.jpg,6,6,0000110101,10
0001.jpg,7,-5,1101110000,10
0001.jpg,7,5,1101111100,10
0001.jpg,7,6,0111110001,10
0001.jpg,12,-1,0010111111,10
0001.jpg,13,-1,1100001010,10
0001.jpg,13,1,0011010000,10
0001.jpg,14,-1,1101110001,10
0001.jpg,14,1,1001100100,10
0001.jpg,0,-16,00111011101,11
0001.jpg,0,-15,00110000110,11
0001.jpg,0,-14,11101011100,11
0001.jpg,0,-13,11111110100,11
0001.jpg,0,65,01100000101,11
0001.jpg,0,66,00110100010,11
0001.jpg,0,68,00110000111,11
0001.jpg,0,71,00101110000,11
0001.jpg,0,78,00000100001,11
0001.jpg,0,107,00100110001,11
0001.jpg,0,122,11101100100,11
0001.jpg,0,125,10011001011,11
0001.jpg,0,126,00101100111,11
0001.jpg,1,-3,11011110010,11
0001.jpg,1,3,11101100101,11
0001.jpg,2,-2,11101011111,11
0001.jpg,2,2,11101100110,11
0001.jpg,2,3,00101100110,11
0001.jpg,3,-7,00101100101,11
0001.jpg,3,-6,00001110011,11
0001.jpg,3,-5,01110010011,11
0001.jpg,3,5,11101010100,11
0001.jpg,3,6,11000010110,11
0001.jpg,3,7,00111011110,11
0001.jpg,4,-6,11010010110,11
0001.jpg,4,-5,11101001001,11
0001.jpg,4,6,11101011110,11
0001.jpg,4,7,00101100100,11
0001.jpg,5,-6,01110010010,11
0001.jpg,5,-5,11110000011,11
0001.jpg,5,6,11011100110,11
0001.jpg,5,7,00100111100,11
0001.jpg,6,-7,00100111101,11
0001.jpg,6,-6,11011111011,11
0001.jpg,6,7,11011100111,11
0001.jpg,7,-14,00100100001,11
0001.jpg,7,-7,00100111110,11
0001.jpg,7,-6,11011110011,11
0001.jpg,7,7,00000100011,11
0001.jpg,9,1,01100011011,11
0001.jpg,12,1,11111000110,11
0001.jpg,0,-21,000011101101,12
0001.jpg,0,-20,001100100111,12
0001.jpg,0,-19,011111000001,12
0001.jpg,0,-18,001110111110,12
0001.jpg,0,-17,111011001111,12
0001.jpg,0,67,111100100001,12
0001.jpg,0,69,111111001101,12
0001.jpg,0,70,111111001111,12
0001.jpg,0,72,111110001110,12
0001.jpg,0,73,111111110000,12
0001.jpg,0,74,111111110001,12
0001.jpg,0,75,111011001110,12
0001.jpg,0,76,111010000000,12
0001.jpg,0,77,110111100010,12
0001.jpg,0,79,110100101111,12
0001.jpg,0,80,111010101010,12
0001.jpg,0,81,111100010010,12
0001.jpg,0,82,110111100001,12
0001.jpg,0,83,001100100101,12
0001.jpg,0,91,000001000101,12
0001.jpg,0,95,001011100011,12
0001.jpg,0,96,011111000010,12
0001.jpg,0,103,000011101100,12
0001.jpg,0,106,001001111110,12
0001.jpg,0,108,111100100011,12
0001.jpg,0,109,000011010000,12
0001.jpg,0,121,110000101110,12
0001.jpg,1,-5,000011100101,12
0001.jpg,1,-4,110111110101,12
0001.jpg,1,4,110100101001,12
0001.jpg,2,-6,000011010010,12
0001.jpg,2,-4,001110111001,12
0001.jpg,2,-3,111100010011,12
0001.jpg,2,4,110100101110,12
0001.jpg,3,-8,111100010000,12
0001.jpg,3,8,110111100000,12
0001.jpg,3,9,111010101011,12
0001.jpg,3,10,001001111111,12
0001.jpg,3,11,001100100100,12
0001.jpg,4,-9,001101000110,12
0001.jpg,4,-8,111100000101,12
0001.jpg,4,-7,111111101011,12
0001.jpg,4,8,111010000010,12
0001.jpg,4,9,111100010001,12
0001.jpg,4,10,110100101000,12
0001.jpg,4,11,000011100100,12
0001.jpg,5,-10,000011010011,12
0001.jpg,5,-9,011000001001,12
0001.jpg,5,-7,110111100011,12
0001.jpg,5,8,110000101111,12
0001.jpg,5,9,001011100010,12
0001.jpg,5,10,000011010001,12
0001.jpg,6,-13,011111000011,12
0001.jpg,6,-11,011000001000,12
0001.jpg,6,-10,001110111111,12
0001.jpg,6,-9,011111000000,12
0001.jpg,6,-8,111010000001,12
0001.jpg,6,8,110111110100,12
0001.jpg,6,9,110100101010,12
0001.jpg,6,10,001011100100,12
0001.jpg,7,-13,011000001101,12
0001.jpg,7,-12,001101001000,12
0001.jpg,7,-11,011000001100,12
0001.jpg,7,-9,111100100010,12
0001.jpg,7,-8,111100010100,12
0001.jpg,7,8,001101001001,12
0001.jpg,7,9,001011100101,12
0001.jpg,7,10,000011101110,12
0001.jpg,9,-1,111111001110,12
0001.jpg,21,-1,001001100001,12
0001.jpg,23,-1,001101000111,12
0001.jpg,0,-28,0000111011110,13
0001.jpg,0,-25,0011010010101,13
0001.jpg,0,-24,0010111001100,13
0001.jpg,0,-23,1110100000110,13
0001.jpg,0,-22,0010111110101,13
0001.jpg,0,84,1111000001001,13
0001.jpg,0,85,1101001010111,13
0001.jpg,0,86,1111111100100,13
0001.jpg,0,87,1111111100101,13
0001.jpg,0,88,1101001110000,13
0001.jpg,0,89,0110001101010,13
0001.jpg,0,90,1111110011001,13
0001.jpg,0,92,0000010000010,13
0001.jpg,0,93,0110000011110,13
0001.jpg,0,94,1111111010100,13
0001.jpg,0,97,1100000100001,13
0001.jpg,0,99,0010111110011,13
0001.jpg,0,100,1001100101001,13
0001.jpg,0,104,0110000011100,13
0001.jpg,0,105,0011001001101,13
0001.jpg,0,128,1110100100000,13
0001.jpg,1,5,1111000101010,13
0001.jpg,2,-9,0000010000011,13
0001.jpg,2,-8,1111000110000,13
0001.jpg,2,-7,0010111110000,13
0001.jpg,2,-5,1111000101111,13
0001.jpg,2,5,1111111010101,13
0001.jpg,2,6,1111100011111,13
0001.jpg,2,7,1111000101101,13
0001.jpg,2,9,0000111100110,13
0001.jpg,2,10,0000111100100,13
0001.jpg,2,11,0000010000001,13
0001.jpg,3,-17,0011010011000,13
0001.jpg,3,-14,0010111110001,13
0001.jpg,3,-12,1111000101011,13
0001.jpg,3,-11,1111000101100,13
0001.jpg,3,-10,0010111001111,13
0001.jpg,3,-9,1111000101110,13
0001.jpg,3,12,0011010010111,13
0001.jpg,3,13,0110000011111,13
0001.jpg,3,14,0000111100001,13
0001.jpg,3,16,0000010000000,13
0001.jpg,4,-16,0000111100101,13
0001.jpg,4,-15,0000111100111,13
0001.jpg,4,-12,0000111011111,13
0001.jpg,4,-11,1001100101011,13
0001.jpg,4,-10,0110001101001,13
0001.jpg,4,12,1111110011000,13
0001.jpg,4,13,1101001110010,13
0001.jpg,4,14,1110101110101,13
0001.jpg,5,-15,0010111110110,13
0001.jpg,5,-13,0010111001110,13
0001.jpg,5,-12,0010111110111,13
0001.jpg,5,-11,0110000011101,13
0001.jpg,5,-8,1111111100111,13
0001.jpg,5,11,1110101110111,13
0001.jpg,5,12,0110001101000,13
0001.jpg,5,15,0011010011001,13
0001.jpg,6,-14,1100000100010,13
0001.jpg,6,-12,1001100101000,13
0001.jpg,6,11,0011001001100,13
0001.jpg,6,12,0110001101011,13
0001.jpg,6,13,1101001110110,13
0001.jpg,6,14,0000111101000,13
0001.jpg,7,-16,0000010001000,13
0001.jpg,7,-15,1101001110111,13
0001.jpg,7,-10,1111000110001,13
0001.jpg,7,11,1110101110110,13
0001.jpg,7,12,0011010010110,13
0001.jpg,8,-2,0011010010100,13
0001.jpg,8,2,1101001110101,13
0001.jpg,10,-1,0000111100000,13
0001.jpg,10,1,1101001110001,13
0001.jpg,11,-1,0010111110010,13
0001.jpg,11,1,1100000100000,13
0001.jpg,15,-2,1111111100110,13
0001.jpg,15,2,0010111110100,13
0001.jpg,16,-1,1111100011110,13
0001.jpg,16,1,1101001110011,13
0001.jpg,17,1,0000111100010,13
0001.jpg,20,-1,1101001110100,13
0001.jpg,21,1,0010111001101,13
0001.jpg,22,-1,1110100000111,13
0001.jpg,22,1,0000111100011,13
0001.jpg,23,1,1001100101010,13
0001.jpg,0,-31,00110100110111,14
0001.jpg,0,-30,00001111010100,14
0001.jpg,0,-29,00110100110100,14
0001.jpg,0,-27,00110100111011,14
0001.jpg,0,-26,11110001100100,14
0001.jpg,0,98,11101001000101,14
0001.jpg,0,101,11000001001011,14
0001.jpg,0,102,11000001010000,14
0001.jpg,0,110,00110100111111,14
0001.jpg,0,112,00000100010011,14
0001.jpg,0,113,11000001001010,14
0001.jpg,0,114,11101001000010,14
0001.jpg,0,115,00110100111010,14
0001.jpg,0,116,00110100111110,14
0001.jpg,1,-7,00110100110110,14
0001.jpg,1,-6,11110001100111,14
0001.jpg,1,6,11101001000110,14
0001.jpg,1,7,11000001001001,14
0001.jpg,2,-16,00110100111000,14
0001.jpg,2,-14,00110100111101,14
0001.jpg,2,-13,11000001001000,14
0001.jpg,2,-12,00110100111001,14
0001.jpg,2,8,11000001000110,14
0001.jpg,2,13,00001111010101,14
0001.jpg,3,-24,00001111011000,14
0001.jpg,3,-21,00110100111100,14
0001.jpg,3,-20,11101001000100,14
0001.jpg,3,-15,11000001010010,14
0001.jpg,3,-13,00001111010111,14
0001.jpg,3,15,11110000010001,14
0001.jpg,3,17,00001111010011,14
0001.jpg,3,18,11000001010011,14
0001.jpg,3,21,00001111010110,14
0001.jpg,4,-22,00110100110101,14
0001.jpg,4,-18,11101011101000,14
0001.jpg,4,-14,11101001000011,14
0001.jpg,4,-13,11110001101000,14
0001.jpg,4,16,11000001010001,14
0001.jpg,4,17,00001111010010,14
0001.jpg,4,18,11000001001100,14
0001.jpg,4,19,11000001001101,14
0001.jpg,5,-18,00111011100001,14
0001.jpg,5,-17,11000001010111,14
0001.jpg,5,-16,11000001010100,14
0001.jpg,5,-14,11000001011000,14
0001.jpg,5,13,00001111011001,14
0001.jpg,5,14,11110001101010,14
0001.jpg,6,-17,11000001010110,14
0001.jpg,6,-16,11110001101100,14
0001.jpg,6,-15,11101011101001,14
0001.jpg,6,15,00111011100000,14
0001.jpg,7,-26,00111011100011,14
0001.jpg,7,-17,00111011100010,14
0001.jpg,7,13,11110001101011,14
0001.jpg,7,14,11000001010101,14
0001.jpg,12,-2,11110001100110,14
0001.jpg,12,2,11000001000111,14
0001.jpg,13,-2,11110001101001,14
0001.jpg,14,-2,11110001100101,14
0001.jpg,14,2,11101001000111,14
0001.jpg,20,1,11000001001110,14
0001.jpg,29,1,11000001001111,14
0001.jpg,0,-40,110000010110100,15
0001.jpg,0,-38,000011110111111,15
0001.jpg,0,-35,000011110111010,15
0001.jpg,0,111,001001000000011,15
0001.jpg,0,117,000011110110111,15
0001.jpg,0,118,000011110110100,15
0001.jpg,0,119,110000010110010,15
0001.jpg,0,120,110000010111010,15
0001.jpg,1,-12,001001000000110,15
0001.jpg,1,-11,110000010110111,15
0001.jpg,1,-10,001001000000000,15
0001.jpg,1,-9,111100011011011,15
0001.jpg,1,8,000011110110110,15
0001.jpg,1,9,001001000001110,15
0001.jpg,1,10,111100100000000,15
0001.jpg,2,-17,110000010110110,15
0001.jpg,2,-15,110000011000001,15
0001.jpg,2,-11,001001000000111,15
0001.jpg,2,-10,000011110111101,15
0001.jpg,2,12,110000010111000,15
0001.jpg,2,14,001001000000100,15
0001.jpg,2,15,110000010111011,15
0001.jpg,2,16,000001000100101,15
0001.jpg,2,17,001001000001101,15
0001.jpg,2,18,001001000001100,15
0001.jpg,2,22,110000010110011,15
0001.jpg,2,27,000011110111011,15
0001.jpg,3,-34,000011110110101,15
0001.jpg,3,-27,111100100000111,15
0001.jpg,3,-25,110000011000110,15
0001.jpg,3,-22,110000011000111,15
0001.jpg,3,-19,111100011011010,15
0001.jpg,3,-18,110000010111101,15
0001.jpg,3,-16,110000011000100,15
0001.jpg,3,19,110000011001000,15
0001.jpg,3,20,110000010111100,15
0001.jpg,3,27,110000010111001,15
0001.jpg,3,31,110000011000101,15
0001.jpg,4,-26,001001000001010,15
0001.jpg,4,-24,111100100000010,15
0001.jpg,4,-23,111100100000101,15
0001.jpg,4,-21,001001000001001,15
0001.jpg,4,-20,001001100000001,15
0001.jpg,4,-19,111100100000100,15
0001.jpg,4,-17,000011110111100,15
0001.jpg,4,15,110000010110101,15
0001.jpg,4,20,111100011011100,15
0001.jpg,4,22,001001000001011,15
0001.jpg,4,24,110000010111111,15
0001.jpg,5,-22,001001000001000,15
0001.jpg,5,-19,111100100000001,15
0001.jpg,5,16,110000011001011,15
0001.jpg,5,17,110000011001010,15
0001.jpg,5,19,001001100000111,15
0001.jpg,5,21,001001000000001,15
0001.jpg,6,-34,001001100000100,15
0001.jpg,6,-26,110000011001001,15
0001.jpg,6,-21,001001000001111,15
0001.jpg,6,-20,001001100000110,15
0001.jpg,6,-19,001001100000010,15
0001.jpg,6,-18,110000011001110,15
0001.jpg,6,16,110000011001100,15
0001.jpg,6,18,001001100000101,15
0001.jpg,6,20,001001100000000,15
0001.jpg,6,23,001001000000010,15
0001.jpg,7,-22,110000011000011,15
0001.jpg,7,-21,110000011010010,15
0001.jpg,7,-20,110000011010000,15
0001.jpg,7,-19,110000011001111,15
0001.jpg,7,-18,110000011010001,15
0001.jpg,7,15,110000011001101,15
0001.jpg,7,17,001001100000011,15
0001.jpg,9,-2,110000011000010,15
0001.jpg,11,-2,110000010111110,15
0001.jpg,13,2,111100011011111,15
0001.jpg,14,-3,000011110111110,15
0001.jpg,15,-3,111100100000011,15
0001.jpg,15,3,111100100000110,15
0001.jpg,17,-1,111100011011110,15
0001.jpg,18,-1,110000011000000,15
0001.jpg,18,1,111100011011101,15
0001.jpg,19,-1,001001000000101,15
0001.jpg,28,1,111100000100001,15
0001.jpg,31,-1,000011110111001,15
0001.jpg,31,1,000011110111000,15
0001.jpg,0,-49,1100000111001010,16
0001.jpg,0,-44,1100000110100110,16
0001.jpg,0,-42,1100000110110001,16
0001.jpg,0,-36,1100000111000000,16
0001.jpg,1,-15,1100000110101000,16
0001.jpg,1,-8,1100000110110000,16
0001.jpg,2,-29,1100000110101110,16
0001.jpg,2,-28,1100000110100111,16
0001.jpg,2,23,1100000111000100,16
0001.jpg,2,24,1100000111000001,16
0001.jpg,2,28,1100000110111111,16
0001.jpg,2,33,1100000110111110,16
0001.jpg,3,-23,1100000110110010,16
0001.jpg,3,22,1100000111001100,16
0001.jpg,3,24,1100000110101101,16
0001.jpg,3,25,1100000110110100,16
0001.jpg,3,26,1100000110110011,16
0001.jpg,3,28,1100000110110110,16
0001.jpg,3,29,1100000110101001,16
0001.jpg,3,35,1100000110111101,16
0001.jpg,4,-31,1100000110111010,16
0001.jpg,4,23,1100000111000010,16
0001.jpg,4,28,1100000111001101,16
0001.jpg,4,29,1100000110110111,16
0001.jpg,4,30,1100000110110101,16
0001.jpg,5,-31,1100000111010101,16
0001.jpg,5,-27,1100000111000111,16
0001.jpg,5,-26,1100000111001011,16
0001.jpg,5,-24,1100000110101111,16
0001.jpg,5,-23,1100000111010110,16
0001.jpg,5,18,1100000111000101,16
0001.jpg,5,24,1100000111001111,16
0001.jpg,6,-30,1100000111010100,16
0001.jpg,6,-23,1100000111011001,16
0001.jpg,6,-22,1100000111010011,16
0001.jpg,7,-25,1100000111011000,16
0001.jpg,7,-23,1100000111010111,16
0001.jpg,7,16,1100000111010001,16
0001.jpg,7,23,1100000110101010,16
0001.jpg,8,-3,0000010001001000,16
0001.jpg,8,3,1100000111011010,16
0001.jpg,8,4,0000010001001001,16
0001.jpg,11,5,1100000110111011,16
0001.jpg,12,-3,1100000110101011,16
0001.jpg,14,-7,1100000111001110,16
0001.jpg,15,-4,1100000111010010,16
0001.jpg,15,4,1100000111010000,16
0001.jpg,24,-1,1100000111001000,16
0001.jpg,24,1,1100000110111001,16
0001.jpg,25,-1,1100000110111100,16
0001.jpg,25,1,1100000111000110,16
0001.jpg,26,-1,1100000110111000,16
0001.jpg,30,-1,1100000111000011,16
0001.jpg,30,1,1100000110101100,16
0001.jpg,39,-1,1100000111001001,16
0001.jpg,0,-51,11000001111001101,17
0001.jpg,0,-47,11000001110111000,17
0001.jpg,0,-39,11000001111100101,17
0001.jpg,0,-34,11000001111100001,17
0001.jpg,1,-37,11000001111001111,17
0001.jpg,1,-25,11000001111000101,17
0001.jpg,1,-23,11000001111001110,17
0001.jpg,1,-22,11000001111000010,17
0001.jpg,1,11,11000001111011001,17
0001.jpg,1,12,11000001111100100,17
0001.jpg,1,15,11000001111111000,17
0001.jpg,1,18,11000001111010011,17
0001.jpg,1,30,11000001111000001,17
0001.jpg,2,-46,11000001110111110,17
0001.jpg,2,-40,11000001111010010,17
0001.jpg,2,-37,11000001110111100,17
0001.jpg,2,-35,11010010101100110,17
0001.jpg,2,-33,11000001111010110,17
0001.jpg,2,-32,11000001111001010,17
0001.jpg,2,-27,11000001111010101,17
0001.jpg,2,-25,11000001111001000,17
0001.jpg,2,-24,11000001111000100,17
0001.jpg,2,-23,11010010101101001,17
0001.jpg,2,-22,11000001111001011,17
0001.jpg,2,-21,11000001111100010,17
0001.jpg,2,-20,11000001111111010,17
0001.jpg,2,-18,11000001111010100,17
0001.jpg,2,25,11000001110111010,17
0001.jpg,2,29,11000001111011011,17
0001.jpg,2,35,11000001111000011,17
0001.jpg,2,40,11000001111000000,17
0001.jpg,3,-48,11010010101101010,17
0001.jpg,3,-40,11010010101100100,17
0001.jpg,3,-36,11000001110111101,17
0001.jpg,3,-31,11000001111001001,17
0001.jpg,3,-29,11010010101100101,17
0001.jpg,3,-28,11000001111101111,17
0001.jpg,3,23,11000001111111001,17
0001.jpg,3,32,11000001111101110,17
0001.jpg,3,34,11000001111010000,17
0001.jpg,3,37,11000001111011000,17
0001.jpg,4,-36,11000001111101101,17
0001.jpg,4,-35,11010010101100010,17
0001.jpg,4,-33,11000001111100011,17
0001.jpg,4,-32,11000001111101010,17
0001.jpg,4,-30,11000001111100110,17
0001.jpg,4,21,11000001111111011,17
0001.jpg,4,26,11000001110111011,17
0001.jpg,4,31,11000001111010111,17
0001.jpg,4,32,11000001111110101,17
0001.jpg,4,33,11000001111011100,17
0001.jpg,4,39,11000001111000111,17
0001.jpg,4,44,11000001111011010,17
0001.jpg,5,-36,11010010101101000,17
0001.jpg,5,-35,11000001111111111,17
0001.jpg,5,-28,11000001111110001,17
0001.jpg,5,-21,11000001110111111,17
0001.jpg,5,-20,11000001111100111,17
0001.jpg,5,20,11000001111110010,17
0001.jpg,5,25,11000001111010001,17
0001.jpg,5,27,11000001111110110,17
0001.jpg,5,28,11000001111000110,17
0001.jpg,6,-35,11010010101100000,17
0001.jpg,6,-32,11000001111110000,17
0001.jpg,6,-27,11110000010000001,17
0001.jpg,6,-25,11110000010000010,17
0001.jpg,6,-24,11010010101100011,17
0001.jpg,6,17,11110000010000000,17
0001.jpg,6,19,11010010101101100,17
0001.jpg,6,21,11000001111101100,17
0001.jpg,6,22,11000001111111100,17
0001.jpg,6,24,11000001111111110,17
0001.jpg,6,25,11000001111011101,17
0001.jpg,6,26,11000001111110011,17
0001.jpg,6,28,11000001111101000,17
0001.jpg,6,32,11000001111110100,17
0001.jpg,6,35,11000001110111001,17
0001.jpg,7,-33,11010010101100111,17
0001.jpg,7,-24,11110000010000011,17
0001.jpg,11,-4,11000001110110111,17
0001.jpg,11,4,11000001111011110,17
0001.jpg,13,-5,11010010101101011,17
0001.jpg,13,-4,11000001111011111,17
0001.jpg,13,-3,11000001111101011,17
0001.jpg,13,7,11010010101101110,17
0001.jpg,14,-4,11000001111001100,17
0001.jpg,14,7,11010010101101111,17
0001.jpg,15,-11,11010010101101101,17
0001.jpg,15,7,11000001111111101,17
0001.jpg,19,1,11000001111100000,17
0001.jpg,23,-2,11000001110110110,17
0001.jpg,23,2,11010010101100001,17
0001.jpg,23,6,11000001111110111,17
0001.jpg,37,-1,11000001111101001,171001,9
0000.jpg,0,43,000001001,9
0000.jpg,0,44,010100111,9
0000.jpg,0,45,010110100,9
0000.jpg,0,46,001110001,9
0000.jpg,0,47,010000010,9
0000.jpg,0,48,000111111,9
0000.jpg,0,49,010000011,9
0000.jpg,0,50,001101101,9
0000.jpg,0,51,000001011,9
0000.jpg,0,52,000110100,9
0000.jpg,0,53,000110001,9
0000.jpg,0,54,001101111,9
0000.jpg,0,55,010101101,9
0000.jpg,0,56,010001011,9
0000.jpg,0,57,101010011,9
0000.jpg,0,58,101011000,9
0000.jpg,0,59,010101111,9
0000.jpg,1,-2,111110011,9
0000.jpg,1,2,111010010,9
0000.jpg,2,-1,111111011,9
0000.jpg,3,-2,011110001,9
0000.jpg,3,2,101100000,9
0000.jpg,4,-3,001101100,9
0000.jpg,4,3,010001000,9
0000.jpg,5,-3,101100010,9
0000.jpg,5,3,101011010,9
0000.jpg,6,-3,101100101,9
0000.jpg,6,3,101100011,9
0000.jpg,7,-3,111010011,9
0000.jpg,7,4,010110110,9
0000.jpg,15,-1,111000011,9
0000.jpg,0,-13,0000110011,10
0000.jpg,0,-12,0011100110,10
0000.jpg,0,-11,1110011011,10
0000.jpg,0,28,1110101000,10
0000.jpg,0,29,1111101011,10
0000.jpg,0,30,1011011000,10
0000.jpg,0,31,1011011001,10
0000.jpg,0,32,1011001000,10
0000.jpg,0,33,1011010010,10
0000.jpg,0,34,1010110110,10
0000.jpg,0,35,1011011101,10
0000.jpg,0,36,1010110111,10
0000.jpg,0,37,1010110010,10
0000.jpg,0,38,1110101001,10
0000.jpg,0,60,1110101101,10
0000.jpg,0,61,1010110011,10
0000.jpg,0,62,0111111000,10
0000.jpg,0,63,0011101010,10
0000.jpg,0,64,0101101011,10
0000.jpg,0,65,0011100001,10
0000.jpg,0,127,0001101111,10
0000.jpg,0,128,0111111001,10
0000.jpg,1,-3,0111101000,10
0000.jpg,1,3,0100010011,10
0000.jpg,2,-2,0001100000,10
0000.jpg,3,-4,0011010000,10
0000.jpg,3,-3,1011011010,10
0000.jpg,3,3,1110011010,10
0000.jpg,3,4,0100010101,10
0000.jpg,4,-4,1011010000,10
0000.jpg,4,4,1010111100,10
0000.jpg,4,5,0111100000,10
0000.jpg,5,-5,0000011001,10
0000.jpg,5,-4,1011001101,10
0000.jpg,5,4,1011011100,10
0000.jpg,5,5,0111100001,10
0000.jpg,6,-4,1011001111,10
0000.jpg,6,4,1110011111,10
0000.jpg,6,5,0111101010,10
0000.jpg,7,-5,0101101010,10
0000.jpg,7,-4,1111110101,10
0000.jpg,7,5,1110011100,10
0000.jpg,7,6,0001111101,10
0000.jpg,7,7,0101001101,10
0000.jpg,13,-1,0000011000,10
0000.jpg,13,1,0000111101,10
0000.jpg,14,-1,1111110001,10
0000.jpg,14,1,1110101111,10
0000.jpg,0,-17,00111000001,11
0000.jpg,0,-15,01111110110,11
0000.jpg,0,-14,11111010101,11
0000.jpg,0,66,11101010100,11
0000.jpg,0,67,10110110111,11
0000.jpg,0,68,10110011100,11
0000.jpg,0,69,11111000001,11
0000.jpg,0,70,11111010100,11
0000.jpg,0,71,11111001011,11
0000.jpg,0,72,11111000010,11
0000.jpg,0,73,11111001000,11
0000.jpg,0,74,10110100010,11
0000.jpg,0,75,01111110111,11
0000.jpg,0,76,00111010110,11
0000.jpg,0,77,01010110001,11
0000.jpg,0,78,00111010111,11
0000.jpg,0,88,10101111011,11
0000.jpg,0,89,00011111001,11
0000.jpg,0,124,00001100101,11
0000.jpg,0,125,00001111001,11
0000.jpg,0,126,01000100101,11
0000.jpg,1,-4,10110010011,11
0000.jpg,1,4,00011000011,11
0000.jpg,2,-4,00111001111,11
0000.jpg,2,-3,11100111101,11
0000.jpg,2,2,11111101001,11
0000.jpg,2,3,10101111111,11
0000.jpg,2,4,01011011100,11
0000.jpg,3,-6,00011111000,11
0000.jpg,3,-5,11100001001,11
0000.jpg,3,5,11101011100,11
0000.jpg,3,6,01111110101,11
0000.jpg,3,7,01010110000,11
0000.jpg,3,8,00001111000,11
0000.jpg,4,-6,01010110011,11
0000.jpg,4,-5,11111000000,11
0000.jpg,4,6,10101111010,11
0000.jpg,4,7,01000100100,11
0000.jpg,5,-6,01011011101,11
0000.jpg,5,6,11100111011,11
0000.jpg,5,7,10101000001,11
0000.jpg,6,-7,00000001001,11
0000.jpg,6,-6,01111010010,11
0000.jpg,6,-5,11111000011,11
0000.jpg,6,6,11100001010,11
0000.jpg,6,7,01011011110,11
0000.jpg,7,-6,11111100001,11
0000.jpg,7,8,01011011111,11
0000.jpg,7,9,01000101000,11
0000.jpg,9,1,00011010100,11
0000.jpg,12,-1,01111010110,11
0000.jpg,12,1,00000001000,11
0000.jpg,0,-21,010100110000,12
0000.jpg,0,-20,000110101011,12
0000.jpg,0,-19,011110100111,12
0000.jpg,0,-18,111000010111,12
0000.jpg,0,-16,101101000111,12
0000.jpg,0,79,011110101111,12
0000.jpg,0,80,101100111011,12
0000.jpg,0,81,101011111101,12
0000.jpg,0,82,011110111000,12
0000.jpg,0,83,001101000101,12
0000.jpg,0,84,101011111010,12
0000.jpg,0,85,000011001000,12
0000.jpg,0,86,111000010001,12
0000.jpg,0,87,111000010110,12
0000.jpg,0,90,101011111001,12
0000.jpg,0,92,001110110010,12
0000.jpg,0,93,011111101000,12
0000.jpg,0,96,101100111010,12
0000.jpg,0,98,101010000101,12
0000.jpg,0,99,101011111011,12
0000.jpg,0,100,101101000110,12
0000.jpg,0,101,001110110001,12
0000.jpg,0,102,001110110011,12
0000.jpg,0,123,001101000100,12
0000.jpg,1,-5,001110000000,12
0000.jpg,1,5,111010101010,12
0000.jpg,2,-7,101010000001,12
0000.jpg,2,-6,001110110100,12
0000.jpg,2,-5,001101000110,12
0000.jpg,2,5,101100110000,12
0000.jpg,2,6,001110110000,12
0000.jpg,3,-11,010001010011,12
0000.jpg,3,-9,101010000100,12
0000.jpg,3,-8,001101000111,12
0000.jpg,3,-7,011110101110,12
0000.jpg,3,9,101011111000,12
0000.jpg,3,10,011110111111,12
0000.jpg,4,-10,000000010101,12
0000.jpg,4,-9,000110101010,12
0000.jpg,4,-7,101011111100,12
0000.jpg,4,8,111001111001,12
0000.jpg,4,10,010001010010,12
0000.jpg,4,11,000000010111,12
0000.jpg,5,-9,010100110001,12
0000.jpg,5,-8,111000010000,12
0000.jpg,5,-7,111110010010,12
0000.jpg,5,8,010100110010,12
0000.jpg,5,9,000110101100,12
0000.jpg,5,10,000110000101,12
0000.jpg,6,-9,010101110000,12
0000.jpg,6,-8,001110000001,12
0000.jpg,6,8,101010000110,12
0000.jpg,6,9,010101100101,12
0000.jpg,6,10,011110111001,12
0000.jpg,7,-16,101010000000,12
0000.jpg,7,-15,011110111100,12
0000.jpg,7,-14,000110101111,12
0000.jpg,7,-13,000110101101,12
0000.jpg,7,-11,000011001001,12
0000.jpg,7,-10,010100110011,12
0000.jpg,7,-8,011111101001,12
0000.jpg,7,-7,111001110101,12
0000.jpg,7,10,011110111011,12
0000.jpg,7,11,101100100100,12
0000.jpg,7,12,011110100110,12
0000.jpg,7,13,000110101110,12
0000.jpg,8,2,000000010110,12
0000.jpg,9,-1,111010111010,12
0000.jpg,16,-1,101100100101,12
0000.jpg,16,1,001110011101,12
0000.jpg,23,-1,111001110100,12
0000.jpg,23,1,011110111010,12
0000.jpg,0,-26,1011001100100,13
0000.jpg,0,-25,1111100100111,13
0000.jpg,0,-24,1010100001110,13
0000.jpg,0,-23,0111101111100,13
0000.jpg,0,-22,1111100101000,13
0000.jpg,0,91,1011010011000,13
0000.jpg,0,94,1111100100110,13
0000.jpg,0,95,0111101111101,13
0000.jpg,0,97,1111110000011,13
0000.jpg,0,109,0101011100101,13
0000.jpg,0,116,0101011100011,13
0000.jpg,0,117,0011101101010,13
0000.jpg,0,118,1011001100101,13
0000.jpg,0,120,0101011100010,13
0000.jpg,0,121,0001101100000,13
0000.jpg,1,-7,1011001100010,13
0000.jpg,1,-6,1011010011001,13
0000.jpg,1,6,1110101110111,13
0000.jpg,1,7,1010100010001,13
0000.jpg,2,-11,0111101111010,13
0000.jpg,2,-9,1110011110001,13
0000.jpg,2,-8,1010100010011,13
0000.jpg,2,7,1010100010000,13
0000.jpg,2,8,0101011001001,13
0000.jpg,2,9,1110101010111,13
0000.jpg,2,10,0001101100010,13
0000.jpg,2,11,0011100111001,13
0000.jpg,2,13,1011001100011,13
0000.jpg,3,-13,0101011100110,13
0000.jpg,3,-10,1010100010010,13
0000.jpg,3,11,1110101010110,13
0000.jpg,3,12,0001100001001,13
0000.jpg,3,13,1010100001111,13
0000.jpg,4,-15,0001101100001,13
0000.jpg,4,-12,0111101111011,13
0000.jpg,4,-11,0011101101100,13
0000.jpg,4,-8,1111110000001,13
0000.jpg,4,9,1111110000010,13
0000.jpg,4,12,0011101101011,13
0000.jpg,4,13,0000000101000,13
0000.jpg,5,-15,0011101101111,13
0000.jpg,5,-13,0001101100011,13
0000.jpg,5,-11,0001101100100,13
0000.jpg,5,-10,0101011101000,13
0000.jpg,5,11,0000000101001,13
0000.jpg,5,12,1110101011001,13
0000.jpg,6,-17,0101011100100,13
0000.jpg,6,-16,0011101101110,13
0000.jpg,6,-14,1111100101001,13
0000.jpg,6,-13,1011001100111,13
0000.jpg,6,-12,1011001100110,13
0000.jpg,6,-11,0101011100111,13
0000.jpg,6,-10,1011010011011,13
0000.jpg,6,11,1111100101010,13
0000.jpg,6,12,1110101011010,13
0000.jpg,7,-24,0001101100101,13
0000.jpg,7,-23,0101011001000,13
0000.jpg,7,-18,0001100001000,13
0000.jpg,7,-17,1011010011100,13
0000.jpg,7,-12,1110101011011,13
0000.jpg,7,-9,1111100101011,13
0000.jpg,8,-2,1110101011000,13
0000.jpg,11,-1,0011101101101,13
0000.jpg,15,-2,1010100010101,13
0000.jpg,15,2,1010100010110,13
0000.jpg,22,-1,1011010011010,13
0000.jpg,22,1,1010100010100,13
0000.jpg,0,-35,01010111010111,14
0000.jpg,0,-34,10101000110001,14
0000.jpg,0,-32,11111101000110,14
0000.jpg,0,-31,11111101000000,14
0000.jpg,0,-30,00011011011100,14
0000.jpg,0,-29,11111101000011,14
0000.jpg,0,-28,10110100111100,14
0000.jpg,0,-27,10110110110000,14
0000.jpg,0,103,11111101000101,14
0000.jpg,0,104,01010111010101,14
0000.jpg,0,105,01010111010110,14
0000.jpg,0,106,10110100111010,14
0000.jpg,0,107,00011011010000,14
0000.jpg,0,108,10110100111011,14
0000.jpg,0,110,11101011000001,14
0000.jpg,0,111,11101011000000,14
0000.jpg,0,112,01010111011001,14
0000.jpg,0,113,11101010111100,14
0000.jpg,0,114,11101010111011,14
0000.jpg,0,115,11101010111010,14
0000.jpg,0,119,10110100111101,14
0000.jpg,0,122,11111100000001,14
0000.jpg,1,-9,10110100111110,14
0000.jpg,1,-8,11101010111000,14
0000.jpg,1,8,00011011011001,14
0000.jpg,1,9,01010111011010,14
0000.jpg,2,-17,00011011010110,14
0000.jpg,2,-15,00011011001110,14
0000.jpg,2,-13,01010111011000,14
0000.jpg,2,-12,01010111011100,14
0000.jpg,2,-10,10110110110001,14
0000.jpg,2,12,11101011000100,14
0000.jpg,2,14,11101011000011,14
0000.jpg,2,15,00011011001100,14
0000.jpg,2,18,01010111010011,14
0000.jpg,3,-19,10101000101110,14
0000.jpg,3,-15,11111101000010,14
0000.jpg,3,-14,00011011010011,14
0000.jpg,3,-12,10110100111111,14
0000.jpg,3,15,01010111010100,14
0000.jpg,3,16,10101000110000,14
0000.jpg,3,17,11101010111110,14
0000.jpg,4,-19,00011011010010,14
0000.jpg,4,-18,00011011001111,14
0000.jpg,4,-16,10110110110011,14
0000.jpg,4,-14,01010111010010,14
0000.jpg,4,-13,11101010111001,14
0000.jpg,4,14,11101010111101,14
0000.jpg,4,15,00011011010111,14
0000.jpg,4,16,10101000101111,14
0000.jpg,4,20,11111101000100,14
0000.jpg,5,-17,11101010111111,14
0000.jpg,5,-16,00011011011011,14
0000.jpg,5,-14,10101000110100,14
0000.jpg,5,-12,10101000110011,14
0000.jpg,5,13,10110110110010,14
0000.jpg,5,14,00011011010100,14
0000.jpg,5,15,01010111011110,14
0000.jpg,5,17,10101000110010,14
0000.jpg,5,18,11101011000010,14
0000.jpg,5,19,00011011011000,14
0000.jpg,6,-21,01010111011111,14
0000.jpg,6,-19,00011011011010,14
0000.jpg,6,-18,00011011011110,14
0000.jpg,6,-15,11101011000110,14
0000.jpg,6,13,10101000110101,14
0000.jpg,6,14,10110110110110,14
0000.jpg,6,15,01010111011011,14
0000.jpg,6,16,10110110110100,14
0000.jpg,6,22,00011011010101,14
0000.jpg,7,-22,11101011000111,14
0000.jpg,7,-21,11100111100000,14
0000.jpg,7,-19,11101011001000,14
0000.jpg,7,14,10101000110110,14
0000.jpg,10,1,00011011010001,14
0000.jpg,11,1,11111101000111,14
0000.jpg,13,-2,11101011000101,14
0000.jpg,13,2,00011011011111,14
0000.jpg,14,-2,10110110110111,14
0000.jpg,14,2,00011011011101,14
0000.jpg,15,-3,00011011001101,14
0000.jpg,15,3,01010111011101,14
0000.jpg,21,-1,10110110110101,14
0000.jpg,21,1,11111101000001,14
0000.jpg,0,-38,101010001111111,15
0000.jpg,0,-36,101010001101110,15
0000.jpg,0,-33,111010111011000,15
0000.jpg,1,-16,000110111001110,15
0000.jpg,1,-15,000110111000111,15
0000.jpg,1,-13,000110111011001,15
0000.jpg,1,-11,000110111010000,15
0000.jpg,1,-10,000110111010100,15
0000.jpg,1,10,101010001110011,15
0000.jpg,1,11,111010110011010,15
0000.jpg,1,13,000110111001010,15
0000.jpg,1,14,000110111000000,15
0000.jpg,1,16,101010001111000,15
0000.jpg,1,23,000110111010001,15
0000.jpg,2,-25,000110111000001,15
0000.jpg,2,-23,000110111001111,15
0000.jpg,2,-21,000110111000100,15
0000.jpg,2,-20,000110111001101,15
0000.jpg,2,-18,101010001110111,15
0000.jpg,2,-14,111010110010110,15
0000.jpg,2,16,101010001110100,15
0000.jpg,2,17,111010110010101,15
0000.jpg,2,20,000110111000110,15
0000.jpg,2,21,111001111000011,15
0000.jpg,2,22,101010001110110,15
0000.jpg,2,26,000110111000101,15
0000.jpg,3,-31,000110111001000,15
0000.jpg,3,-26,000110111010111,15
0000.jpg,3,-24,101010001111100,15
0000.jpg,3,-23,101010001111101,15
0000.jpg,3,-21,000110111010110,15
0000.jpg,3,-17,111010110010111,15
0000.jpg,3,14,111010110010011,15
0000.jpg,3,18,101010001111001,15
0000.jpg,3,19,101010001110000,15
0000.jpg,3,21,000110111001100,15
0000.jpg,3,22,101010001111110,15
0000.jpg,3,23,111010110011000,15
0000.jpg,4,-17,101010010000001,15
0000.jpg,4,17,101010001101111,15
0000.jpg,4,18,101010001110001,15
0000.jpg,4,19,111010110011011,15
0000.jpg,4,21,111010110010100,15
0000.jpg,4,23,101010001111011,15
0000.jpg,4,24,000110111001011,15
0000.jpg,5,-25,000110111011011,15
0000.jpg,5,-18,101010010000000,15
0000.jpg,5,16,111010110010010,15
0000.jpg,5,20,101010001110010,15
0000.jpg,5,22,000110111001001,15
0000.jpg,6,-26,001110011100000,15
0000.jpg,6,-24,000110111011110,15
0000.jpg,6,-23,111010111011001,15
0000.jpg,6,-20,111010110011111,15
0000.jpg,6,17,111010111011010,15
0000.jpg,6,19,101010010000010,15
0000.jpg,6,23,001110011100001,15
0000.jpg,6,25,000110111000010,15
0000.jpg,7,-25,101010010000100,15
0000.jpg,7,-20,111111000000000,15
0000.jpg,7,16,000110111011100,15
0000.jpg,7,17,111010110011100,15
0000.jpg,7,25,000110111011111,15
0000.jpg,8,3,111010111011011,15
0000.jpg,10,-1,101010001111010,15
0000.jpg,12,-2,101010001110101,15
0000.jpg,12,2,111010110011001,15
0000.jpg,13,4,001110011100010,15
0000.jpg,14,-3,000110111011101,15
0000.jpg,14,4,000110111011000,15
0000.jpg,15,5,101010010000011,15
0000.jpg,15,6,001110011100011,15
0000.jpg,17,-1,111010110011101,15
0000.jpg,17,1,000110111000011,15
0000.jpg,20,-1,000110111010010,15
0000.jpg,20,1,000110111010011,15
0000.jpg,24,-1,000110111010101,15
0000.jpg,31,-1,111010110011110,15
0000.jpg,31,1,000110111011010,15
0000.jpg,0,-40,1010100100110000,16
0000.jpg,0,-37,1010100100111000,16
0000.jpg,1,-28,1010100100110001,16
0000.jpg,1,-26,1010100100001011,16
0000.jpg,1,-23,1010100100100001,16
0000.jpg,1,-20,1010100100001100,16
0000.jpg,1,-14,1010100100011101,16
0000.jpg,1,12,1010100100001110,16
0000.jpg,1,22,1010100100100010,16
0000.jpg,1,24,1010100100011110,16
0000.jpg,2,-32,1010100100010110,16
0000.jpg,2,-28,1010100100001010,16
0000.jpg,2,-27,1010100100101101,16
0000.jpg,2,-22,1010100100011100,16
0000.jpg,2,-19,1010100100010000,16
0000.jpg,2,-16,1010100100111001,16
0000.jpg,2,19,1010100100010111,16
0000.jpg,2,23,1010100100011001,16
0000.jpg,2,24,1010100100100111,16
0000.jpg,3,-35,1010100100010010,16
0000.jpg,3,-25,1010100100001111,16
0000.jpg,3,-22,1010100100110110,16
0000.jpg,3,-20,1010100100100011,16
0000.jpg,3,-18,1111110000000011,16
0000.jpg,3,-16,1010100100100101,16
0000.jpg,3,20,1010100100011000,16
0000.jpg,3,26,1010100100101000,16
0000.jpg,3,28,1010100100111010,16
0000.jpg,3,30,1010100100101010,16
0000.jpg,3,36,1010100100101001,16
0000.jpg,4,-38,1010100100011111,16
0000.jpg,4,-28,1010100100011011,16
0000.jpg,4,-26,1010100100010101,16
0000.jpg,4,-22,1010100100111011,16
0000.jpg,4,-21,1010100100100110,16
0000.jpg,4,-20,1010100100111101,16
0000.jpg,4,22,1010100100101100,16
0000.jpg,4,26,1010100100001101,16
0000.jpg,4,28,1010100100100100,16
0000.jpg,4,29,1010100101001000,16
0000.jpg,4,34,1010100100010001,16
0000.jpg,5,-29,1010100100111110,16
0000.jpg,5,-24,1010100100101011,16
0000.jpg,5,-19,1010100100011010,16
0000.jpg,5,21,1010100100010100,16
0000.jpg,5,26,1010100101000110,16
0000.jpg,5,27,1010100100010011,16
0000.jpg,5,28,1010100101001011,16
0000.jpg,5,29,1010100101000101,16
0000.jpg,5,31,1010100101000001,16
0000.jpg,5,41,1010100100110010,16
0000.jpg,6,-32,1010100101001101,16
0000.jpg,6,-29,1010100101000000,16
0000.jpg,6,-28,1010100100111111,16
0000.jpg,6,-22,1010100101001001,16
0000.jpg,6,18,1010100101000100,16
0000.jpg,6,20,1010100100110100,16
0000.jpg,6,24,1010100100111100,16
0000.jpg,6,34,1010100100110011,16
0000.jpg,7,15,1010100101000011,16
0000.jpg,7,23,1010100101001010,16
0000.jpg,7,29,1010100101000010,16
0000.jpg,8,-4,1010100101010001,16
0000.jpg,8,-3,1010100100110111,16
0000.jpg,11,-2,1010100100101110,16
0000.jpg,13,-3,1010100100110101,16
0000.jpg,13,3,1010100101000111,16
0000.jpg,14,6,1010100101001100,16
0000.jpg,15,4,1010100101001111,16
0000.jpg,19,-1,1010100100101111,16
0000.jpg,23,-2,1010100101001110,16
0000.jpg,30,-1,1010100100100000,16
0000.jpg,30,1,1010100101010000,16
0000.jpg,0,-52,10101001011000111,17
0000.jpg,0,-48,10101001011111100,17
0000.jpg,0,-46,10101001011011000,17
0000.jpg,0,-45,10101001010100101,17
0000.jpg,0,-39,10101001011111000,17
0000.jpg,1,-37,10101001011000011,17
0000.jpg,1,-30,10101001011000001,17
0000.jpg,1,-29,10101001010101100,17
0000.jpg,1,-24,10101001010110011,17
0000.jpg,1,-22,10101001011001111,17
0000.jpg,1,-21,10101001010110111,17
0000.jpg,1,-19,10101001010111100,17
0000.jpg,1,-18,10101001010110001,17
0000.jpg,1,-12,10101001011010111,17
0000.jpg,1,17,10101001010111001,17
0000.jpg,1,27,10101001010100111,17
0000.jpg,1,31,10101001010101110,17
0000.jpg,1,33,10101001011001000,17
0000.jpg,1,40,10101001010101111,17
0000.jpg,2,-45,10101001011100001,17
0000.jpg,2,-44,10101001011001101,17
0000.jpg,2,-38,10101001011011001,17
0000.jpg,2,-31,10101001010110010,17
0000.jpg,2,-29,10101001010101101,17
0000.jpg,2,-26,10101001010100100,17
0000.jpg,2,-24,10101001011000010,17
0000.jpg,2,25,10101001010110000,17
0000.jpg,2,27,10101001011001011,17
0000.jpg,2,28,10101001011001110,17
0000.jpg,2,29,10101001010101001,17
0000.jpg,2,39,10101001010100110,17
0000.jpg,3,-40,10101001010101000,17
0000.jpg,3,-28,10101001011001100,17
0000.jpg,3,24,10101001010110100,17
0000.jpg,3,25,10101001011000000,17
0000.jpg,3,27,10101001010111010,17
0000.jpg,3,31,10101001011101101,17
0000.jpg,3,32,10101001010110101,17
0000.jpg,3,34,10101001010111101,17
0000.jpg,4,-49,10101001011110011,17
0000.jpg,4,-32,10101001011100010,17
0000.jpg,4,-27,10101001011000110,17
0000.jpg,4,-25,10101001010110110,17
0000.jpg,4,-24,10101001011101110,17
0000.jpg,4,-23,10101001011010000,17
0000.jpg,4,30,10101001010101010,17
0000.jpg,4,31,10101001011011100,17
0000.jpg,4,32,10101001010111000,17
0000.jpg,4,35,10101001011100111,17
0000.jpg,4,38,10101001011001010,17
0000.jpg,4,46,10101001011100011,17
0000.jpg,4,53,10101001011110101,17
0000.jpg,4,54,10101001011110111,17
0000.jpg,5,-43,10101001011101000,17
0000.jpg,5,-26,10101001011101011,17
0000.jpg,5,-23,10101001011101111,17
0000.jpg,5,-22,10101001011011010,17
0000.jpg,5,-21,10101001011110100,17
0000.jpg,5,-20,11111100000000100,17
0000.jpg,5,23,10101001011100000,17
0000.jpg,5,32,10101001011100101,17
0000.jpg,5,33,10101001011000100,17
0000.jpg,6,-43,10101001011101001,17
0000.jpg,6,-38,10101001011101010,17
0000.jpg,6,-30,10101001011110000,17
0000.jpg,6,-25,10101001011111101,17
0000.jpg,6,48,10101001011100100,17
0000.jpg,7,-31,10101001011110010,17
0000.jpg,7,18,11100111100001010,17
0000.jpg,7,19,11100111100001001,17
0000.jpg,7,20,11100111100001000,17
0000.jpg,7,22,10101001011101100,17
0000.jpg,7,28,10101001011011111,17
0000.jpg,7,30,10101001011011110,17
0000.jpg,7,53,10101001011110110,17
0000.jpg,8,4,10101001011000101,17
0000.jpg,11,3,10101001011100110,17
0000.jpg,12,-6,10101001011010101,17
0000.jpg,12,-3,10101001011011011,17
0000.jpg,12,4,10101001011111110,17
0000.jpg,13,-5,10101001011001001,17
0000.jpg,13,5,11100111100001011,17
0000.jpg,14,-6,10101001010111110,17
0000.jpg,14,3,10101001011010001,17
0000.jpg,15,-12,10101001011011101,17
0000.jpg,15,-8,10101001011010010,17
0000.jpg,15,-6,10101001011111111,17
0000.jpg,15,7,10101001011110001,17
0000.jpg,16,-2,10101001010111011,17
0000.jpg,18,-1,10101001011010100,17
0000.jpg,18,1,10101001011010110,17
0000.jpg,19,1,10101001010101011,17
0000.jpg,24,1,10101001011111010,17
0000.jpg,25,1,10101001010111111,17
0000.jpg,29,-1,10101001011111001,17
0000.jpg,29,1,10101001011010011,17
0000.jpg,32,-1,10101001011111011,17
0000.jpg,39,-1,11111100000000101,17
0001.jpg,0,-1,101,3
0001.jpg,0,1,010,3
0001.jpg,0,-2,1000,4
0001.jpg,0,2,0001,4
0001.jpg,0,-3,01101,5
0001.jpg,0,3,11100,5
0001.jpg,7,-1,11001,5
0001.jpg,7,1,10010,5
0001.jpg,0,-5,000010,6
0001.jpg,0,-4,110001,6
0001.jpg,0,0,011110,6
0001.jpg,0,4,111101,6
0001.jpg,0,5,100111,6
0001.jpg,1,-1,110110,6
0001.jpg,1,1,110101,6
0001.jpg,5,1,000000,6
0001.jpg,6,-1,011001,6
0001.jpg,6,1,011101,6
0001.jpg,0,6,1001101,7
0001.jpg,0,7,0011011,7
0001.jpg,0,8,0000011,7
0001.jpg,4,-1,0011111,7
0001.jpg,4,1,0111111,7
0001.jpg,5,-1,1111101,7
0001.jpg,7,-2,0010101,7
0001.jpg,7,2,0011110,7
0001.jpg,0,-8,00101101,8
0001.jpg,0,-7,11101111,8
0001.jpg,0,-6,11111101,8
0001.jpg,0,9,11101101,8
0001.jpg,0,10,00100000,8
0001.jpg,0,127,11000000,8
0001.jpg,2,-1,00100101,8
0001.jpg,2,1,00101001,8
0001.jpg,3,-1,00100011,8
0001.jpg,3,1,00100001,8
0001.jpg,4,-2,00110011,8
0001.jpg,4,2,00111010,8
0001.jpg,5,-2,01110011,8
0001.jpg,5,2,01111101,8
0001.jpg,6,-2,11000011,8
0001.jpg,6,2,01110001,8
0001.jpg,7,3,00110101,8
0001.jpg,0,-10,000001010,9
0001.jpg,0,-9,110111010,9
0001.jpg,0,11,111100101,9
0001.jpg,0,12,001010000,9
0001.jpg,0,13,011000100,9
0001.jpg,0,14,011000111,9
0001.jpg,0,15,111111000,9
0001.jpg,0,16,111010011,9
0001.jpg,0,17,111011000,9
0001.jpg,0,18,111100110,9
0001.jpg,0,19,110100010,9
0001.jpg,0,20,110100100,9
0001.jpg,0,21,011000101,9
0001.jpg,0,22,001011101,9
0001.jpg,0,23,001000101,9
0001.jpg,0,24,001110010,9
0001.jpg,0,25,001100000,9
0001.jpg,0,26,001010001,9
0001.jpg,0,27,001110110,9
0001.jpg,0,29,000011001,9
0001.jpg,0,32,001000100,9
0001.jpg,0,36,000011111,9
0001.jpg,0,37,001011000,9
0001.jpg,0,38,011100001,9
0001.jpg,0,39,110111101,9
0001.jpg,0,40,111100001,9
0001.jpg,0,41,111010100,9
0001.jpg,0,42,001110011,9
0001.jpg,0,43,100110011,9
0001.jpg,0,44,011100101,9
0001.jpg,0,45,001001101,9
0001.jpg,0,46,001001001,9
0001.jpg,0,47,000001001,9
0001.jpg,0,48,001100101,9
0001.jpg,0,49,011000011,9
0001.jpg,0,50,011111001,9
0001.jpg,0,51,111011100,9
0001.jpg,0,52,111010110,9
0001.jpg,0,53,111011101,9
0001.jpg,0,54,110111011,9
0001.jpg,0,55,110100001,9
0001.jpg,0,56,011000000,9
0001.jpg,0,57,011000010,9
0001.jpg,0,58,000011011,9
0001.jpg,0,59,001001110,9
0001.jpg,1,-2,111010001,9
0001.jpg,1,2,011100000,9
0001.jpg,3,-2,001100010,9
0001.jpg,3,2,110100011,9
0001.jpg,4,-3,001011110,9
0001.jpg,4,3,110000100,9
0001.jpg,5,-3,001110000,9
0001.jpg,5,3,100110000,9
0001.jpg,6,-3,001110001,9
0001.jpg,6,3,100110001,9
0001.jpg,6,4,000001011,9
0001.jpg,7,-4,000011000,9
0001.jpg,7,-3,111100111,9
0001.jpg,7,4,110111111,9
0001.jpg,8,-1,111110011,9
0001.jpg,8,1,111110000,9
0001.jpg,15,-1,110100000,9
0001.jpg,15,1,111110010,9
0001.jpg,0,-12,0110001100,10
0001.jpg,0,-11,1101001100,10
0001.jpg,0,28,1111100010,10
0001.jpg,0,30,1111000111,10
0001.jpg,0,31,1111111000,10
0001.jpg,0,33,1111110010,10
0001.jpg,0,34,1110101011,10
0001.jpg,0,35,1111111101,10
0001.jpg,0,60,1111111011,10
0001.jpg,0,61,1101110010,10
0001.jpg,0,62,1110100101,10
0001.jpg,0,63,1101001101,10
0001.jpg,0,64,0000111010,10
0001.jpg,0,123,0000111000,10
0001.jpg,0,124,0010011001,10
0001.jpg,3,-4,0011000110,10
0001.jpg,3,-3,1111001001,10
0001.jpg,3,3,1111111001,10
0001.jpg,3,4,0011000111,10
0001.jpg,4,-4,1101001111,10
0001.jpg,4,4,1111111110,10
0001.jpg,4,5,0011001000,10
0001.jpg,5,-4,1110100001,10
0001.jpg,5,4,1111000000,10
0001.jpg,5,5,0010010001,10
0001.jpg,6,-5,0011000010,10
0001.jpg,6,-4,1111111111,10
0001.jpg,6,5,0111001000,10
0001.jpg,6,6,0000110101,10
0001.jpg,7,-5,1101110000,10
0001.jpg,7,5,1101111100,10
0001.jpg,7,6,0111110001,10
0001.jpg,12,-1,0010111111,10
0001.jpg,13,-1,1100001010,10
0001.jpg,13,1,0011010000,10
0001.jpg,14,-1,1101110001,10
0001.jpg,14,1,1001100100,10
0001.jpg,0,-16,00111011101,11
0001.jpg,0,-15,00110000110,11
0001.jpg,0,-14,11101011100,11
0001.jpg,0,-13,11111110100,11
0001.jpg,0,65,01100000101,11
0001.jpg,0,66,00110100010,11
0001.jpg,0,68,00110000111,11
0001.jpg,0,71,00101110000,11
0001.jpg,0,78,00000100001,11
0001.jpg,0,107,00100110001,11
0001.jpg,0,122,11101100100,11
0001.jpg,0,125,10011001011,11
0001.jpg,0,126,00101100111,11
0001.jpg,1,-3,11011110010,11
0001.jpg,1,3,11101100101,11
0001.jpg,2,-2,11101011111,11
0001.jpg,2,2,11101100110,11
0001.jpg,2,3,00101100110,11
0001.jpg,3,-7,00101100101,11
0001.jpg,3,-6,00001110011,11
0001.jpg,3,-5,01110010011,11
0001.jpg,3,5,11101010100,11
0001.jpg,3,6,11000010110,11
0001.jpg,3,7,00111011110,11
0001.jpg,4,-6,11010010110,11
0001.jpg,4,-5,11101001001,11
0001.jpg,4,6,11101011110,11
0001.jpg,4,7,00101100100,11
0001.jpg,5,-6,01110010010,11
0001.jpg,5,-5,11110000011,11
0001.jpg,5,6,11011100110,11
0001.jpg,5,7,00100111100,11
0001.jpg,6,-7,00100111101,11
0001.jpg,6,-6,11011111011,11
0001.jpg,6,7,11011100111,11
0001.jpg,7,-14,00100100001,11
0001.jpg,7,-7,00100111110,11
0001.jpg,7,-6,11011110011,11
0001.jpg,7,7,00000100011,11
0001.jpg,9,1,01100011011,11
0001.jpg,12,1,11111000110,11
0001.jpg,0,-21,000011101101,12
0001.jpg,0,-20,001100100111,12
0001.jpg,0,-19,011111000001,12
0001.jpg,0,-18,001110111110,12
0001.jpg,0,-17,111011001111,12
0001.jpg,0,67,111100100001,12
0001.jpg,0,69,111111001101,12
0001.jpg,0,70,111111001111,12
0001.jpg,0,72,111110001110,12
0001.jpg,0,73,111111110000,12
0001.jpg,0,74,111111110001,12
0001.jpg,0,75,111011001110,12
0001.jpg,0,76,111010000000,12
0001.jpg,0,77,110111100010,12
0001.jpg,0,79,110100101111,12
0001.jpg,0,80,111010101010,12
0001.jpg,0,81,111100010010,12
0001.jpg,0,82,110111100001,12
0001.jpg,0,83,001100100101,12
0001.jpg,0,91,000001000101,12
0001.jpg,0,95,001011100011,12
0001.jpg,0,96,011111000010,12
0001.jpg,0,103,000011101100,12
0001.jpg,0,106,001001111110,12
0001.jpg,0,108,111100100011,12
0001.jpg,0,109,000011010000,12
0001.jpg,0,121,110000101110,12
0001.jpg,1,-5,000011100101,12
0001.jpg,1,-4,110111110101,12
0001.jpg,1,4,110100101001,12
0001.jpg,2,-6,000011010010,12
0001.jpg,2,-4,001110111001,12
0001.jpg,2,-3,111100010011,12
0001.jpg,2,4,110100101110,12
0001.jpg,3,-8,111100010000,12
0001.jpg,3,8,110111100000,12
0001.jpg,3,9,111010101011,12
0001.jpg,3,10,001001111111,12
0001.jpg,3,11,001100100100,12
0001.jpg,4,-9,001101000110,12
0001.jpg,4,-8,111100000101,12
0001.jpg,4,-7,111111101011,12
0001.jpg,4,8,111010000010,12
0001.jpg,4,9,111100010001,12
0001.jpg,4,10,110100101000,12
0001.jpg,4,11,000011100100,12
0001.jpg,5,-10,000011010011,12
0001.jpg,5,-9,011000001001,12
0001.jpg,5,-7,110111100011,12
0001.jpg,5,8,110000101111,12
0001.jpg,5,9,001011100010,12
0001.jpg,5,10,000011010001,12
0001.jpg,6,-13,011111000011,12
0001.jpg,6,-11,011000001000,12
0001.jpg,6,-10,001110111111,12
0001.jpg,6,-9,011111000000,12
0001.jpg,6,-8,111010000001,12
0001.jpg,6,8,110111110100,12
0001.jpg,6,9,110100101010,12
0001.jpg,6,10,001011100100,12
0001.jpg,7,-13,011000001101,12
0001.jpg,7,-12,001101001000,12
0001.jpg,7,-11,011000001100,12
0001.jpg,7,-9,111100100010,12
0001.jpg,7,-8,111100010100,12
0001.jpg,7,8,001101001001,12
0001.jpg,7,9,001011100101,12
0001.jpg,7,10,000011101110,12
0001.jpg,9,-1,111111001110,12
0001.jpg,21,-1,001001100001,12
0001.jpg,23,-1,001101000111,12
0001.jpg,0,-28,0000111011110,13
0001.jpg,0,-25,0011010010101,13
0001.jpg,0,-24,0010111001100,13
0001.jpg,0,-23,1110100000110,13
0001.jpg,0,-22,0010111110101,13
0001.jpg,0,84,1111000001001,13
0001.jpg,0,85,1101001010111,13
0001.jpg,0,86,1111111100100,13
0001.jpg,0,87,1111111100101,13
0001.jpg,0,88,1101001110000,13
0001.jpg,0,89,0110001101010,13
0001.jpg,0,90,1111110011001,13
0001.jpg,0,92,0000010000010,13
0001.jpg,0,93,0110000011110,13
0001.jpg,0,94,1111111010100,13
0001.jpg,0,97,1100000100001,13
0001.jpg,0,99,0010111110011,13
0001.jpg,0,100,1001100101001,13
0001.jpg,0,104,0110000011100,13
0001.jpg,0,105,0011001001101,13
0001.jpg,0,128,1110100100000,13
0001.jpg,1,5,1111000101010,13
0001.jpg,2,-9,0000010000011,13
0001.jpg,2,-8,1111000110000,13
0001.jpg,2,-7,0010111110000,13
0001.jpg,2,-5,1111000101111,13
0001.jpg,2,5,1111111010101,13
0001.jpg,2,6,1111100011111,13
0001.jpg,2,7,1111000101101,13
0001.jpg,2,9,0000111100110,13
0001.jpg,2,10,0000111100100,13
0001.jpg,2,11,0000010000001,13
0001.jpg,3,-17,0011010011000,13
0001.jpg,3,-14,0010111110001,13
0001.jpg,3,-12,1111000101011,13
0001.jpg,3,-11,1111000101100,13
0001.jpg,3,-10,0010111001111,13
0001.jpg,3,-9,1111000101110,13
0001.jpg,3,12,0011010010111,13
0001.jpg,3,13,0110000011111,13
0001.jpg,3,14,0000111100001,13
0001.jpg,3,16,0000010000000,13
0001.jpg,4,-16,0000111100101,13
0001.jpg,4,-15,0000111100111,13
0001.jpg,4,-12,0000111011111,13
0001.jpg,4,-11,1001100101011,13
0001.jpg,4,-10,0110001101001,13
0001.jpg,4,12,1111110011000,13
0001.jpg,4,13,1101001110010,13
0001.jpg,4,14,1110101110101,13
0001.jpg,5,-15,0010111110110,13
0001.jpg,5,-13,0010111001110,13
0001.jpg,5,-12,0010111110111,13
0001.jpg,5,-11,0110000011101,13
0001.jpg,5,-8,1111111100111,13
0001.jpg,5,11,1110101110111,13
0001.jpg,5,12,0110001101000,13
0001.jpg,5,15,0011010011001,13
0001.jpg,6,-14,1100000100010,13
0001.jpg,6,-12,1001100101000,13
0001.jpg,6,11,0011001001100,13
0001.jpg,6,12,0110001101011,13
0001.jpg,6,13,1101001110110,13
0001.jpg,6,14,0000111101000,13
0001.jpg,7,-16,0000010001000,13
0001.jpg,7,-15,1101001110111,13
0001.jpg,7,-10,1111000110001,13
0001.jpg,7,11,1110101110110,13
0001.jpg,7,12,0011010010110,13
0001.jpg,8,-2,0011010010100,13
0001.jpg,8,2,1101001110101,13
0001.jpg,10,-1,0000111100000,13
0001.jpg,10,1,1101001110001,13
0001.jpg,11,-1,0010111110010,13
0001.jpg,11,1,1100000100000,13
0001.jpg,15,-2,1111111100110,13
0001.jpg,15,2,0010111110100,13
0001.jpg,16,-1,1111100011110,13
0001.jpg,16,1,1101001110011,13
0001.jpg,17,1,0000111100010,13
0001.jpg,20,-1,1101001110100,13
0001.jpg,21,1,0010111001101,13
0001.jpg,22,-1,1110100000111,13
0001.jpg,22,1,0000111100011,13
0001.jpg,23,1,1001100101010,13
0001.jpg,0,-31,00110100110111,14
0001.jpg,0,-30,00001111010100,14
0001.jpg,0,-29,00110100110100,14
0001.jpg,0,-27,00110100111011,14
0001.jpg,0,-26,11110001100100,14
0001.jpg,0,98,11101001000101,14
0001.jpg,0,101,11000001001011,14
0001.jpg,0,102,11000001010000,14
0001.jpg,0,110,00110100111111,14
0001.jpg,0,112,00000100010011,14
0001.jpg,0,113,11000001001010,14
0001.jpg,0,114,11101001000010,14
0001.jpg,0,115,00110100111010,14
0001.jpg,0,116,00110100111110,14
0001.jpg,1,-7,00110100110110,14
0001.jpg,1,-6,11110001100111,14
0001.jpg,1,6,11101001000110,14
0001.jpg,1,7,11000001001001,14
0001.jpg,2,-16,00110100111000,14
0001.jpg,2,-14,00110100111101,14
0001.jpg,2,-13,11000001001000,14
0001.jpg,2,-12,00110100111001,14
0001.jpg,2,8,11000001000110,14
0001.jpg,2,13,00001111010101,14
0001.jpg,3,-24,00001111011000,14
0001.jpg,3,-21,00110100111100,14
0001.jpg,3,-20,11101001000100,14
0001.jpg,3,-15,11000001010010,14
0001.jpg,3,-13,00001111010111,14
0001.jpg,3,15,11110000010001,14
0001.jpg,3,17,00001111010011,14
0001.jpg,3,18,11000001010011,14
0001.jpg,3,21,00001111010110,14
0001.jpg,4,-22,00110100110101,14
0001.jpg,4,-18,11101011101000,14
0001.jpg,4,-14,11101001000011,14
0001.jpg,4,-13,11110001101000,14
0001.jpg,4,16,11000001010001,14
0001.jpg,4,17,00001111010010,14
0001.jpg,4,18,11000001001100,14
0001.jpg,4,19,11000001001101,14
0001.jpg,5,-18,00111011100001,14
0001.jpg,5,-17,11000001010111,14
0001.jpg,5,-16,11000001010100,14
0001.jpg,5,-14,11000001011000,14
0001.jpg,5,13,00001111011001,14
0001.jpg,5,14,11110001101010,14
0001.jpg,6,-17,11000001010110,14
0001.jpg,6,-16,11110001101100,14
0001.jpg,6,-15,11101011101001,14
0001.jpg,6,15,00111011100000,14
0001.jpg,7,-26,00111011100011,14
0001.jpg,7,-17,00111011100010,14
0001.jpg,7,13,11110001101011,14
0001.jpg,7,14,11000001010101,14
0001.jpg,12,-2,11110001100110,14
0001.jpg,12,2,11000001000111,14
0001.jpg,13,-2,11110001101001,14
0001.jpg,14,-2,11110001100101,14
0001.jpg,14,2,11101001000111,14
0001.jpg,20,1,11000001001110,14
0001.jpg,29,1,11000001001111,14
0001.jpg,0,-40,110000010110100,15
0001.jpg,0,-38,000011110111111,15
0001.jpg,0,-35,000011110111010,15
0001.jpg,0,111,001001000000011,15
0001.jpg,0,117,000011110110111,15
0001.jpg,0,118,000011110110100,15
0001.jpg,0,119,110000010110010,15
0001.jpg,0,120,110000010111010,15
0001.jpg,1,-12,001001000000110,15
0001.jpg,1,-11,110000010110111,15
0001.jpg,1,-10,001001000000000,15
0001.jpg,1,-9,111100011011011,15
0001.jpg,1,8,000011110110110,15
0001.jpg,1,9,001001000001110,15
0001.jpg,1,10,111100100000000,15
0001.jpg,2,-17,110000010110110,15
0001.jpg,2,-15,110000011000001,15
0001.jpg,2,-11,001001000000111,15
0001.jpg,2,-10,000011110111101,15
0001.jpg,2,12,110000010111000,15
0001.jpg,2,14,001001000000100,15
0001.jpg,2,15,110000010111011,15
0001.jpg,2,16,000001000100101,15
0001.jpg,2,17,001001000001101,15
0001.jpg,2,18,001001000001100,15
0001.jpg,2,22,110000010110011,15
0001.jpg,2,27,000011110111011,15
0001.jpg,3,-34,000011110110101,15
0001.jpg,3,-27,111100100000111,15
0001.jpg,3,-25,110000011000110,15
0001.jpg,3,-22,110000011000111,15
0001.jpg,3,-19,111100011011010,15
0001.jpg,3,-18,110000010111101,15
0001.jpg,3,-16,110000011000100,15
0001.jpg,3,19,110000011001000,15
0001.jpg,3,20,110000010111100,15
0001.jpg,3,27,110000010111001,15
0001.jpg,3,31,110000011000101,15
0001.jpg,4,-26,001001000001010,15
0001.jpg,4,-24,111100100000010,15
0001.jpg,4,-23,111100100000101,15
0001.jpg,4,-21,001001000001001,15
0001.jpg,4,-20,001001100000001,15
0001.jpg,4,-19,111100100000100,15
0001.jpg,4,-17,000011110111100,15
0001.jpg,4,15,110000010110101,15
0001.jpg,4,20,111100011011100,15
0001.jpg,4,22,001001000001011,15
0001.jpg,4,24,110000010111111,15
0001.jpg,5,-22,001001000001000,15
0001.jpg,5,-19,111100100000001,15
0001.jpg,5,16,110000011001011,15
0001.jpg,5,17,110000011001010,15
0001.jpg,5,19,001001100000111,15
0001.jpg,5,21,001001000000001,15
0001.jpg,6,-34,001001100000100,15
0001.jpg,6,-26,110000011001001,15
0001.jpg,6,-21,001001000001111,15
0001.jpg,6,-20,001001100000110,15
0001.jpg,6,-19,001001100000010,15
0001.jpg,6,-18,110000011001110,15
0001.jpg,6,16,110000011001100,15
0001.jpg,6,18,001001100000101,15
0001.jpg,6,20,001001100000000,15
0001.jpg,6,23,001001000000010,15
0001.jpg,7,-22,110000011000011,15
0001.jpg,7,-21,110000011010010,15
0001.jpg,7,-20,110000011010000,15
0001.jpg,7,-19,110000011001111,15
0001.jpg,7,-18,110000011010001,15
0001.jpg,7,15,110000011001101,15
0001.jpg,7,17,001001100000011,15
0001.jpg,9,-2,110000011000010,15
0001.jpg,11,-2,110000010111110,15
0001.jpg,13,2,111100011011111,15
0001.jpg,14,-3,000011110111110,15
0001.jpg,15,-3,111100100000011,15
0001.jpg,15,3,111100100000110,15
0001.jpg,17,-1,111100011011110,15
0001.jpg,18,-1,110000011000000,15
0001.jpg,18,1,111100011011101,15
0001.jpg,19,-1,001001000000101,15
0001.jpg,28,1,111100000100001,15
0001.jpg,31,-1,000011110111001,15
0001.jpg,31,1,000011110111000,15
0001.jpg,0,-49,1100000111001010,16
0001.jpg,0,-44,1100000110100110,16
0001.jpg,0,-42,1100000110110001,16
0001.jpg,0,-36,1100000111000000,16
0001.jpg,1,-15,1100000110101000,16
0001.jpg,1,-8,1100000110110000,16
0001.jpg,2,-29,1100000110101110,16
0001.jpg,2,-28,1100000110100111,16
0001.jpg,2,23,1100000111000100,16
0001.jpg,2,24,1100000111000001,16
0001.jpg,2,28,1100000110111111,16
0001.jpg,2,33,1100000110111110,16
0001.jpg,3,-23,1100000110110010,16
0001.jpg,3,22,1100000111001100,16
0001.jpg,3,24,1100000110101101,16
0001.jpg,3,25,1100000110110100,16
0001.jpg,3,26,1100000110110011,16
0001.jpg,3,28,1100000110110110,16
0001.jpg,3,29,1100000110101001,16
0001.jpg,3,35,1100000110111101,16
0001.jpg,4,-31,1100000110111010,16
0001.jpg,4,23,1100000111000010,16
0001.jpg,4,28,1100000111001101,16
0001.jpg,4,29,1100000110110111,16
0001.jpg,4,30,1100000110110101,16
0001.jpg,5,-31,1100000111010101,16
0001.jpg,5,-27,1100000111000111,16
0001.jpg,5,-26,1100000111001011,16
0001.jpg,5,-24,1100000110101111,16
0001.jpg,5,-23,1100000111010110,16
0001.jpg,5,18,1100000111000101,16
0001.jpg,5,24,1100000111001111,16
0001.jpg,6,-30,1100000111010100,16
0001.jpg,6,-23,1100000111011001,16
0001.jpg,6,-22,1100000111010011,16
0001.jpg,7,-25,1100000111011000,16
0001.jpg,7,-23,1100000111010111,16
0001.jpg,7,16,1100000111010001,16
0001.jpg,7,23,1100000110101010,16
0001.jpg,8,-3,0000010001001000,16
0001.jpg,8,3,1100000111011010,16
0001.jpg,8,4,0000010001001001,16
0001.jpg,11,5,1100000110111011,16
0001.jpg,12,-3,1100000110101011,16
0001.jpg,14,-7,1100000111001110,16
0001.jpg,15,-4,1100000111010010,16
0001.jpg,15,4,1100000111010000,16
0001.jpg,24,-1,1100000111001000,16
0001.jpg,24,1,1100000110111001,16
0001.jpg,25,-1,1100000110111100,16
0001.jpg,25,1,1100000111000110,16
0001.jpg,26,-1,1100000110111000,16
0001.jpg,30,-1,1100000111000011,16
0001.jpg,30,1,1100000110101100,16
0001.jpg,39,-1,1100000111001001,16
0001.jpg,0,-51,11000001111001101,17
0001.jpg,0,-47,11000001110111000,17
0001.jpg,0,-39,11000001111100101,17
0001.jpg,0,-34,11000001111100001,17
0001.jpg,1,-37,11000001111001111,17
0001.jpg,1,-25,11000001111000101,17
0001.jpg,1,-23,11000001111001110,17
0001.jpg,1,-22,11000001111000010,17
0001.jpg,1,11,11000001111011001,17
0001.jpg,1,12,11000001111100100,17
0001.jpg,1,15,11000001111111000,17
0001.jpg,1,18,11000001111010011,17
0001.jpg,1,30,11000001111000001,17
0001.jpg,2,-46,11000001110111110,17
0001.jpg,2,-40,11000001111010010,17
0001.jpg,2,-37,11000001110111100,17
0001.jpg,2,-35,11010010101100110,17
0001.jpg,2,-33,11000001111010110,17
0001.jpg,2,-32,11000001111001010,17
0001.jpg,2,-27,11000001111010101,17
0001.jpg,2,-25,11000001111001000,17
0001.jpg,2,-24,11000001111000100,17
0001.jpg,2,-23,11010010101101001,17
0001.jpg,2,-22,11000001111001011,17
0001.jpg,2,-21,11000001111100010,17
0001.jpg,2,-20,11000001111111010,17
0001.jpg,2,-18,11000001111010100,17
0001.jpg,2,25,11000001110111010,17
0001.jpg,2,29,11000001111011011,17
0001.jpg,2,35,11000001111000011,17
0001.jpg,2,40,11000001111000000,17
0001.jpg,3,-48,11010010101101010,17
0001.jpg,3,-40,11010010101100100,17
0001.jpg,3,-36,11000001110111101,17
0001.jpg,3,-31,11000001111001001,17
0001.jpg,3,-29,11010010101100101,17
0001.jpg,3,-28,11000001111101111,17
0001.jpg,3,23,11000001111111001,17
0001.jpg,3,32,11000001111101110,17
0001.jpg,3,34,11000001111010000,17
0001.jpg,3,37,11000001111011000,17
0001.jpg,4,-36,11000001111101101,17
0001.jpg,4,-35,11010010101100010,17
0001.jpg,4,-33,11000001111100011,17
0001.jpg,4,-32,11000001111101010,17
0001.jpg,4,-30,11000001111100110,17
0001.jpg,4,21,11000001111111011,17
0001.jpg,4,26,11000001110111011,17
0001.jpg,4,31,11000001111010111,17
0001.jpg,4,32,11000001111110101,17
0001.jpg,4,33,11000001111011100,17
0001.jpg,4,39,11000001111000111,17
0001.jpg,4,44,11000001111011010,17
0001.jpg,5,-36,11010010101101000,17
0001.jpg,5,-35,11000001111111111,17
0001.jpg,5,-28,11000001111110001,17
0001.jpg,5,-21,11000001110111111,17
0001.jpg,5,-20,11000001111100111,17
0001.jpg,5,20,11000001111110010,17
0001.jpg,5,25,11000001111010001,17
0001.jpg,5,27,11000001111110110,17
0001.jpg,5,28,11000001111000110,17
0001.jpg,6,-35,11010010101100000,17
0001.jpg,6,-32,11000001111110000,17
0001.jpg,6,-27,11110000010000001,17
0001.jpg,6,-25,11110000010000010,17
0001.jpg,6,-24,11010010101100011,17
0001.jpg,6,17,11110000010000000,17
0001.jpg,6,19,11010010101101100,17
0001.jpg,6,21,11000001111101100,17
0001.jpg,6,22,11000001111111100,17
0001.jpg,6,24,11000001111111110,17
0001.jpg,6,25,11000001111011101,17
0001.jpg,6,26,11000001111110011,17
0001.jpg,6,28,11000001111101000,17
0001.jpg,6,32,11000001111110100,17
0001.jpg,6,35,11000001110111001,17
0001.jpg,7,-33,11010010101100111,17
0001.jpg,7,-24,11110000010000011,17
0001.jpg,11,-4,11000001110110111,17
0001.jpg,11,4,11000001111011110,17
0001.jpg,13,-5,11010010101101011,17
0001.jpg,13,-4,11000001111011111,17
0001.jpg,13,-3,11000001111101011,17
0001.jpg,13,7,11010010101101110,17
0001.jpg,14,-4,11000001111001100,17
0001.jpg,14,7,11010010101101111,17
0001.jpg,15,-11,11010010101101101,17
0001.jpg,15,7,11000001111111101,17
0001.jpg,19,1,11000001111100000,17
0001.jpg,23,-2,11000001110110110,17
0001.jpg,23,2,11010010101100001,17
0001.jpg,23,6,11000001111110111,17
0001.jpg,37,-1,11000001111101001,17
0002.jpg,0,-1,101,3
0002.jpg,0,1,011,3
0002.jpg,0,-2,1001,4
0002.jpg,0,2,0100,4
0002.jpg,0,-3,11001,5
0002.jpg,0,3,11011,5
0002.jpg,7,-1,01011,5
0002.jpg,7,1,00111,5
0002.jpg,0,-4,111010,6
0002.jpg,0,4,001100,6
0002.jpg,1,-1,100010,6
0002.jpg,1,1,110001,6
0002.jpg,5,-1,000101,6
0002.jpg,5,1,000100,6
0002.jpg,6,-1,110101,6
0002.jpg,6,1,111000,6
0002.jpg,0,-6,0000011,7
0002.jpg,0,-5,1101000,7
0002.jpg,0,0,1111101,7
0002.jpg,0,5,1000000,7
0002.jpg,0,6,0000101,7
0002.jpg,4,-1,0010101,7
0002.jpg,4,1,0010011,7
0002.jpg,7,-2,0001111,7
0002.jpg,7,2,0010111,7
0002.jpg,0,-15,00000000,8
0002.jpg,0,-14,01010101,8
0002.jpg,0,-7,00101001,8
0002.jpg,0,7,11111111,8
0002.jpg,0,8,00100000,8
0002.jpg,0,9,00000001,8
0002.jpg,0,15,01010000,8
0002.jpg,0,16,00001001,8
0002.jpg,0,17,00110101,8
0002.jpg,0,27,00000011,8
0002.jpg,0,40,00011001,8
0002.jpg,3,-1,00100010,8
0002.jpg,3,1,00001111,8
0002.jpg,4,-2,00101101,8
0002.jpg,4,2,00011010,8
0002.jpg,5,-2,11010011,8
0002.jpg,5,2,11010010,8
0002.jpg,6,-2,11110110,8
0002.jpg,6,2,11110101,8
0002.jpg,7,3,00101000,8
0002.jpg,0,-13,110000110,9
0002.jpg,0,-12,010100100,9
0002.jpg,0,-11,001000111,9
0002.jpg,0,-10,100001101,9
0002.jpg,0,-9,100011001,9
0002.jpg,0,-8,111111010,9
0002.jpg,0,10,100011100,9
0002.jpg,0,11,111001100,9
0002.jpg,0,12,010100110,9
0002.jpg,0,13,111001101,9
0002.jpg,0,14,111100100,9
0002.jpg,0,18,110000001,9
0002.jpg,0,19,000011010,9
0002.jpg,0,20,001000010,9
0002.jpg,0,21,010100010,9
0002.jpg,0,22,010101000,9
0002.jpg,0,23,001101100,9
0002.jpg,0,24,001101101,9
0002.jpg,0,25,100011000,9
0002.jpg,0,26,111011110,9
0002.jpg,0,28,111100111,9
0002.jpg,0,29,111100011,9
0002.jpg,0,30,111001001,9
0002.jpg,0,31,010101101,9
0002.jpg,0,32,100000110,9
0002.jpg,0,33,010101110,9
0002.jpg,0,34,010101111,9
0002.jpg,0,35,100000111,9
0002.jpg,0,36,111100000,9
0002.jpg,0,37,111011111,9
0002.jpg,0,38,111100110,9
0002.jpg,0,39,111101000,9
0002.jpg,0,41,100011110,9
0002.jpg,0,42,100001010,9
0002.jpg,0,43,100000101,9
0002.jpg,0,44,001001011,9
0002.jpg,0,45,000111011,9
0002.jpg,0,49,000011101,9
0002.jpg,0,50,000000101,9
0002.jpg,1,-2,111100010,9
0002.jpg,1,2,100001001,9
0002.jpg,2,-1,111111000,9
0002.jpg,2,1,111011001,9
0002.jpg,3,-2,010100101,9
0002.jpg,3,2,010100011,9
0002.jpg,4,-3,001101000,9
0002.jpg,4,3,010100111,9
0002.jpg,5,-3,110000100,9
0002.jpg,5,3,110000010,9
0002.jpg,5,4,000001010,9
0002.jpg,6,-3,111001010,9
0002.jpg,6,3,111110010,9
0002.jpg,6,4,000111000,9
0002.jpg,7,-3,111110000,9
0002.jpg,7,4,111011100,9
0002.jpg,7,5,001001000,9
0002.jpg,8,-1,111111100,9
0002.jpg,8,1,111101111,9
0002.jpg,15,-1,010101100,9
0002.jpg,15,1,111001000,9
0002.jpg,0,-16,1110011101,10
0002.jpg,0,46,1111111010,10
0002.jpg,0,47,1111110110,10
0002.jpg,0,48,1111100110,10
0002.jpg,0,51,1110011111,10
0002.jpg,0,52,1000111010,10
0002.jpg,0,53,1000011100,10
0002.jpg,0,54,1110110100,10
0002.jpg,0,55,1000110100,10
0002.jpg,0,56,1110110101,10
0002.jpg,0,57,1110110110,10
0002.jpg,0,58,1111010010,10
0002.jpg,0,59,1000011110,10
0002.jpg,0,60,0010110000,10
0002.jpg,0,61,0010010010,10
0002.jpg,0,74,0000001001,10
0002.jpg,0,75,0000110111,10
0002.jpg,0,78,0000110000,10
0002.jpg,0,83,0000110110,10
0002.jpg,0,85,0010110011,10
0002.jpg,0,86,0001110101,10
0002.jpg,0,87,1100001111,10
0002.jpg,0,89,0000110011,10
0002.jpg,0,90,1000111011,10
0002.jpg,0,91,0000111001,10
0002.jpg,0,93,0000010111,10
0002.jpg,3,-4,0001100001,10
0002.jpg,3,-3,0011011100,10
0002.jpg,3,3,1100000110,10
0002.jpg,3,4,0010010011,10
0002.jpg,4,-5,0000010001,10
0002.jpg,4,-4,1000110101,10
0002.jpg,4,4,1110110111,10
0002.jpg,4,5,0000010010,10
0002.jpg,5,-5,0000100000,10
0002.jpg,5,-4,1100000001,10
0002.jpg,5,5,0011011101,10
0002.jpg,6,-5,0010110001,10
0002.jpg,6,-4,1111100111,10
0002.jpg,6,5,1100000111,10
0002.jpg,6,6,0101010010,10
0002.jpg,7,-6,0001100010,10
0002.jpg,7,-5,0010001100,10
0002.jpg,7,-4,1111100011,10
0002.jpg,7,6,1100001010,10
0002.jpg,7,7,0000001000,10
0002.jpg,13,-1,0000100001,10
0002.jpg,13,1,0001110010,10
0002.jpg,14,-1,1000001000,10
0002.jpg,14,1,1110110000,10
0002.jpg,0,-17,00011100110,11
0002.jpg,0,62,10001101111,11
0002.jpg,0,63,11101110110,11
0002.jpg,0,64,11110000101,11
0002.jpg,0,65,11111100100,11
0002.jpg,0,66,11000010111,11
0002.jpg,0,67,10000111110,11
0002.jpg,0,68,11101110100,11
0002.jpg,0,69,11000010110,11
0002.jpg,0,70,00110111100,11
0002.jpg,0,71,10001111101,11
0002.jpg,0,72,11101100010,11
0002.jpg,0,73,10001101100,11
0002.jpg,0,76,11111000100,11
0002.jpg,0,77,11110100110,11
0002.jpg,0,79,11100111101,11
0002.jpg,0,80,11100111000,11
0002.jpg,0,81,10000100011,11
0002.jpg,0,82,10000111011,11
0002.jpg,0,84,11111110110,11
0002.jpg,0,88,11111100101,11
0002.jpg,0,92,11100101100,11
0002.jpg,0,94,00100011011,11
0002.jpg,0,98,00101100100,11
0002.jpg,0,99,00100001101,11
0002.jpg,0,100,00100101000,11
0002.jpg,0,101,00000100111,11
0002.jpg,0,102,00110100100,11
0002.jpg,0,103,00000100000,11
0002.jpg,0,104,00100101010,11
0002.jpg,0,107,00000100110,11
0002.jpg,0,110,00001100100,11
0002.jpg,1,-4,00001000101,11
0002.jpg,1,-3,11111110111,11
0002.jpg,1,3,10001111111,11
0002.jpg,2,-2,11110000100,11
0002.jpg,2,2,11100111100,11
0002.jpg,3,-7,00001100010,11
0002.jpg,3,-6,00001110001,11
0002.jpg,3,-5,11110010111,11
0002.jpg,3,5,10001111110,11
0002.jpg,3,6,10001101101,11
0002.jpg,3,7,00011100111,11
0002.jpg,4,-6,10000100010,11
0002.jpg,4,6,10000010010,11
0002.jpg,4,7,00011000111,11
0002.jpg,5,-8,00011101000,11
0002.jpg,5,-7,00001100011,11
0002.jpg,5,-6,00011000000,11
0002.jpg,5,6,11101110101,11
0002.jpg,5,7,00100001100,11
0002.jpg,6,-10,00011000001,11
0002.jpg,6,-9,10000101100,11
0002.jpg,6,-8,10001111100,11
0002.jpg,6,-7,11110000111,11
0002.jpg,6,-6,11110010110,11
0002.jpg,6,7,10001101110,11
0002.jpg,6,8,00100101001,11
0002.jpg,6,10,00001000110,11
0002.jpg,7,-9,00001100101,11
0002.jpg,7,-7,11110000110,11
0002.jpg,0,-21,100000100111,12
0002.jpg,0,-20,000011100001,12
0002.jpg,0,-19,010101001101,12
0002.jpg,0,-18,111101001111,12
0002.jpg,0,95,111101110010,12
0002.jpg,0,96,111001011011,12
0002.jpg,0,97,001101111100,12
0002.jpg,0,105,111111011100,12
0002.jpg,0,106,010101001110,12
0002.jpg,0,108,100001111111,12
0002.jpg,0,109,111011000110,12
0002.jpg,0,112,110000111001,12
0002.jpg,0,113,001000011111,12
0002.jpg,1,4,111111001101,12
0002.jpg,1,5,000001011010,12
0002.jpg,2,-6,000011100000,12
0002.jpg,2,-5,001101001010,12
0002.jpg,2,-4,100000100110,12
0002.jpg,2,-3,111101001110,12
0002.jpg,2,3,111111001110,12
0002.jpg,2,4,111100101000,12
0002.jpg,2,5,001000011100,12
0002.jpg,3,-9,000111010011,12
0002.jpg,3,-8,100001000000,12
0002.jpg,3,8,111101110001,12
0002.jpg,3,9,110000000001,12
0002.jpg,3,10,100001000001,12
0002.jpg,4,-9,001000011101,12
0002.jpg,4,-8,001011001011,12
0002.jpg,4,-7,110000111011,12
0002.jpg,4,8,111011101110,12
0002.jpg,4,9,111011000111,12
0002.jpg,4,10,000110001101,12
0002.jpg,4,11,000001011000,12
0002.jpg,5,-12,000010001111,12
0002.jpg,5,-11,001101001011,12
0002.jpg,5,-9,000110111111,12
0002.jpg,5,8,111001110011,12
0002.jpg,5,9,000001000011,12
0002.jpg,5,10,001000011110,12
0002.jpg,5,11,000111010010,12
0002.jpg,6,-17,000001011001,12
0002.jpg,6,-14,000001011011,12
0002.jpg,6,-13,110000111000,12
0002.jpg,6,-12,001101111101,12
0002.jpg,6,-11,110000000010,12
0002.jpg,6,9,111111001111,12
0002.jpg,6,11,111101110000,12
0002.jpg,6,12,001101111011,12
0002.jpg,7,-14,000110001100,12
0002.jpg,7,-13,001011001010,12
0002.jpg,7,-12,100001000011,12
0002.jpg,7,-11,001101111110,12
0002.jpg,7,-10,111100101010,12
0002.jpg,7,-8,100001000010,12
0002.jpg,7,8,111110001011,12
0002.jpg,7,9,111001011010,12
0002.jpg,7,10,001101111111,12
0002.jpg,9,-1,001101111010,12
0002.jpg,12,-1,111100101001,12
0002.jpg,12,1,110000000000,12
0002.jpg,23,-1,001001010111,12
0002.jpg,0,-25,0010001101000,13
0002.jpg,0,-24,0000100010000,13
0002.jpg,0,-22,1100001110101,13
0002.jpg,0,111,1000010111000,13
0002.jpg,1,-5,0001101100000,13
0002.jpg,1,6,0010001101001,13
0002.jpg,2,-7,1110111011110,13
0002.jpg,2,6,1111110111100,13
0002.jpg,2,7,1000010110110,13
0002.jpg,2,8,1100000000110,13
0002.jpg,2,9,0000010000101,13
0002.jpg,3,-12,0001101100011,13
0002.jpg,3,-11,1000010110100,13
0002.jpg,3,-10,0001101100100,13
0002.jpg,3,11,1000010110101,13
0002.jpg,3,12,0001101100010,13
0002.jpg,3,13,0101010011111,13
0002.jpg,4,-11,1000010110111,13
0002.jpg,4,-10,1111011100110,13
0002.jpg,4,12,0000100010010,13
0002.jpg,5,-14,0000100010001,13
0002.jpg,5,-13,0011010011000,13
0002.jpg,5,-10,1111110011001,13
0002.jpg,5,12,1110111011111,13
0002.jpg,5,13,0101010011001,13
0002.jpg,5,14,0001101100110,13
0002.jpg,5,17,0010001101010,13
0002.jpg,6,-18,1111110111111,13
0002.jpg,6,-16,1100000000111,13
0002.jpg,6,-15,1111110111010,13
0002.jpg,6,13,1111110111011,13
0002.jpg,6,14,0010010101100,13
0002.jpg,6,15,0010001101011,13
0002.jpg,6,17,0001101101001,13
0002.jpg,6,18,0001101100111,13
0002.jpg,7,-16,1111110111101,13
0002.jpg,7,-15,1000010111001,13
0002.jpg,7,11,1000010111010,13
0002.jpg,7,12,1111110111110,13
0002.jpg,7,13,0011010011001,13
0002.jpg,8,-2,1110010111000,13
0002.jpg,8,2,0101010011110,13
0002.jpg,9,1,1111001010111,13
0002.jpg,11,-1,0001101100001,13
0002.jpg,13,-2,1110010111010,13
0002.jpg,15,-2,0000100011100,13
0002.jpg,15,2,0001101101000,13
0002.jpg,16,1,1111001010110,13
0002.jpg,22,-1,0000100010011,13
0002.jpg,22,1,1110010111001,13
0002.jpg,23,1,0001101100101,13
0002.jpg,0,-35,11100101110110,14
0002.jpg,0,-34,11110111010000,14
0002.jpg,0,-33,10000101111000,14
0002.jpg,0,-32,00011011010110,14
0002.jpg,0,-30,10000101111110,14
0002.jpg,0,-29,00011011010101,14
0002.jpg,0,-28,00100101011011,14
0002.jpg,0,-27,10000101111011,14
0002.jpg,0,-26,11110111001111,14
0002.jpg,0,-23,11110111010011,14
0002.jpg,0,114,11110111011010,14
0002.jpg,0,116,11100101111100,14
0002.jpg,0,117,00110100111001,14
0002.jpg,0,118,00011011100101,14
0002.jpg,0,119,00110100111100,14
0002.jpg,0,120,00011011100001,14
0002.jpg,0,122,00011011100010,14
0002.jpg,0,123,00011011100011,14
0002.jpg,0,124,00011011100100,14
0002.jpg,1,-9,00011011100000,14
0002.jpg,1,-6,11110111010010,14
0002.jpg,1,7,10000101110110,14
0002.jpg,1,8,10000101111100,14
0002.jpg,2,-12,11100101111010,14
0002.jpg,2,-11,00011011010100,14
0002.jpg,2,-10,11100101110111,14
0002.jpg,2,-8,11110111010100,14
0002.jpg,2,10,10000110000001,14
0002.jpg,2,11,00011011011101,14
0002.jpg,2,13,00110100110100,14
0002.jpg,2,15,00011011011001,14
0002.jpg,3,-20,00011011011111,14
0002.jpg,3,-16,11110111011001,14
0002.jpg,3,-15,11100101111000,14
0002.jpg,3,-14,00011011011011,14
0002.jpg,3,-13,00110100111000,14
0002.jpg,3,14,10000101111001,14
0002.jpg,3,15,11110111001110,14
0002.jpg,3,16,11000011101001,14
0002.jpg,3,19,00011011011100,14
0002.jpg,3,20,11100101111011,14
0002.jpg,4,13,10000101111010,14
0002.jpg,4,14,10000101110111,14
0002.jpg,4,15,00001000111011,14
0002.jpg,4,16,10000101111111,14
0002.jpg,4,20,00011011011000,14
0002.jpg,5,-20,00011011100111,14
0002.jpg,5,-19,00110100111011,14
0002.jpg,5,-17,10000110000000,14
0002.jpg,5,-16,00011011010111,14
0002.jpg,5,-15,10000101111101,14
0002.jpg,5,15,11100101111001,14
0002.jpg,5,16,11110111010111,14
0002.jpg,5,18,00110100110101,14
0002.jpg,5,21,00011011011010,14
0002.jpg,5,26,00011011011110,14
0002.jpg,6,-27,00011011101001,14
0002.jpg,6,-23,00110100110111,14
0002.jpg,6,-21,11100111001001,14
0002.jpg,6,-19,11100101111110,14
0002.jpg,6,16,11110111011000,14
0002.jpg,6,19,01010100110000,14
0002.jpg,6,20,11110111011011,14
0002.jpg,6,21,11100101111101,14
0002.jpg,6,23,00000100001000,14
0002.jpg,6,24,00011011101000,14
0002.jpg,6,26,00011011100110,14
0002.jpg,7,-35,00011011101010,14
0002.jpg,7,-32,00000100001001,14
0002.jpg,7,-22,11110111011100,14
0002.jpg,7,-19,11100111001010,14
0002.jpg,7,-18,11100111001000,14
0002.jpg,7,-17,10000110000010,14
0002.jpg,7,14,00110100111111,14
0002.jpg,7,15,00110100111010,14
0002.jpg,7,16,00110100111110,14
0002.jpg,7,17,11100101111111,14
0002.jpg,7,18,10000110000011,14
0002.jpg,11,1,11110111010101,14
0002.jpg,13,2,00110100110110,14
0002.jpg,14,-2,11110111010110,14
0002.jpg,16,-1,11110111010001,14
0002.jpg,21,1,00110100111101,14
0002.jpg,0,-40,000110111100100,15
0002.jpg,0,-37,000110111011111,15
0002.jpg,0,-36,111101110111100,15
0002.jpg,0,-31,000110111011000,15
0002.jpg,0,121,111110001010100,15
0002.jpg,1,-13,100001100010010,15
0002.jpg,1,-10,111110001010011,15
0002.jpg,1,-8,100001100011000,15
0002.jpg,1,-7,111101110111010,15
0002.jpg,1,13,100001100010100,15
0002.jpg,1,18,000110111011001,15
0002.jpg,2,-19,100001100010011,15
0002.jpg,2,-15,100001100001110,15
0002.jpg,2,-14,100001100010000,15
0002.jpg,2,-9,111101110111110,15
0002.jpg,2,14,111001110010111,15
0002.jpg,2,16,000110111011011,15
0002.jpg,2,17,100001100001010,15
0002.jpg,2,24,100001100001001,15
0002.jpg,2,25,000110111101100,15
0002.jpg,3,-26,100001100010110,15
0002.jpg,3,-19,111110001010010,15
0002.jpg,3,-18,100001100001101,15
0002.jpg,3,17,100001100001111,15
0002.jpg,3,18,100001100001000,15
0002.jpg,3,21,100001100010001,15
0002.jpg,3,23,000110111011101,15
0002.jpg,3,24,000110111101010,15
0002.jpg,3,25,000110111010110,15
0002.jpg,3,26,000110111101101,15
0002.jpg,4,-25,000110111010111,15
0002.jpg,4,-20,000110111110001,15
0002.jpg,4,-18,100001100010101,15
0002.jpg,4,-17,111101110111011,15
0002.jpg,4,-16,000110111011110,15
0002.jpg,4,-15,100001100001011,15
0002.jpg,4,-14,111110001010101,15
0002.jpg,4,-12,000110111011010,15
0002.jpg,4,17,100001100001100,15
0002.jpg,4,18,010101001100011,15
0002.jpg,4,19,000110111011100,15
0002.jpg,4,24,000110111100011,15
0002.jpg,5,-37,000110111110010,15
0002.jpg,5,-33,000110111100000,15
0002.jpg,5,-24,000110111110100,15
0002.jpg,5,-22,100001100100011,15
0002.jpg,5,-21,111110001010111,15
0002.jpg,5,19,111101110111101,15
0002.jpg,5,20,000110111101011,15
0002.jpg,5,22,100001100011011,15
0002.jpg,5,23,000110111101001,15
0002.jpg,5,24,100001100010111,15
0002.jpg,5,25,001001010110101,15
0002.jpg,5,27,100001100011101,15
0002.jpg,6,-26,100001100100100,15
0002.jpg,6,-25,000110111110101,15
0002.jpg,6,-24,100001100100010,15
0002.jpg,6,-22,100001100011100,15
0002.jpg,6,-20,100001100011110,15
0002.jpg,6,22,111111001100001,15
0002.jpg,6,25,111111001100010,15
0002.jpg,7,-26,000110111110111,15
0002.jpg,7,-24,100001100100101,15
0002.jpg,7,-21,111111001100000,15
0002.jpg,7,-20,100001100100000,15
0002.jpg,7,19,000110111110011,15
0002.jpg,7,21,111110001010110,15
0002.jpg,7,22,100001100011010,15
0002.jpg,7,23,000110111110110,15
0002.jpg,7,24,111111001100011,15
0002.jpg,7,26,100001100100001,15
0002.jpg,7,27,001001010110100,15
0002.jpg,10,-1,000010001110101,15
0002.jpg,10,1,000110111101110,15
0002.jpg,12,-2,111101110111111,15
0002.jpg,12,2,000110111100001,15
0002.jpg,13,-3,000110111101111,15
0002.jpg,13,3,000110111100010,15
0002.jpg,14,-4,000110111100101,15
0002.jpg,14,2,111110001010001,15
0002.jpg,15,-3,000110111110000,15
0002.jpg,15,5,100001100011111,15
0002.jpg,20,-1,000110111100111,15
0002.jpg,21,-1,111110001010000,15
0002.jpg,29,-1,000110111100110,15
0002.jpg,31,-1,100001100011001,15
0002.jpg,31,1,000110111101000,15
0002.jpg,0,-41,1000011001010010,16
0002.jpg,0,115,1000011001100100,16
0002.jpg,1,-17,1000011001011011,16
0002.jpg,1,-14,1000011001110100,16
0002.jpg,1,-12,1000011001001110,16
0002.jpg,1,-11,1000011001100110,16
0002.jpg,1,9,1000011001010101,16
0002.jpg,1,11,0101010011000101,16
0002.jpg,1,14,1000011001101110,16
0002.jpg,1,17,1000011001010000,16
0002.jpg,1,19,1000011001011110,16
0002.jpg,1,20,1000011001101100,16
0002.jpg,2,-31,1000011001110111,16
0002.jpg,2,-22,1000011001010001,16
0002.jpg,2,-20,1000011001100000,16
0002.jpg,2,-18,1000011001110011,16
0002.jpg,2,-17,1000011001110110,16
0002.jpg,2,-13,1000011001111001,16
0002.jpg,2,12,1000011001011010,16
0002.jpg,2,18,1000011001101011,16
0002.jpg,2,19,1000011001011101,16
0002.jpg,2,22,1000011001100001,16
0002.jpg,3,-21,1000011001011001,16
0002.jpg,3,-17,1000011001001111,16
0002.jpg,3,22,1000011001110001,16
0002.jpg,4,-27,1000011001010111,16
0002.jpg,4,-26,1000011001011100,16
0002.jpg,4,-23,1000011001101010,16
0002.jpg,4,-21,1000011001011000,16
0002.jpg,4,-19,1000011001010110,16
0002.jpg,4,-13,1000011001001100,16
0002.jpg,4,21,1000011001100111,16
0002.jpg,4,23,1000011001101101,16
0002.jpg,4,25,1000011001101000,16
0002.jpg,4,26,0101010011000100,16
0002.jpg,4,27,1000011001010100,16
0002.jpg,4,31,1000011001110000,16
0002.jpg,4,33,1000011001011111,16
0002.jpg,5,-42,1000011001111000,16
0002.jpg,5,-34,1000011001111111,16
0002.jpg,5,-23,1000011001100101,16
0002.jpg,5,-18,1000011001111011,16
0002.jpg,5,30,1000011001101111,16
0002.jpg,5,31,1000011001110101,16
0002.jpg,5,50,1000011001111010,16
0002.jpg,6,-31,1000011101000000,16
0002.jpg,6,30,0000100011101001,16
0002.jpg,7,-33,1000011101000001,16
0002.jpg,7,-28,1000011101000010,16
0002.jpg,7,-25,1000011101000011,16
0002.jpg,7,20,1000011001111100,16
0002.jpg,7,25,1000011001111101,16
0002.jpg,7,29,1000011001111110,16
0002.jpg,7,30,0000100011101000,16
0002.jpg,8,-3,1000011101000100,16
0002.jpg,11,2,1000011001110010,16
0002.jpg,13,4,1000011001010011,16
0002.jpg,14,-3,1000011001100011,16
0002.jpg,14,4,1000011001101001,16
0002.jpg,20,1,1000011001100010,16
0002.jpg,24,-1,1000011001001101,16
0002.jpg,0,-47,10000111010101111,17
0002.jpg,0,-44,10000111010001100,17
0002.jpg,0,-42,10000111010001101,17
0002.jpg,0,-39,10000111010010111,17
0002.jpg,0,-38,10000111010001110,17
0002.jpg,0,125,10000111010101010,17
0002.jpg,0,126,10000111010101011,17
0002.jpg,1,-20,10000111010010000,17
0002.jpg,1,-18,10000111111001110,17
0002.jpg,1,-15,10000111010010110,17
0002.jpg,1,10,10000111010011011,17
0002.jpg,1,12,10000111010010100,17
0002.jpg,1,15,10000111010100111,17
0002.jpg,1,21,10000111010001011,17
0002.jpg,2,-34,10000111111000010,17
0002.jpg,2,-24,10000111010100011,17
0002.jpg,2,-16,10000111010001111,17
0002.jpg,2,21,10000111010101000,17
0002.jpg,2,28,10000111010100110,17
0002.jpg,3,-40,10000111010011110,17
0002.jpg,3,-33,10000111010010101,17
0002.jpg,3,-31,10000111010111111,17
0002.jpg,3,-29,10000111010011000,17
0002.jpg,3,-23,10000111111001101,17
0002.jpg,3,28,10000111010011010,17
0002.jpg,3,32,10000111010100010,17
0002.jpg,3,33,10000111111000001,17
0002.jpg,3,35,10000111010101101,17
0002.jpg,3,43,10000111010101001,17
0002.jpg,3,45,10000111010110011,17
0002.jpg,3,46,10000111010100101,17
0002.jpg,3,47,10000111010101100,17
0002.jpg,4,-43,10000111111011100,17
0002.jpg,4,-41,10000111111000100,17
0002.jpg,4,-38,10000111111000110,17
0002.jpg,4,-37,10000111010011111,17
0002.jpg,4,-32,10000111111000011,17
0002.jpg,4,-31,10000111111001010,17
0002.jpg,4,-30,10000111111000101,17
0002.jpg,4,-24,10000111111000000,17
0002.jpg,4,-22,10000111111001011,17
0002.jpg,4,22,10000111010110010,17
0002.jpg,4,29,10000111010101110,17
0002.jpg,5,-45,10000111111011110,17
0002.jpg,5,-40,10000111111000111,17
0002.jpg,5,-39,11000011101000100,17
0002.jpg,5,-35,10000111111010100,17
0002.jpg,5,-31,11100111001011010,17
0002.jpg,5,-29,10000111010111100,17
0002.jpg,5,-27,10000111010111011,17
0002.jpg,5,-26,10000111010010001,17
0002.jpg,5,28,10000111010010010,17
0002.jpg,5,33,10000111010011101,17
0002.jpg,5,35,10000111111001000,17
0002.jpg,5,37,10000111010110100,17
0002.jpg,5,47,10000111111001001,17
0002.jpg,6,-44,10000111111011111,17
0002.jpg,6,-43,11000011101000000,17
0002.jpg,6,-41,11000011101000011,17
0002.jpg,6,-36,11000011101000110,17
0002.jpg,6,-33,11100111001011001,17
0002.jpg,6,-32,10000111111010101,17
0002.jpg,6,-29,10000111111010110,17
0002.jpg,6,-28,10000111111011000,17
0002.jpg,6,27,10000111111011011,17
0002.jpg,6,34,10000111010111110,17
0002.jpg,6,35,10000111010111101,17
0002.jpg,7,-45,10000111111011101,17
0002.jpg,7,-42,11000011101000001,17
0002.jpg,7,-41,11000011101000010,17
0002.jpg,7,-37,11000011101000111,17
0002.jpg,7,-36,11000011101000101,17
0002.jpg,7,-34,11100111001011000,17
0002.jpg,7,-30,10000111111010111,17
0002.jpg,7,-27,10000111111010011,17
0002.jpg,7,-23,11100111001011011,17
0002.jpg,8,3,10000111010110001,17
0002.jpg,10,3,10000111010110101,17
0002.jpg,11,-2,10000111010010011,17
0002.jpg,11,5,10000111010110000,17
0002.jpg,12,-4,10000111010001010,17
0002.jpg,12,5,10000111010100000,17
0002.jpg,13,-4,10000111010011001,17
0002.jpg,13,5,10000111010110110,17
0002.jpg,14,-6,10000111111010000,17
0002.jpg,15,-4,10000111111010001,17
0002.jpg,15,4,10000111111001100,17
0002.jpg,15,6,10000111111011001,17
0002.jpg,15,7,10000111111011010,17
0002.jpg,15,11,10000111111001111,17
0002.jpg,15,16,10000111010100100,17
0002.jpg,19,-1,10000111010011100,17
0002.jpg,19,1,10000111010111000,17
0002.jpg,22,2,10000111010100001,17
0002.jpg,30,-1,10000111111010010,17
0002.jpg,30,1,10000111010110111,17
0002.jpg,30,2,10000111010111001,17
0002.jpg,38,1,10000111010111010,17
0003.jpg,0,-1,101,3
0003.jpg,0,1,001,3
0003.jpg,0,-2,0111,4
0003.jpg,0,2,0101,4
0003.jpg,0,-3,11000,5
0003.jpg,0,3,11110,5
0003.jpg,7,-1,10010,5
0003.jpg,7,1,10011,5
0003.jpg,0,-4,110010,6
0003.jpg,0,4,110011,6
0003.jpg,1,-1,100010,6
0003.jpg,1,1,011011,6
0003.jpg,6,-1,010000,6
0003.jpg,6,1,011001,6
0003.jpg,0,-6,0000100,7
0003.jpg,0,-5,1110101,7
0003.jpg,0,0,0110000,7
0003.jpg,0,5,1111100,7
0003.jpg,0,6,0100110,7
0003.jpg,0,7,1000001,7
0003.jpg,0,8,0001001,7
0003.jpg,0,9,0001101,7
0003.jpg,4,-1,0000010,7
0003.jpg,4,1,0000110,7
0003.jpg,5,-1,1101010,7
0003.jpg,5,1,1110000,7
0003.jpg,7,-2,0100011,7
0003.jpg,7,2,1110001,7
0003.jpg,0,-13,00010110,8
0003.jpg,0,-12,00011101,8
0003.jpg,0,-11,10001101,8
0003.jpg,0,-10,11011111,8
0003.jpg,0,-9,10000101,8
0003.jpg,0,-8,01101000,8
0003.jpg,0,-7,11100110,8
0003.jpg,0,10,11111011,8
0003.jpg,0,11,11101101,8
0003.jpg,0,12,11101100,8
0003.jpg,0,13,10001110,8
0003.jpg,0,14,11010001,8
0003.jpg,0,15,11111110,8
0003.jpg,0,16,00011111,8
0003.jpg,0,17,00000110,8
0003.jpg,0,39,00001010,8
0003.jpg,3,-1,00011000,8
0003.jpg,3,1,00011001,8
0003.jpg,4,-2,01001011,8
0003.jpg,4,2,01101011,8
0003.jpg,5,-2,01101010,8
0003.jpg,5,2,01001111,8
0003.jpg,6,-2,11011000,8
0003.jpg,6,2,11101000,8
0003.jpg,7,3,10000100,8
0003.jpg,0,18,010010000,9
0003.jpg,0,19,100000010,9
0003.jpg,0,20,010001010,9
0003.jpg,0,21,000000011,9
0003.jpg,0,22,000101001,9
0003.jpg,0,23,000100000,9
0003.jpg,0,24,000101011,9
0003.jpg,0,25,100001101,9
0003.jpg,0,26,110100001,9
0003.jpg,0,27,010010001,9
0003.jpg,0,28,000101111,9
0003.jpg,0,29,000100010,9
0003.jpg,0,30,110110101,9
0003.jpg,0,31,110110100,9
0003.jpg,0,32,110110011,9
0003.jpg,0,33,100001110,9
0003.jpg,0,34,000011100,9
0003.jpg,0,35,000101010,9
0003.jpg,0,36,000111000,9
0003.jpg,0,37,111001010,9
0003.jpg,0,38,111111001,9
0003.jpg,0,40,111111010,9
0003.jpg,0,41,110111100,9
0003.jpg,0,42,000101000,9
0003.jpg,0,43,010010011,9
0003.jpg,0,44,000011110,9
0003.jpg,1,-2,111001000,9
0003.jpg,1,2,110101111,9
0003.jpg,2,-1,111010010,9
0003.jpg,2,1,110111000,9
0003.jpg,3,-2,110111010,9
0003.jpg,3,2,110100101,9
0003.jpg,3,3,010010101,9
0003.jpg,4,-3,100011110,9
0003.jpg,4,3,110100111,9
0003.jpg,5,-3,011000100,9
0003.jpg,5,3,110101100,9
0003.jpg,6,-3,110100110,9
0003.jpg,6,3,111001110,9
0003.jpg,7,-4,000000110,9
0003.jpg,7,-3,111110100,9
0003.jpg,7,4,110111011,9
0003.jpg,7,5,000000101,9
0003.jpg,8,-1,011010010,9
0003.jpg,8,1,110100000,9
0003.jpg,15,-1,011000111,9
0003.jpg,15,1,011000110,9
0003.jpg,0,-14,0000001001,10
0003.jpg,0,45,1101101111,10
0003.jpg,0,46,1110111111,10
0003.jpg,0,47,1101111011,10
0003.jpg,0,48,0100111000,10
0003.jpg,0,49,0000011101,10
0003.jpg,0,50,0000101111,10
0003.jpg,0,51,0100100101,10
0003.jpg,0,52,0001111011,10
0003.jpg,0,55,0000101100,10
0003.jpg,0,56,0000000000,10
0003.jpg,0,57,0000000011,10
0003.jpg,0,85,0001110011,10
0003.jpg,0,87,0000101110,10
0003.jpg,0,89,0000101101,10
0003.jpg,0,90,0100101000,10
0003.jpg,0,91,0110100111,10
0003.jpg,0,92,0000000010,10
0003.jpg,0,93,0000011100,10
0003.jpg,0,94,0000001111,10
0003.jpg,0,96,1000000110,10
0003.jpg,0,97,1110111100,10
0003.jpg,0,98,0001000110,10
0003.jpg,0,99,0100010110,10
0003.jpg,0,100,0001111010,10
0003.jpg,0,101,1000000011,10
0003.jpg,0,102,0001111000,10
0003.jpg,1,-3,0100010111,10
0003.jpg,1,3,0001000111,10
0003.jpg,3,-5,1000000010,10
0003.jpg,3,-4,1101011010,10
0003.jpg,3,-3,1111110110,10
0003.jpg,3,4,1110100110,10
0003.jpg,3,5,1000000001,10
0003.jpg,4,-5,1000000111,10
0003.jpg,4,-4,1110111011,10
0003.jpg,4,4,1111111101,10
0003.jpg,4,5,0100111011,10
0003.jpg,5,-5,1000000000,10
0003.jpg,5,-4,1110010111,10
0003.jpg,5,4,1110111101,10
0003.jpg,5,5,0001011101,10
0003.jpg,5,6,0000111110,10
0003.jpg,6,-5,0001000010,10
0003.jpg,6,-4,1110111110,10
0003.jpg,6,4,1111111100,10
0003.jpg,6,5,0100010001,10
0003.jpg,7,-6,0001111001,10
0003.jpg,7,-5,0110100110,10
0003.jpg,7,6,0000111011,10
0003.jpg,14,-1,0100010010,10
0003.jpg,14,1,0000011111,10
0003.jpg,0,-16,01000100001,11
0003.jpg,0,-15,11010110111,11
0003.jpg,0,53,11101110010,11
0003.jpg,0,54,11111111111,11
0003.jpg,0,58,11011011001,11
0003.jpg,0,59,10000111101,11
0003.jpg,0,60,11100100101,11
0003.jpg,0,61,11010111011,11
0003.jpg,0,62,11011001011,11
0003.jpg,0,81,01100010100,11
0003.jpg,0,83,00001111111,11
0003.jpg,0,84,11010010011,11
0003.jpg,0,86,11101110001,11
0003.jpg,0,88,11010111001,11
0003.jpg,0,95,11111111100,11
0003.jpg,0,103,11111111110,11
0003.jpg,0,104,11010111010,11
0003.jpg,0,105,01001010011,11
0003.jpg,0,106,00010000110,11
0003.jpg,1,4,01001001001,11
0003.jpg,2,-3,10000110011,11
0003.jpg,2,-2,11010110110,11
0003.jpg,2,2,11111100001,11
0003.jpg,2,3,00000111101,11
0003.jpg,3,-8,00001110101,11
0003.jpg,3,-7,10000111100,11
0003.jpg,3,-6,11011100100,11
0003.jpg,3,6,11111010101,11
0003.jpg,3,7,11011100110,11
0003.jpg,3,8,00011100101,11
0003.jpg,3,9,00001111110,11
0003.jpg,4,-8,00001110100,11
0003.jpg,4,-7,01100010101,11
0003.jpg,4,-6,11100101101,11
0003.jpg,4,6,11011110101,11
0003.jpg,4,7,10000110000,11
0003.jpg,4,8,00011100100,11
0003.jpg,5,-7,11011001001,11
0003.jpg,5,-6,11010010000,11
0003.jpg,5,7,00000011101,11
0003.jpg,6,-7,01000100000,11
0003.jpg,6,-6,11100111100,11
0003.jpg,6,6,10001111111,11
0003.jpg,7,-9,10001111110,11
0003.jpg,7,-8,11100101100,11
0003.jpg,7,-7,11100100100,11
0003.jpg,7,7,01001010010,11
0003.jpg,13,-1,11011011000,11
0003.jpg,13,1,11100111110,11
0003.jpg,0,-20,100001111101,12
0003.jpg,0,-19,100011111011,12
0003.jpg,0,-18,110100100011,12
0003.jpg,0,-17,111001001100,12
0003.jpg,0,63,111111111010,12
0003.jpg,0,64,111111000101,12
0003.jpg,0,65,111011100110,12
0003.jpg,0,66,110110110111,12
0003.jpg,0,67,111111011111,12
0003.jpg,0,68,111001111011,12
0003.jpg,0,69,110111001011,12
0003.jpg,0,70,110110010101,12
0003.jpg,0,71,100001111110,12
0003.jpg,0,72,000001111001,12
0003.jpg,0,73,111011100111,12
0003.jpg,0,74,010011100101,12
0003.jpg,0,76,110111101000,12
0003.jpg,0,77,110110110100,12
0003.jpg,0,78,111111011100,12
0003.jpg,0,79,111001111111,12
0003.jpg,0,80,111110101000,12
0003.jpg,0,82,110101110001,12
0003.jpg,0,107,100011111001,12
0003.jpg,0,109,010001001100,12
0003.jpg,0,110,010011101001,12
0003.jpg,0,111,000000010000,12
0003.jpg,1,-4,111111000111,12
0003.jpg,1,5,000000010001,12
0003.jpg,2,-5,110110110101,12
0003.jpg,2,-4,111111000100,12
0003.jpg,2,4,111111011101,12
0003.jpg,2,5,111110101100,12
0003.jpg,2,6,010011101011,12
0003.jpg,2,8,010011100100,12
0003.jpg,3,-11,000000000111,12
0003.jpg,3,-9,110110010001,12
0003.jpg,3,10,110110010000,12
0003.jpg,3,11,100001100011,12
0003.jpg,4,-11,010011100111,12
0003.jpg,4,-10,010011101000,12
0003.jpg,4,-9,100001100010,12
0003.jpg,4,9,111001111010,12
0003.jpg,4,10,100001111100,12
0003.jpg,5,-10,011000101101,12
0003.jpg,5,-9,010011100110,12
0003.jpg,5,-8,111011101000,12
0003.jpg,5,8,000101110011,12
0003.jpg,5,9,110111001111,12
0003.jpg,5,10,011000101100,12
0003.jpg,6,-10,110111001110,12
0003.jpg,6,-9,111111111011,12
0003.jpg,6,-8,111110101110,12
0003.jpg,6,7,111110101101,12
0003.jpg,6,8,100001100101,12
0003.jpg,6,10,000000000101,12
0003.jpg,6,11,100001100100,12
0003.jpg,7,-11,000100001110,12
0003.jpg,7,-10,111110101001,12
0003.jpg,7,8,110100100010,12
0003.jpg,7,9,100011111010,12
0003.jpg,12,-1,110110110110,12
0003.jpg,12,1,111001001101,12
0003.jpg,15,-2,000000000110,12
0003.jpg,0,-27,0000000001001,13
0003.jpg,0,-25,1101001001001,13
0003.jpg,0,-24,0100010011101,13
0003.jpg,0,-23,1111110000000,13
0003.jpg,0,-22,1110011111101,13
0003.jpg,0,-21,1111110000001,13
0003.jpg,0,75,1111110111100,13
0003.jpg,0,108,1110111010011,13
0003.jpg,0,112,1101011100000,13
0003.jpg,0,114,0000000100100,13
0003.jpg,0,117,0001011100100,13
0003.jpg,1,-6,1110010011100,13
0003.jpg,1,-5,1110111010010,13
0003.jpg,1,8,0001011100010,13
0003.jpg,2,-9,1101111010011,13
0003.jpg,2,-7,1101100101001,13
0003.jpg,2,-6,1110100111010,13
0003.jpg,2,7,1111101011111,13
0003.jpg,2,9,0100010011011,13
0003.jpg,2,10,0001011100000,13
0003.jpg,2,11,1000011111111,13
0003.jpg,3,-16,0110001011101,13
0003.jpg,3,-14,0100010011100,13
0003.jpg,3,-12,0110001011100,13
0003.jpg,3,-10,1111110111101,13
0003.jpg,3,12,1111110001101,13
0003.jpg,3,13,1101011100001,13
0003.jpg,3,14,0110001011110,13
0003.jpg,3,16,1000011111110,13
0003.jpg,3,17,0000000100101,13
0003.jpg,4,-18,0001000011111,13
0003.jpg,4,-15,1000110000010,13
0003.jpg,4,-13,0000000100110,13
0003.jpg,4,-12,1110111010110,13
0003.jpg,4,11,0001011100001,13
0003.jpg,4,12,1110010011110,13
0003.jpg,4,13,1101001001000,13
0003.jpg,4,14,0100111010101,13
0003.jpg,5,-14,1101100101000,13
0003.jpg,5,-13,1110111010100,13
0003.jpg,5,-12,1110100111001,13
0003.jpg,5,-11,1111101011110,13
0003.jpg,5,11,1101001001011,13
0003.jpg,5,12,1000110000100,13
0003.jpg,5,13,0100010011010,13
0003.jpg,5,16,0001000011110,13
0003.jpg,6,-14,1000110000011,13
0003.jpg,6,-13,1000110000110,13
0003.jpg,6,-12,1000110000111,13
0003.jpg,6,-11,1101001001010,13
0003.jpg,6,9,1110111010101,13
0003.jpg,6,12,1110010011101,13
0003.jpg,7,-13,1101101110000,13
0003.jpg,7,10,1110100111000,13
0003.jpg,7,12,1000110000000,13
0003.jpg,8,2,1000110000101,13
0003.jpg,9,-1,1110011111100,13
0003.jpg,15,2,0001011100011,13
0003.jpg,23,-1,1000110000001,13
0003.jpg,23,1,1110010011111,13
0003.jpg,0,-32,10001100010010,14
0003.jpg,0,-31,00000001010110,14
0003.jpg,0,-30,11011011100101,14
0003.jpg,0,-29,00000001011111,14
0003.jpg,0,-26,11011011100100,14
0003.jpg,0,113,10001100011000,14
0003.jpg,0,115,00000010000001,14
0003.jpg,0,116,00000010000010,14
0003.jpg,0,120,00000010000011,14
0003.jpg,0,125,01001001000100,14
0003.jpg,1,-7,11011011101011,14
0003.jpg,1,6,10001100011001,14
0003.jpg,1,7,11011011101110,14
0003.jpg,1,10,10001100010101,14
0003.jpg,2,-14,11011100101000,14
0003.jpg,2,-13,00000010000110,14
0003.jpg,2,-12,01100010111111,14
0003.jpg,2,-10,11101001111101,14
0003.jpg,2,-8,11101001111100,14
0003.jpg,2,12,01001001000110,14
0003.jpg,2,13,11011011100010,14
0003.jpg,2,15,10001100010000,14
0003.jpg,2,16,00000010000111,14
0003.jpg,2,17,01001001000011,14
0003.jpg,2,18,00000000010001,14
0003.jpg,3,-18,11011100101001,14
0003.jpg,3,-17,01001001000111,14
0003.jpg,3,-15,10001100010001,14
0003.jpg,3,-13,11111100011001,14
0003.jpg,3,15,11101110101111,14
0003.jpg,3,18,11011011101101,14
0003.jpg,3,20,11101001111011,14
0003.jpg,3,21,00000001010101,14
0003.jpg,4,-21,00000010000000,14
0003.jpg,4,-20,00000001010100,14
0003.jpg,4,-19,11111100000111,14
0003.jpg,4,-17,11011100101011,14
0003.jpg,4,-14,11011011100111,14
0003.jpg,4,15,10001100010011,14
0003.jpg,4,16,10001100010111,14
0003.jpg,4,17,00010111001011,14
0003.jpg,4,18,11011011100011,14
0003.jpg,4,19,11101001111001,14
0003.jpg,5,-23,01001110101000,14
0003.jpg,5,-19,00000001010001,14
0003.jpg,5,-18,00000001010011,14
0003.jpg,5,-17,11011011101001,14
0003.jpg,5,-16,01000100111101,14
0003.jpg,5,-15,11011011100110,14
0003.jpg,5,14,01001001000001,14
0003.jpg,5,15,01001001000010,14
0003.jpg,5,17,11101001111000,14
0003.jpg,5,19,00000001011001,14
0003.jpg,5,20,00000001010111,14
0003.jpg,5,22,00000010000101,14
0003.jpg,6,-22,00000001001111,14
0003.jpg,6,-20,00000001010010,14
0003.jpg,6,-18,11011011101010,14
0003.jpg,6,-17,01000100111110,14
0003.jpg,6,-16,11101001110110,14
0003.jpg,6,13,11011011101000,14
0003.jpg,6,15,01001001000000,14
0003.jpg,6,18,00000001011000,14
0003.jpg,6,19,00000001010000,14
0003.jpg,6,20,00000010001000,14
0003.jpg,7,-22,00000010001001,14
0003.jpg,7,-21,11101001111110,14
0003.jpg,7,-16,00000001011011,14
0003.jpg,7,-15,11111100000110,14
0003.jpg,7,-14,11011110100100,14
0003.jpg,7,-12,11111100011000,14
0003.jpg,7,11,00000001001110,14
0003.jpg,7,13,11111100000100,14
0003.jpg,7,14,01000100111100,14
0003.jpg,7,15,00000001011110,14
0003.jpg,7,17,10001100010100,14
0003.jpg,8,-2,01001001000101,14
0003.jpg,9,1,10001100010110,14
0003.jpg,11,1,11101001110111,14
0003.jpg,12,-2,00000010000100,14
0003.jpg,12,2,00000001011101,14
0003.jpg,13,-2,00000001011100,14
0003.jpg,13,2,00000001011010,14
0003.jpg,14,-2,11011011101111,14
0003.jpg,14,2,11011100101010,14
0003.jpg,15,3,01000100111111,14
0003.jpg,16,-1,01001110101001,14
0003.jpg,16,1,11101001111010,14
0003.jpg,21,1,11011011101100,14
0003.jpg,22,1,11111100000101,14
0003.jpg,0,-37,111011100000001,15
0003.jpg,0,-35,000000111001011,15
0003.jpg,0,-34,000000111000000,15
0003.jpg,0,-33,000000111000101,15
0003.jpg,0,-28,100011001000111,15
0003.jpg,0,118,000000111001001,15
0003.jpg,0,121,100011001001000,15
0003.jpg,0,122,111011100001010,15
0003.jpg,0,124,000000111000111,15
0003.jpg,1,-10,111010011111111,15
0003.jpg,1,11,000000100010110,15
0003.jpg,1,12,100011001000110,15
0003.jpg,1,13,000000111000100,15
0003.jpg,1,14,100011000111110,15
0003.jpg,2,-24,000000100011010,15
0003.jpg,2,-23,110111101001011,15
0003.jpg,2,-21,111011100001000,15
0003.jpg,2,-19,000000000100001,15
0003.jpg,2,-16,100011001010000,15
0003.jpg,2,-15,000000100010111,15
0003.jpg,2,-11,100011000111000,15
0003.jpg,2,19,000000111001100,15
0003.jpg,2,22,000000100010100,15
0003.jpg,2,23,000000100011000,15
0003.jpg,3,-21,100011001001001,15
0003.jpg,3,-20,000000111001000,15
0003.jpg,3,-19,100011001000000,15
0003.jpg,3,19,100011000111001,15
0003.jpg,3,22,000000111001111,15
0003.jpg,3,23,011000101111101,15
0003.jpg,3,29,100011000111101,15
0003.jpg,3,30,000000111000010,15
0003.jpg,4,-35,000000111000011,15
0003.jpg,4,-25,100011001001100,15
0003.jpg,4,-24,000001111000001,15
0003.jpg,4,-23,111011100000111,15
0003.jpg,4,-16,111011100001101,15
0003.jpg,4,22,111011100000000,15
0003.jpg,4,23,100011001000101,15
0003.jpg,4,24,100011000110100,15
0003.jpg,4,25,000000100011111,15
0003.jpg,4,27,000000100011101,15
0003.jpg,5,-26,100011001001010,15
0003.jpg,5,-25,000001111000000,15
0003.jpg,5,-22,100011001000001,15
0003.jpg,5,-21,000000111001110,15
0003.jpg,5,-20,100011001001101,15
0003.jpg,5,18,000000100010101,15
0003.jpg,5,21,100011000111010,15
0003.jpg,5,23,100011001000100,15
0003.jpg,5,24,000000100011011,15
0003.jpg,5,27,000000111001101,15
0003.jpg,6,-23,111011100000100,15
0003.jpg,6,-21,100011001001110,15
0003.jpg,6,-19,000001111000100,15
0003.jpg,6,-15,111011100001110,15
0003.jpg,6,14,111011100001100,15
0003.jpg,6,16,111011100001111,15
0003.jpg,6,21,000001111000010,15
0003.jpg,6,22,111011101011100,15
0003.jpg,6,23,100011000110101,15
0003.jpg,6,26,000001111000011,15
0003.jpg,6,27,000000111001010,15
0003.jpg,7,-24,000101110010101,15
0003.jpg,7,-23,100011001001111,15
0003.jpg,7,-20,000001111000101,15
0003.jpg,7,-19,000000100011110,15
0003.jpg,7,-18,100011000110111,15
0003.jpg,7,-17,100011000110110,15
0003.jpg,7,18,111010011111110,15
0003.jpg,7,19,000000100011100,15
0003.jpg,7,20,111011100000010,15
0003.jpg,7,21,000001111000111,15
0003.jpg,7,24,111011101011101,15
0003.jpg,7,25,000001111000110,15
0003.jpg,7,44,100011000111011,15
0003.jpg,7,45,100011000111100,15
0003.jpg,10,-1,111011100001011,15
0003.jpg,10,1,100011001001011,15
0003.jpg,11,-1,111011100001001,15
0003.jpg,13,-3,111011100000011,15
0003.jpg,13,4,100011000111111,15
0003.jpg,14,-3,100011001000010,15
0003.jpg,15,-4,000101110010100,15
0003.jpg,15,-3,111011100000101,15
0003.jpg,15,5,000000111000001,15
0003.jpg,19,-1,000000111000110,15
0003.jpg,21,-1,111011100000110,15
0003.jpg,22,-1,100011001000011,15
0003.jpg,31,-1,000000100011001,15
0003.jpg,0,-41,1000110010111011,16
0003.jpg,0,-39,1000110011001111,16
0003.jpg,0,119,1000110011000000,16
0003.jpg,0,123,1000110010111111,16
0003.jpg,0,126,1000110010111100,16
0003.jpg,1,-19,1000110011000110,16
0003.jpg,1,-16,1000110011000111,16
0003.jpg,1,-14,1000110011010101,16
0003.jpg,1,-12,1000110011000100,16
0003.jpg,1,-9,1000110010111010,16
0003.jpg,1,-8,1000110010110110,16
0003.jpg,1,9,1000110010100111,16
0003.jpg,2,-26,1000110011000001,16
0003.jpg,2,-18,1000110010111110,16
0003.jpg,2,-17,1000110011000011,16
0003.jpg,2,14,0110001011111001,16
0003.jpg,2,20,1000110011001010,16
0003.jpg,2,21,1000110010111000,16
0003.jpg,2,24,1000110011011101,16
0003.jpg,2,26,1000110010110001,16
0003.jpg,3,-25,1000110011001000,16
0003.jpg,3,-23,1000110011010100,16
0003.jpg,3,-22,1000110011001101,16
0003.jpg,3,25,1000110011000101,16
0003.jpg,3,26,1000110010100101,16
0003.jpg,3,27,1000110010111101,16
0003.jpg,3,28,1000110010110011,16
0003.jpg,3,33,1000110010100110,16
0003.jpg,4,-28,1000110011010010,16
0003.jpg,4,-22,1000110011000010,16
0003.jpg,4,21,1000110011001110,16
0003.jpg,4,26,1000110010101000,16
0003.jpg,4,33,1000110010110101,16
0003.jpg,4,35,1000110010110100,16
0003.jpg,5,-44,1000110011011100,16
0003.jpg,5,-35,1000110011010110,16
0003.jpg,5,-31,1000110011010011,16
0003.jpg,5,-30,1000110011010111,16
0003.jpg,5,-24,1000110010100010,16
0003.jpg,5,29,1000110010100011,16
0003.jpg,5,31,1000110011011011,16
0003.jpg,5,42,1000110010101001,16
0003.jpg,5,43,1000110010101110,16
0003.jpg,5,44,1000110010101111,16
0003.jpg,5,45,1000110010110000,16
0003.jpg,5,46,1000110010101101,16
0003.jpg,6,-24,1000110011001001,16
0003.jpg,6,17,1000110010101011,16
0003.jpg,6,24,1000110011011000,16
0003.jpg,6,45,1000110010101010,16
0003.jpg,7,16,1000110010101100,16
0003.jpg,7,26,1000110010110010,16
0003.jpg,7,27,1000110011001100,16
0003.jpg,8,-4,1000110011100000,16
0003.jpg,8,-3,1000110011001011,16
0003.jpg,8,4,1000110011100001,16
0003.jpg,13,-4,1000110011011010,16
0003.jpg,14,-4,0000000001000000,16
0003.jpg,14,3,1000110010100100,16
0003.jpg,14,7,0000000001000001,16
0003.jpg,14,10,0110001011111000,16
0003.jpg,15,4,1000110011011001,16
0003.jpg,15,6,1000110011010001,16
0003.jpg,17,1,1000110011010000,16
0003.jpg,20,1,1000110010110111,16
0003.jpg,23,3,1000110011011110,16
0003.jpg,30,-1,1000110011011111,16
0003.jpg,31,1,1000110010111001,16
0003.jpg,0,-53,10001100111100010,17
0003.jpg,0,-46,10001111100010011,17
0003.jpg,0,-45,10001100111011100,17
0003.jpg,0,-42,10001100111101001,17
0003.jpg,0,-40,10001111100000001,17
0003.jpg,0,-38,10001100111010111,17
0003.jpg,0,-36,10001111100000011,17
0003.jpg,1,-17,10001111100000101,17
0003.jpg,1,-15,10001100111111001,17
0003.jpg,1,-13,11011110100101001,17
0003.jpg,1,-11,10001111100000111,17
0003.jpg,1,16,10001111100010000,17
0003.jpg,1,17,10001111100000010,17
0003.jpg,1,18,10001100111101110,17
0003.jpg,1,23,10001100111111101,17
0003.jpg,1,25,10001100111000101,17
0003.jpg,1,26,10001100111101011,17
0003.jpg,1,40,10001100111101111,17
0003.jpg,2,-39,10001111100001010,17
0003.jpg,2,-32,10001111100001101,17
0003.jpg,2,-30,10001100111111100,17
0003.jpg,2,-29,10001100111110001,17
0003.jpg,2,-22,10001100111100000,17
0003.jpg,2,28,10001100111101100,17
0003.jpg,2,29,10001111100001001,17
0003.jpg,2,31,10001100111110000,17
0003.jpg,3,-35,10001100111000110,17
0003.jpg,3,-29,10001111100011101,17
0003.jpg,3,-27,10001111100001110,17
0003.jpg,3,24,10001100111011111,17
0003.jpg,3,31,10001100111100100,17
0003.jpg,3,32,10001100111101101,17
0003.jpg,3,38,10001111100001000,17
0003.jpg,3,44,10001100111001101,17
0003.jpg,4,-41,10001111100001011,17
0003.jpg,4,-34,10001100111110110,17
0003.jpg,4,-30,10001111100001100,17
0003.jpg,4,-27,10001100111100011,17
0003.jpg,4,20,10001100111011000,17
0003.jpg,4,29,10001100111111011,17
0003.jpg,4,31,10001100111011001,17
0003.jpg,4,32,10001111100010001,17
0003.jpg,4,34,10001100111011010,17
0003.jpg,4,42,10001100111001010,17
0003.jpg,4,46,10001100111010011,17
0003.jpg,4,47,10001111100011110,17
0003.jpg,4,48,10001100111010000,17
0003.jpg,5,-43,10001111100010101,17
0003.jpg,5,-40,10001111100011010,17
0003.jpg,5,-37,10001111100011001,17
0003.jpg,5,-33,10001100111011011,17
0003.jpg,5,-27,10001111100011011,17
0003.jpg,5,25,10001100111110010,17
0003.jpg,5,28,11011110100101000,17
0003.jpg,5,32,10001100111010101,17
0003.jpg,5,47,10001100111001110,17
0003.jpg,5,48,10001100111010010,17
0003.jpg,6,-47,10001111100010110,17
0003.jpg,6,-34,10001111100001111,17
0003.jpg,6,-27,10001111100011100,17
0003.jpg,6,-26,10001100111111000,17
0003.jpg,6,25,11011110100101011,17
0003.jpg,6,28,10001100111010110,17
0003.jpg,6,30,10001111100010010,17
0003.jpg,6,32,10001111100011111,17
0003.jpg,6,41,10001100111001001,17
0003.jpg,6,43,10001100111000111,17
0003.jpg,6,44,10001100111001111,17
0003.jpg,6,47,10001100111010001,17
0003.jpg,7,-28,10001100111101010,17
0003.jpg,7,22,11011110100101010,17
0003.jpg,7,30,10001100111111010,17
0003.jpg,7,41,10001100111001000,17
0003.jpg,7,42,10001100111010100,17
0003.jpg,7,46,10001100111001100,17
0003.jpg,10,2,10001100111000100,17
0003.jpg,11,-7,10001100111110101,17
0003.jpg,11,-4,10001111100010100,17
0003.jpg,11,-3,10001100111110111,17
0003.jpg,12,-5,10001111100000110,17
0003.jpg,12,4,10001100111100110,17
0003.jpg,13,-5,10001100111100101,17
0003.jpg,13,3,10001111100000100,17
0003.jpg,13,7,10001111100000000,17
0003.jpg,14,-6,10001100111001011,17
0003.jpg,14,4,10001111100011000,17
0003.jpg,14,6,10001100111111111,17
0003.jpg,15,7,10001100111111110,17
0003.jpg,19,1,10001100111101000,17
0003.jpg,20,-2,10001100111011101,17
0003.jpg,20,-1,10001100111011110,17
0003.jpg,21,-2,10001100111110011,17
0003.jpg,22,2,10001111100010111,17
0003.jpg,25,-1,10001100111100111,17
0003.jpg,27,1,10001100111100001,17
0003.jpg,28,-1,10001100111110100,17
0004.jpg,0,-1,110,3
0004.jpg,0,1,100,3
0004.jpg,0,-2,1010,4
0004.jpg,0,2,0101,4
0004.jpg,0,-3,01101,5
0004.jpg,0,3,01100,5
0004.jpg,7,-1,00110,5
0004.jpg,7,1,00100,5
0004.jpg,0,-4,011101,6
0004.jpg,0,0,111011,6
0004.jpg,0,4,010000,6
0004.jpg,1,-1,111010,6
0004.jpg,1,1,111000,6
0004.jpg,5,-1,001010,6
0004.jpg,5,1,000111,6
0004.jpg,6,-1,101110,6
0004.jpg,6,1,101100,6
0004.jpg,0,-6,0011101,7
0004.jpg,0,-5,1111010,7
0004.jpg,0,5,1111101,7
0004.jpg,0,6,0001011,7
0004.jpg,4,-1,0111000,7
0004.jpg,4,1,0111101,7
0004.jpg,7,2,0000001,7
0004.jpg,0,-9,00001011,8
0004.jpg,0,-8,01001000,8
0004.jpg,0,-7,11110111,8
0004.jpg,0,7,10110110,8
0004.jpg,0,8,00101111,8
0004.jpg,0,9,00001111,8
0004.jpg,0,17,00000100,8
0004.jpg,1,-2,00001100,8
0004.jpg,1,2,00000000,8
0004.jpg,2,1,00000111,8
0004.jpg,3,-1,01000110,8
0004.jpg,3,1,01110011,8
0004.jpg,4,-2,01111110,8
0004.jpg,4,2,10110100,8
0004.jpg,5,-2,11110010,8
0004.jpg,5,2,11100110,8
0004.jpg,6,-2,10111111,8
0004.jpg,6,2,11111100,8
0004.jpg,7,-2,11110110,8
0004.jpg,0,-14,000110110,9
0004.jpg,0,-12,000100111,9
0004.jpg,0,-11,001011100,9
0004.jpg,0,-10,011111001,9
0004.jpg,0,10,111001001,9
0004.jpg,0,11,010010110,9
0004.jpg,0,12,010011100,9
0004.jpg,0,13,011110011,9
0004.jpg,0,14,010001010,9
0004.jpg,0,15,010010010,9
0004.jpg,0,16,010011101,9
0004.jpg,0,18,101111001,9
0004.jpg,0,19,010010111,9
0004.jpg,0,20,010010011,9
0004.jpg,0,21,001111110,9
0004.jpg,0,22,010011111,9
0004.jpg,0,23,010001011,9
0004.jpg,0,24,010011010,9
0004.jpg,0,25,101111100,9
0004.jpg,0,26,011110001,9
0004.jpg,0,27,010001110,9
0004.jpg,0,28,001111100,9
0004.jpg,0,29,001110001,9
0004.jpg,0,30,000110101,9
0004.jpg,0,31,000010011,9
0004.jpg,0,32,000101010,9
0004.jpg,0,33,000000010,9
0004.jpg,0,34,010001000,9
0004.jpg,0,35,001111001,9
0004.jpg,0,36,011100100,9
0004.jpg,0,37,000101011,9
0004.jpg,0,38,000110001,9
0004.jpg,0,39,000100001,9
0004.jpg,0,40,000010010,9
0004.jpg,0,41,000010000,9
0004.jpg,0,42,000001101,9
0004.jpg,2,-1,111111110,9
0004.jpg,3,-3,001111011,9
0004.jpg,3,-2,011111011,9
0004.jpg,3,2,111110011,9
0004.jpg,3,3,001110000,9
0004.jpg,3,4,000011011,9
0004.jpg,4,-5,000001010,9
0004.jpg,4,-4,000110011,9
0004.jpg,4,-3,111110001,9
0004.jpg,4,3,111100010,9
0004.jpg,4,4,010001111,9
0004.jpg,5,-4,000100000,9
0004.jpg,5,-3,111100110,9
0004.jpg,5,3,111001011,9
0004.jpg,5,4,000011101,9
0004.jpg,6,-3,011111111,9
0004.jpg,6,3,101101111,9
0004.jpg,7,-3,010011011,9
0004.jpg,7,3,111111011,9
0004.jpg,7,4,001011101,9
0004.jpg,8,-1,111100011,9
0004.jpg,8,1,101111101,9
0004.jpg,15,-1,000100101,9
0004.jpg,15,1,000101000,9
0004.jpg,0,-16,0001101110,10
0004.jpg,0,-15,1111111110,10
0004.jpg,0,-13,1111110100,10
0004.jpg,0,43,1111000010,10
0004.jpg,0,44,1110011111,10
0004.jpg,0,45,1111000011,10
0004.jpg,0,46,1111001110,10
0004.jpg,0,47,1111111010,10
0004.jpg,0,48,1011110101,10
0004.jpg,0,49,1011011101,10
0004.jpg,0,50,1011010100,10
0004.jpg,0,51,1111000000,10
0004.jpg,0,52,1111111001,10
0004.jpg,0,53,0111111101,10
0004.jpg,0,54,0100101011,10
0004.jpg,0,55,0001100100,10
0004.jpg,0,56,0010110011,10
0004.jpg,0,64,0000010110,10
0004.jpg,0,65,0001000100,10
0004.jpg,0,66,0010110100,10
0004.jpg,0,67,0001000101,10
0004.jpg,0,68,0011110100,10
0004.jpg,0,69,0100101001,10
0004.jpg,0,70,1011010110,10
0004.jpg,0,71,0100010011,10
0004.jpg,0,72,0100101010,10
0004.jpg,0,73,0100111101,10
0004.jpg,0,74,0000101000,10
0004.jpg,0,75,0000111000,10
0004.jpg,0,76,0000111001,10
0004.jpg,0,77,0000101001,10
0004.jpg,1,-3,0111001010,10
0004.jpg,1,3,0111100100,10
0004.jpg,2,2,0000000111,10
0004.jpg,3,-5,0011111011,10
0004.jpg,3,-4,1110011100,10
0004.jpg,3,5,0111110100,10
0004.jpg,3,6,0010110001,10
0004.jpg,4,-6,0001101001,10
0004.jpg,4,5,1110011101,10
0004.jpg,4,6,0001001100,10
0004.jpg,5,-6,0000100010,10
0004.jpg,5,-5,0011111110,10
0004.jpg,5,5,0100110011,10
0004.jpg,6,-5,0010110101,10
0004.jpg,6,-4,1011110110,10
0004.jpg,6,4,1111111000,10
0004.jpg,6,5,0011111010,10
0004.jpg,7,-4,1011110100,10
0004.jpg,7,5,1110010101,10
0004.jpg,13,-1,0001001101,10
0004.jpg,13,1,0001100001,10
0004.jpg,14,-1,0111110101,10
0004.jpg,14,1,0100101000,10
0004.jpg,0,-17,00001101000,11
0004.jpg,0,57,11111110111,11
0004.jpg,0,58,10111100011,11
0004.jpg,0,59,11111000000,11
0004.jpg,0,60,01001111001,11
0004.jpg,0,61,11111111111,11
0004.jpg,0,62,11110011110,11
0004.jpg,0,63,11111101011,11
0004.jpg,0,78,10110101011,11
0004.jpg,0,79,01111001011,11
0004.jpg,0,80,01110010110,11
0004.jpg,0,81,00111001000,11
0004.jpg,0,82,00000101111,11
0004.jpg,0,83,00010100101,11
0004.jpg,0,86,00101100001,11
0004.jpg,0,87,00101101100,11
0004.jpg,0,89,00001010101,11
0004.jpg,0,91,00000110011,11
0004.jpg,0,92,00010001100,11
0004.jpg,0,94,00011011110,11
0004.jpg,1,-4,00010010000,11
0004.jpg,1,4,00011000001,11
0004.jpg,2,-4,00001000110,11
0004.jpg,2,-3,01111111001,11
0004.jpg,2,-2,11111111110,11
0004.jpg,2,3,11100100011,11
0004.jpg,2,4,01111000001,11
0004.jpg,2,5,00001010111,11
0004.jpg,3,-8,00010001101,11
0004.jpg,3,-7,10111100000,11
0004.jpg,3,-6,11111110110,11
0004.jpg,3,7,01111000011,11
0004.jpg,3,8,00001010110,11
0004.jpg,4,-9,00001010100,11
0004.jpg,4,-8,00011001010,11
0004.jpg,4,-7,11110000010,11
0004.jpg,4,7,01111000000,11
0004.jpg,4,8,00011011111,11
0004.jpg,4,9,00000001101,11
0004.jpg,5,-7,10111101110,11
0004.jpg,5,6,11100111100,11
0004.jpg,5,7,00101100000,11
0004.jpg,5,8,00001101001,11
0004.jpg,6,-9,00000110000,11
0004.jpg,6,-8,00000101110,11
0004.jpg,6,-7,00010010001,11
0004.jpg,6,-6,00111111110,11
0004.jpg,6,6,01001100001,11
0004.jpg,6,7,00001101010,11
0004.jpg,7,-6,00101101101,11
0004.jpg,7,-5,00101101110,11
0004.jpg,7,6,11111001011,11
0004.jpg,7,7,00010100110,11
0004.jpg,12,-1,00010001110,11
0004.jpg,12,1,00111101010,11
0004.jpg,0,-22,000100011111,12
0004.jpg,0,-21,001011011111,12
0004.jpg,0,-20,111110000010,12
0004.jpg,0,-19,011100101110,12
0004.jpg,0,-18,111001010000,12
0004.jpg,0,84,101111000100,12
0004.jpg,0,85,011110010100,12
0004.jpg,0,88,111100000111,12
0004.jpg,0,90,101111000010,12
0004.jpg,0,93,111100111111,12
0004.jpg,0,95,001011001000,12
0004.jpg,0,96,101101011100,12
0004.jpg,0,97,101111011110,12
0004.jpg,0,99,000100100100,12
0004.jpg,0,100,001110010010,12
0004.jpg,0,101,000010001111,12
0004.jpg,0,110,001111111111,12
0004.jpg,0,111,000110100000,12
0004.jpg,0,120,000001100011,12
0004.jpg,0,121,000101001111,12
0004.jpg,0,124,000011010110,12
0004.jpg,0,125,001110010101,12
0004.jpg,0,126,011111000010,12
0004.jpg,0,127,001011001010,12
0004.jpg,1,-5,011111000001,12
0004.jpg,1,5,001110010011,12
0004.jpg,2,-8,010011000110,12
0004.jpg,2,-7,000110010110,12
0004.jpg,2,-6,010011000001,12
0004.jpg,2,-5,010011000101,12
0004.jpg,2,6,010011000100,12
0004.jpg,2,7,001011001001,12
0004.jpg,2,8,000001100010,12
0004.jpg,3,-11,001111010110,12
0004.jpg,3,-10,111001010001,12
0004.jpg,3,-9,011111110001,12
0004.jpg,3,9,111001000101,12
0004.jpg,3,10,101111000011,12
0004.jpg,3,11,001111111110,12
0004.jpg,3,13,000000011000,12
0004.jpg,4,-11,101101011101,12
0004.jpg,4,-10,111001111010,12
0004.jpg,4,10,101101011110,12
0004.jpg,4,11,111100000110,12
0004.jpg,5,-12,000100100101,12
0004.jpg,5,-10,010001001000,12
0004.jpg,5,-9,000110010111,12
0004.jpg,5,-8,111110000011,12
0004.jpg,5,9,111001010010,12
0004.jpg,5,10,010011000000,12
0004.jpg,5,11,000011010111,12
0004.jpg,6,-12,000000011001,12
0004.jpg,6,-11,000110000000,12
0004.jpg,6,-10,001011001011,12
0004.jpg,6,8,101101110000,12
0004.jpg,6,9,101101011111,12
0004.jpg,7,-11,000110100001,12
0004.jpg,7,-10,001110010110,12
0004.jpg,7,-9,001111010111,12
0004.jpg,7,-8,001110010100,12
0004.jpg,7,-7,101101010100,12
0004.jpg,7,8,011110010101,12
0004.jpg,9,1,000101001110,12
0004.jpg,0,-28,0100010010101,13
0004.jpg,0,-26,0010110111101,13
0004.jpg,0,-24,1011011100010,13
0004.jpg,0,-23,1110011110111,13
0004.jpg,0,98,0111100001000,13
0004.jpg,0,102,1011110111111,13
0004.jpg,0,103,0011100110000,13
0004.jpg,0,104,0001000111101,13
0004.jpg,0,105,1110011110110,13
0004.jpg,0,106,0011100110001,13
0004.jpg,0,107,0111110000110,13
0004.jpg,0,108,1011011100101,13
0004.jpg,0,112,1110010000000,13
0004.jpg,0,113,1110010000001,13
0004.jpg,0,114,1111001111100,13
0004.jpg,0,116,1110010000010,13
0004.jpg,0,117,0100010010111,13
0004.jpg,0,118,0100010010110,13
0004.jpg,0,119,1011011100111,13
0004.jpg,0,122,1111100001100,13
0004.jpg,0,123,1111100001011,13
0004.jpg,1,-6,1111110101011,13
0004.jpg,1,6,0100010010011,13
0004.jpg,2,-11,0011100101110,13
0004.jpg,2,-10,0001100000011,13
0004.jpg,2,-9,0100010010100,13
0004.jpg,2,9,1011110111110,13
0004.jpg,2,10,0100110001110,13
0004.jpg,2,11,0100110001111,13
0004.jpg,3,-17,0011100101111,13
0004.jpg,3,-15,0001001001101,13
0004.jpg,3,-14,1111100001001,13
0004.jpg,3,-13,0001101000110,13
0004.jpg,3,-12,0111110000001,13
0004.jpg,3,12,1011110001011,13
0004.jpg,3,14,0111001011110,13
0004.jpg,3,15,0000011001011,13
0004.jpg,3,17,0000011001001,13
0004.jpg,4,-16,0011100110010,13
0004.jpg,4,-13,1011011100100,13
0004.jpg,4,-12,1110010100111,13
0004.jpg,4,12,1111100001010,13
0004.jpg,4,13,1011011100011,13
0004.jpg,4,14,1011010101011,13
0004.jpg,4,16,0100010010010,13
0004.jpg,4,17,0111100001001,13
0004.jpg,5,-15,0100110010000,13
0004.jpg,5,-14,0001101000101,13
0004.jpg,5,-13,0000011001010,13
0004.jpg,5,-11,1110010000011,13
0004.jpg,5,12,0111001011111,13
0004.jpg,5,15,0001101000111,13
0004.jpg,6,10,0001010010000,13
0004.jpg,6,11,1111100001101,13
0004.jpg,6,15,0001000111100,13
0004.jpg,7,-20,0111100001011,13
0004.jpg,7,9,0100110010001,13
0004.jpg,7,10,0000100011101,13
0004.jpg,7,11,0001001001111,13
0004.jpg,8,-2,1011011100110,13
0004.jpg,8,2,0000100011100,13
0004.jpg,9,-1,1111100001000,13
0004.jpg,11,-1,0001101000100,13
0004.jpg,11,1,1111001111101,13
0004.jpg,14,2,0001001001100,13
0004.jpg,15,-2,0011100110011,13
0004.jpg,16,1,0000011001000,13
0004.jpg,23,-1,0001001001110,13
0004.jpg,23,1,0111100001010,13
0004.jpg,0,-34,00111001101100,14
0004.jpg,0,-31,00111001110001,14
0004.jpg,0,-27,11100100001001,14
0004.jpg,0,-25,11111001000110,14
0004.jpg,0,109,11111001000111,14
0004.jpg,0,115,11111001000100,14
0004.jpg,1,-8,11111001001000,14
0004.jpg,1,-7,11111001001001,14
0004.jpg,1,7,11111000011101,14
0004.jpg,1,8,01001100101011,14
0004.jpg,2,-21,01001100101010,14
0004.jpg,2,-16,00101101111001,14
0004.jpg,2,-15,01111100001110,14
0004.jpg,2,-14,00010100100101,14
0004.jpg,2,-13,11111001000001,14
0004.jpg,2,-12,00111001101111,14
0004.jpg,2,12,11111001000101,14
0004.jpg,2,13,11111001000010,14
0004.jpg,2,14,00111001101010,14
0004.jpg,2,15,11100100001000,14
0004.jpg,2,18,01001100100101,14
0004.jpg,2,23,00010100100010,14
0004.jpg,3,-27,00010100100100,14
0004.jpg,3,-26,01001100101001,14
0004.jpg,3,-23,01001100100111,14
0004.jpg,3,-22,01001100101101,14
0004.jpg,3,-19,11111000011110,14
0004.jpg,3,-18,01001100100100,14
0004.jpg,3,-16,11111001000000,14
0004.jpg,3,16,01111100000001,14
0004.jpg,3,18,01001100101100,14
0004.jpg,3,19,00010100100011,14
0004.jpg,3,20,00111001101001,14
0004.jpg,3,21,11100100001011,14
0004.jpg,3,22,01111100001111,14
0004.jpg,4,-24,00111001110000,14
0004.jpg,4,-22,00111001101101,14
0004.jpg,4,-21,01001100101110,14
0004.jpg,4,-20,01001100101000,14
0004.jpg,4,-15,01111100010010,14
0004.jpg,4,-14,11111000011100,14
0004.jpg,4,15,10111100010101,14
0004.jpg,4,18,00111001110010,14
0004.jpg,4,19,01001111000000,14
0004.jpg,4,20,01001100101111,14
0004.jpg,5,-25,00111001110101,14
0004.jpg,5,-24,01001111000101,14
0004.jpg,5,-23,01001111000010,14
0004.jpg,5,-17,11100100001100,14
0004.jpg,5,-16,00111001101110,14
0004.jpg,5,13,11100100010001,14
0004.jpg,5,14,11100100001111,14
0004.jpg,5,16,11100100001110,14
0004.jpg,5,17,11100100001101,14
0004.jpg,5,18,11100100001010,14
0004.jpg,5,19,00010100100110,14
0004.jpg,6,-26,00111001110111,14
0004.jpg,6,-21,00011000000100,14
0004.jpg,6,-19,00011000000101,14
0004.jpg,6,-16,01111100010001,14
0004.jpg,6,-15,11100101001100,14
0004.jpg,6,-14,11111001001011,14
0004.jpg,6,-13,11111001001010,14
0004.jpg,6,12,11100100010000,14
0004.jpg,6,13,01111100010100,14
0004.jpg,6,14,01111100010101,14
0004.jpg,6,16,01111100010111,14
0004.jpg,6,17,01111100010110,14
0004.jpg,6,19,11100100010011,14
0004.jpg,6,20,01001111000001,14
0004.jpg,6,21,00111001110011,14
0004.jpg,6,22,00111001111000,14
0004.jpg,7,-21,01001111000111,14
0004.jpg,7,-19,00111001111001,14
0004.jpg,7,-18,00111001110110,14
0004.jpg,7,-16,00101101111000,14
0004.jpg,7,-14,11100101001101,14
0004.jpg,7,-13,01001111000011,14
0004.jpg,7,-12,01001111000110,14
0004.jpg,7,12,11100100010010,14
0004.jpg,7,13,01001111000100,14
0004.jpg,7,17,00111001110100,14
0004.jpg,7,18,01111100011000,14
0004.jpg,13,-2,01111100010011,14
0004.jpg,13,2,01111100010000,14
0004.jpg,14,-2,11111001000011,14
0004.jpg,16,-1,00111001101000,14
0004.jpg,21,-1,01001100100110,14
0004.jpg,21,1,00010100100111,14
0004.jpg,22,-1,11111000011111,14
0004.jpg,22,1,00111001101011,14
0004.jpg,0,-36,001110011111001,15
0004.jpg,0,-33,111110010011001,15
0004.jpg,0,-32,001110011111011,15
0004.jpg,0,-30,011111000000001,15
0004.jpg,0,-29,111110010100101,15
0004.jpg,1,-15,011111000110110,15
0004.jpg,1,-13,001110011111000,15
0004.jpg,1,-10,111110010011011,15
0004.jpg,1,-9,011111000111011,15
0004.jpg,1,9,111110010100011,15
0004.jpg,1,10,011111000110011,15
0004.jpg,1,12,111110010011010,15
0004.jpg,2,-30,001110011110101,15
0004.jpg,2,-24,011111000110010,15
0004.jpg,2,-22,011111000110100,15
0004.jpg,2,-20,011111000111100,15
0004.jpg,2,-19,011111000111110,15
0004.jpg,2,-18,111110010011000,15
0004.jpg,2,-17,011111000111001,15
0004.jpg,2,16,111110010100000,15
0004.jpg,2,24,111110010011110,15
0004.jpg,3,-28,001110011110111,15
0004.jpg,3,-21,111110010100010,15
0004.jpg,3,23,011111000110101,15
0004.jpg,3,24,001110011110110,15
0004.jpg,3,26,011111000111101,15
0004.jpg,4,-27,011111110000001,15
0004.jpg,4,-26,111110010100110,15
0004.jpg,4,-25,001111000000011,15
0004.jpg,4,-23,011111000111111,15
0004.jpg,4,-19,111110010011101,15
0004.jpg,4,-18,111110010011100,15
0004.jpg,4,21,011111000111000,15
0004.jpg,4,23,011111000110111,15
0004.jpg,4,24,011111110000101,15
0004.jpg,4,26,001110011110100,15
0004.jpg,4,27,001110011111010,15
0004.jpg,5,-22,101101010101011,15
0004.jpg,5,-21,101101010101010,15
0004.jpg,5,-20,001110011111101,15
0004.jpg,5,-19,001111000000001,15
0004.jpg,5,-18,111110010100111,15
0004.jpg,5,20,111110010011111,15
0004.jpg,5,21,111110010100100,15
0004.jpg,5,22,001111000001000,15
0004.jpg,5,23,001110011111100,15
0004.jpg,5,24,001111000000100,15
0004.jpg,6,-25,111110010101100,15
0004.jpg,6,-24,001111000000110,15
0004.jpg,6,-23,001111000001001,15
0004.jpg,6,-22,011111110000111,15
0004.jpg,6,-20,101101010101001,15
0004.jpg,6,-18,001110011111110,15
0004.jpg,6,-17,101101010101000,15
0004.jpg,6,18,011111110000011,15
0004.jpg,6,24,001111000000111,15
0004.jpg,7,-24,101111000101001,15
0004.jpg,7,-23,111110010101101,15
0004.jpg,7,-22,011111110000110,15
0004.jpg,7,-17,001111000000101,15
0004.jpg,7,-15,111110010101010,15
0004.jpg,7,14,111110010101011,15
0004.jpg,7,15,001111000000000,15
0004.jpg,7,19,011111110000100,15
0004.jpg,7,20,111110010101000,15
0004.jpg,7,21,101111000101000,15
0004.jpg,7,27,001111000000010,15
0004.jpg,8,-3,111110010101001,15
0004.jpg,10,1,011111110000000,15
0004.jpg,12,2,011111000111010,15
0004.jpg,15,2,111110010100001,15
0004.jpg,15,3,011111110000010,15
0004.jpg,30,-1,001110011111111,15
0004.jpg,0,-43,0011110000110010,16
0004.jpg,0,-41,0011110000101110,16
0004.jpg,0,-40,1111110101001010,16
0004.jpg,0,-39,1111100101011101,16
0004.jpg,0,-38,0011110000010111,16
0004.jpg,0,-37,1111110101001101,16
0004.jpg,0,-35,1111110101000001,16
0004.jpg,1,-29,0011110000110001,16
0004.jpg,1,-24,1111110101000111,16
0004.jpg,1,-22,0011110000010110,16
0004.jpg,1,-17,1111100101011110,16
0004.jpg,1,-12,0011110000100110,16
0004.jpg,1,-11,1111100101011100,16
0004.jpg,1,11,0011110000011001,16
0004.jpg,1,18,0011110000111001,16
0004.jpg,1,21,0011110000111010,16
0004.jpg,1,23,0011110000110111,16
0004.jpg,2,-32,0011110000101001,16
0004.jpg,2,-29,0011110000101100,16
0004.jpg,2,-28,1111110101001011,16
0004.jpg,2,-25,1111110101000100,16
0004.jpg,2,-23,0011110000101111,16
0004.jpg,2,17,1111110101001000,16
0004.jpg,2,19,0011110000101000,16
0004.jpg,2,22,1111100101011111,16
0004.jpg,2,25,0011110000100100,16
0004.jpg,2,28,0011110000100101,16
0004.jpg,3,-40,1111110101001100,16
0004.jpg,3,-37,0011110000110000,16
0004.jpg,3,-34,0011110000011110,16
0004.jpg,3,-31,1111110101001001,16
0004.jpg,3,-30,0011110000100000,16
0004.jpg,3,-29,0011110000100011,16
0004.jpg,3,-25,0011110000101101,16
0004.jpg,3,-24,0011110000011000,16
0004.jpg,3,-20,1111110101000110,16
0004.jpg,3,27,0011110000100001,16
0004.jpg,3,29,0011110000100111,16
0004.jpg,3,35,0011110000101011,16
0004.jpg,4,-33,1111110101010001,16
0004.jpg,4,-32,0011110000011111,16
0004.jpg,4,-30,1111110101001111,16
0004.jpg,4,-28,1111110101000011,16
0004.jpg,4,-17,1111110101010000,16
0004.jpg,4,25,0011110000111100,16
0004.jpg,4,29,1111110101000010,16
0004.jpg,4,31,0011110000101010,16
0004.jpg,4,34,0011110000010101,16
0004.jpg,4,39,0011110000011101,16
0004.jpg,5,-35,0011110000111110,16
0004.jpg,5,-26,0011110000110110,16
0004.jpg,5,26,0011110000111101,16
0004.jpg,5,27,0011110000111011,16
0004.jpg,5,32,0011110001000011,16
0004.jpg,5,37,0011110000110011,16
0004.jpg,6,26,1111110101010011,16
0004.jpg,6,27,1111110101001110,16
0004.jpg,6,28,0011110001000010,16
0004.jpg,7,-26,0011110001000101,16
0004.jpg,7,-25,1111110101010110,16
0004.jpg,7,16,0011110000111111,16
0004.jpg,7,22,1111110101010101,16
0004.jpg,7,24,1111110101010100,16
0004.jpg,7,26,0011110001000000,16
0004.jpg,7,28,0011110001000001,16
0004.jpg,8,3,1111110101000101,16
0004.jpg,11,-2,1111110101000000,16
0004.jpg,11,2,0011110000011100,16
0004.jpg,12,-2,0011110000011011,16
0004.jpg,13,3,0011110000010100,16
0004.jpg,15,-4,0011110001000100,16
0004.jpg,15,-3,1111110101010010,16
0004.jpg,15,7,0011110000110101,16
0004.jpg,17,1,0011110000011010,16
0004.jpg,23,2,0011110000111000,16
0004.jpg,23,3,0011110000100010,16
0004.jpg,24,-1,0011110000110100,16
0004.jpg,0,-55,00111100010110100,17
0004.jpg,0,-53,00111100010111110,17
0004.jpg,0,-50,00111100011101101,17
0004.jpg,0,-49,00111100011010100,17
0004.jpg,0,-46,00111100011000010,17
0004.jpg,0,-45,00111100010111101,17
0004.jpg,1,-36,00111100010101100,17
0004.jpg,1,-32,00111100011000001,17
0004.jpg,1,-28,00111100010111000,17
0004.jpg,1,-27,00111100010111100,17
0004.jpg,1,-23,00111100010010110,17
0004.jpg,1,-21,00111100010010001,17
0004.jpg,1,-20,00111100010001111,17
0004.jpg,1,13,00111100010011111,17
0004.jpg,1,14,00111100010010011,17
0004.jpg,1,15,00111100010010101,17
0004.jpg,1,17,00111100011011001,17
0004.jpg,1,20,00111100011100010,17
0004.jpg,1,22,00111100010110011,17
0004.jpg,1,29,00111100010110111,17
0004.jpg,2,-42,00111100010101010,17
0004.jpg,2,-39,00111100010011010,17
0004.jpg,2,-38,00111100010100101,17
0004.jpg,2,-37,00111100010101011,17
0004.jpg,2,-31,00111100010111011,17
0004.jpg,2,-27,00111100010011000,17
0004.jpg,2,-26,00111100010100100,17
0004.jpg,2,20,00111100010111111,17
0004.jpg,2,21,11111101010101111,17
0004.jpg,2,26,00111100010001101,17
0004.jpg,2,30,00111100010101001,17
0004.jpg,2,31,00111100010001110,17
0004.jpg,2,35,00111100010110000,17
0004.jpg,3,-44,00111100010110010,17
0004.jpg,3,-41,00111100010101000,17
0004.jpg,3,-36,00111100010011001,17
0004.jpg,3,-35,00111100011100101,17
0004.jpg,3,-33,00111100010100001,17
0004.jpg,3,-32,00111100011100000,17
0004.jpg,3,25,00111100010010111,17
0004.jpg,3,28,00111100010100111,17
0004.jpg,3,30,00111100011001000,17
0004.jpg,3,31,00111100010011011,17
0004.jpg,3,32,00111100011011000,17
0004.jpg,3,34,00111100011000110,17
0004.jpg,3,37,00111100011000011,17
0004.jpg,3,38,00111100010100011,17
0004.jpg,3,39,00111100011000101,17
0004.jpg,3,40,00111100011000100,17
0004.jpg,3,42,00111100011001110,17
0004.jpg,4,-42,00111100010110101,17
0004.jpg,4,-41,00111100011011100,17
0004.jpg,4,-35,00111100010110110,17
0004.jpg,4,-31,00111100010111010,17
0004.jpg,4,-29,00111100011100001,17
0004.jpg,4,22,00111100011100100,17
0004.jpg,4,28,00111100010100010,17
0004.jpg,4,30,00111100011011010,17
0004.jpg,4,35,00111100011010010,17
0004.jpg,4,36,00111100011010000,17
0004.jpg,4,40,00111100011001001,17
0004.jpg,4,42,00111100010011100,17
0004.jpg,5,-46,00111100011100011,17
0004.jpg,5,-39,00111100011101001,17
0004.jpg,5,-37,00111100011011110,17
0004.jpg,5,-34,00111100011011111,17
0004.jpg,5,-32,00111100011101111,17
0004.jpg,5,-30,00111100010111001,17
0004.jpg,5,-29,00111100011010011,17
0004.jpg,5,-27,00111100011110000,17
0004.jpg,5,25,11111101010101110,17
0004.jpg,5,28,00111100010100110,17
0004.jpg,5,29,00111100011111000,17
0004.jpg,5,30,00111100011010001,17
0004.jpg,5,31,00111100011010111,17
0004.jpg,5,36,00111100011111110,17
0004.jpg,6,-35,00111100011111011,17
0004.jpg,6,-33,00111100011100110,17
0004.jpg,6,-32,00111100011111100,17
0004.jpg,6,-31,00111100011111101,17
0004.jpg,6,-29,00111100011110100,17
0004.jpg,6,-28,00111100011111001,17
0004.jpg,6,-27,01111100000000010,17
0004.jpg,6,23,00111100011101010,17
0004.jpg,6,30,00111100011101110,17
0004.jpg,6,34,01111100000000000,17
0004.jpg,6,36,00111100011111111,17
0004.jpg,7,-38,00111100011011101,17
0004.jpg,7,25,00111100011110010,17
0004.jpg,7,29,00111100011110111,17
0004.jpg,7,31,01111100000000001,17
0004.jpg,8,-6,00111100011111010,17
0004.jpg,8,-5,00111100010101111,17
0004.jpg,9,2,00111100010110001,17
0004.jpg,11,-3,00111100010010010,17
0004.jpg,12,-7,00111100011001111,17
0004.jpg,12,-5,00111100011101011,17
0004.jpg,12,-4,00111100011000000,17
0004.jpg,12,-3,00111100010101110,17
0004.jpg,12,4,00111100011001011,17
0004.jpg,12,5,00111100010100000,17
0004.jpg,13,-5,00111100011101000,17
0004.jpg,13,5,00111100010011110,17
0004.jpg,14,-10,00111100011101100,17
0004.jpg,14,-4,00111100011110110,17
0004.jpg,14,-3,00111100011110011,17
0004.jpg,14,3,00111100011100111,17
0004.jpg,15,-5,00111100011110101,17
0004.jpg,15,4,00111100011011011,17
0004.jpg,17,-1,00111100011110001,17
0004.jpg,19,-1,00111100010011101,17
0004.jpg,19,1,00111100010001100,17
0004.jpg,20,1,00111100010010100,17
0004.jpg,24,1,01111100000000011,17
0004.jpg,26,-1,00111100011001101,17
0004.jpg,29,-1,00111100011000111,17
0004.jpg,30,1,00111100010010000,17
0004.jpg,31,-1,00111100011001010,17
0004.jpg,32,1,00111100010101101,17
0004.jpg,37,-2,00111100011010101,17
0004.jpg,38,-2,00111100011010110,17
0004.jpg,39,1,00111100011001100,17
0005.jpg,0,-1,100,3
0005.jpg,0,1,011,3
0005.jpg,0,-3,0000,4
0005.jpg,0,-2,1010,4
0005.jpg,0,2,0011,4
0005.jpg,0,-4,11000,5
0005.jpg,0,3,10110,5
0005.jpg,7,-1,01001,5
0005.jpg,7,1,00101,5
0005.jpg,0,4,010001,6
0005.jpg,1,-1,110101,6
0005.jpg,1,1,110110,6
0005.jpg,5,-1,000100,6
0005.jpg,5,1,000110,6
0005.jpg,6,-1,101111,6
0005.jpg,6,1,110011,6
0005.jpg,0,-5,1111010,7
0005.jpg,0,0,1110111,7
0005.jpg,0,5,1101001,7
0005.jpg,0,6,0010001,7
0005.jpg,4,-1,0101000,7
0005.jpg,4,1,0101111,7
0005.jpg,0,-7,10111010,8
0005.jpg,0,-6,11111001,8
0005.jpg,0,7,11101010,8
0005.jpg,0,8,00010100,8
0005.jpg,0,11,00100100,8
0005.jpg,0,12,01010011,8
0005.jpg,0,13,00100110,8
0005.jpg,0,15,01010100,8
0005.jpg,3,-1,00100001,8
0005.jpg,4,-2,01011101,8
0005.jpg,4,2,10111000,8
0005.jpg,5,-2,11100000,8
0005.jpg,5,2,11100110,8
0005.jpg,6,-2,11100111,8
0005.jpg,6,2,11101101,8
0005.jpg,7,-2,11101011,8
0005.jpg,7,2,11111100,8
0005.jpg,7,3,00011100,8
0005.jpg,0,-14,110111010,9
0005.jpg,0,-13,010101101,9
0005.jpg,0,-12,111111110,9
0005.jpg,0,-11,010111000,9
0005.jpg,0,-10,010101111,9
0005.jpg,0,-9,111000111,9
0005.jpg,0,-8,111101100,9
0005.jpg,0,9,111100111,9
0005.jpg,0,10,111100011,9
0005.jpg,0,14,111111100,9
0005.jpg,0,16,111111010,9
0005.jpg,0,17,111000100,9
0005.jpg,0,18,111001010,9
0005.jpg,0,19,110111101,9
0005.jpg,0,20,101110010,9
0005.jpg,0,21,110100000,9
0005.jpg,0,22,101110111,9
0005.jpg,0,23,010000001,9
0005.jpg,0,24,010100100,9
0005.jpg,0,25,010100101,9
0005.jpg,0,27,010000110,9
0005.jpg,0,28,010110000,9
0005.jpg,0,29,101110011,9
0005.jpg,0,30,000111011,9
0005.jpg,0,31,001001011,9
0005.jpg,0,32,000111010,9
0005.jpg,0,33,010110001,9
0005.jpg,0,34,001000000,9
0005.jpg,0,35,010000101,9
0005.jpg,0,36,000101010,9
0005.jpg,0,39,000101011,9
0005.jpg,1,-2,111010010,9
0005.jpg,1,2,110111111,9
0005.jpg,2,-1,111000010,9
0005.jpg,2,1,110010101,9
0005.jpg,3,-2,010101100,9
0005.jpg,3,1,111110001,9
0005.jpg,3,2,001001111,9
0005.jpg,4,-3,110111000,9
0005.jpg,4,3,110100010,9
0005.jpg,5,-4,000111101,9
0005.jpg,5,-3,111001000,9
0005.jpg,5,3,110111100,9
0005.jpg,6,-3,111001001,9
0005.jpg,6,3,111100101,9
0005.jpg,7,-3,110111110,9
0005.jpg,7,4,010110011,9
0005.jpg,8,-1,111010000,9
0005.jpg,8,1,111000101,9
0005.jpg,15,1,110010110,9
0005.jpg,0,-15,1111101011,10
0005.jpg,0,26,1111111110,10
0005.jpg,0,37,1111110111,10
0005.jpg,0,38,1111100000,10
0005.jpg,0,40,1110110011,10
0005.jpg,0,41,1110110000,10
0005.jpg,0,42,1100101111,10
0005.jpg,0,43,1101110111,10
0005.jpg,0,44,1111001101,10
0005.jpg,0,45,1110001100,10
0005.jpg,0,46,1110010110,10
0005.jpg,0,47,1111000010,10
0005.jpg,0,48,1101110011,10
0005.jpg,0,49,0100001110,10
0005.jpg,0,50,0001111110,10
0005.jpg,0,51,0100001001,10
0005.jpg,0,52,0001111100,10
0005.jpg,0,53,0101011100,10
0005.jpg,0,54,0001011111,10
0005.jpg,0,56,0001011100,10
0005.jpg,0,67,0100000111,10
0005.jpg,0,68,1100100100,10
0005.jpg,0,69,0101100101,10
0005.jpg,0,70,0101110011,10
0005.jpg,0,71,1100100010,10
0005.jpg,0,72,1100100000,10
0005.jpg,0,73,0101011101,10
0005.jpg,0,75,0001011101,10
0005.jpg,0,79,0001011010,10
0005.jpg,0,80,0001111001,10
0005.jpg,0,85,0001111101,10
0005.jpg,0,86,0101101010,10
0005.jpg,0,87,0001011000,10
0005.jpg,1,-3,0010011101,10
0005.jpg,3,-4,0100000101,10
0005.jpg,3,-3,1111000100,10
0005.jpg,3,3,1110110010,10
0005.jpg,3,4,0010010101,10
0005.jpg,4,-5,0100001111,10
0005.jpg,4,-4,1111000011,10
0005.jpg,4,4,1111110110,10
0005.jpg,4,5,0101100100,10
0005.jpg,4,6,0010011100,10
0005.jpg,5,-5,1101000010,10
0005.jpg,5,4,1111011100,10
0005.jpg,5,5,1101000110,10
0005.jpg,6,-5,1100100101,10
0005.jpg,6,-4,1111101001,10
0005.jpg,6,4,1111101110,10
0005.jpg,6,5,1100101000,10
0005.jpg,7,-5,0001011001,10
0005.jpg,7,-4,1100100011,10
0005.jpg,7,5,1110000111,10
0005.jpg,13,-1,0001011011,10
0005.jpg,14,-1,1011101100,10
0005.jpg,14,1,0101010101,10
0005.jpg,15,-1,1111000101,10
0005.jpg,0,55,11111110101,11
0005.jpg,0,57,11111010101,11
0005.jpg,0,58,11110110110,11
0005.jpg,0,59,11101000100,11
0005.jpg,0,60,11100011011,11
0005.jpg,0,61,11110111011,11
0005.jpg,0,62,11110010001,11
0005.jpg,0,63,11110010011,11
0005.jpg,0,64,11111111110,11
0005.jpg,0,65,11111010000,11
0005.jpg,0,66,11110110111,11
0005.jpg,0,74,11111111111,11
0005.jpg,0,76,11111011111,11
0005.jpg,0,77,11101100010,11
0005.jpg,0,78,11110111101,11
0005.jpg,0,81,11110110101,11
0005.jpg,0,82,11111000011,11
0005.jpg,0,83,11111110100,11
0005.jpg,0,84,11111010100,11
0005.jpg,0,88,00011111111,11
0005.jpg,0,89,01011010110,11
0005.jpg,0,90,11001010010,11
0005.jpg,0,91,01011010001,11
0005.jpg,0,92,01011010111,11
0005.jpg,0,93,01000000001,11
0005.jpg,0,94,00100000100,11
0005.jpg,0,96,00010111100,11
0005.jpg,0,97,11001000010,11
0005.jpg,0,98,11001011100,11
0005.jpg,0,99,01011010011,11
0005.jpg,0,100,11001001101,11
0005.jpg,0,101,11100101111,11
0005.jpg,0,102,11110111111,11
0005.jpg,0,103,11110011000,11
0005.jpg,0,104,11001010011,11
0005.jpg,1,3,11101000101,11
0005.jpg,2,-2,01010101101,11
0005.jpg,2,2,00011111110,11
0005.jpg,3,-6,10111011011,11
0005.jpg,3,-5,11100011010,11
0005.jpg,3,5,11001001100,11
0005.jpg,3,6,01010101100,11
0005.jpg,4,-7,01011011000,11
0005.jpg,4,-6,11101001110,11
0005.jpg,4,7,11011101100,11
0005.jpg,5,-8,00100101001,11
0005.jpg,5,-7,01010101000,11
0005.jpg,5,-6,11110000000,11
0005.jpg,5,6,11110111100,11
0005.jpg,5,7,00100000101,11
0005.jpg,6,-9,01000010001,11
0005.jpg,6,-8,01010101110,11
0005.jpg,6,-7,11101001101,11
0005.jpg,6,-6,11111000010,11
0005.jpg,6,6,11111011110,11
0005.jpg,6,7,01011010000,11
0005.jpg,7,-7,00100000110,11
0005.jpg,7,-6,11001011101,11
0005.jpg,7,6,11010000111,11
0005.jpg,12,1,01000001101,11
0005.jpg,13,1,11110010000,11
0005.jpg,0,-16,001001010001,12
0005.jpg,0,95,111010011110,12
0005.jpg,0,105,111100100100,12
0005.jpg,0,106,111100000100,12
0005.jpg,0,108,110100011100,12
0005.jpg,0,109,111000011000,12
0005.jpg,1,-4,110010000111,12
0005.jpg,1,4,111100000110,12
0005.jpg,2,-3,101110110101,12
0005.jpg,2,3,110111011010,12
0005.jpg,3,-9,110100011101,12
0005.jpg,3,-8,110100001101,12
0005.jpg,3,-7,111100000010,12
0005.jpg,3,7,111101111100,12
0005.jpg,3,8,110111011011,12
0005.jpg,3,9,010110100100,12
0005.jpg,4,-11,010000000100,12
0005.jpg,4,-9,111001011100,12
0005.jpg,4,-8,111110100011,12
0005.jpg,4,8,111100000111,12
0005.jpg,4,9,111000011001,12
0005.jpg,4,10,110010000110,12
0005.jpg,5,-11,001000001110,12
0005.jpg,5,-10,010000000000,12
0005.jpg,5,-9,111101110100,12
0005.jpg,5,8,111111101100,12
0005.jpg,5,9,001000001111,12
0005.jpg,5,10,111100100101,12
0005.jpg,5,12,010000100001,12
0005.jpg,5,13,000101111010,12
0005.jpg,6,-11,001001010000,12
0005.jpg,6,-10,010000000001,12
0005.jpg,6,8,111100000011,12
0005.jpg,6,9,111111101101,12
0005.jpg,6,10,000101111011,12
0005.jpg,6,11,010110100101,12
0005.jpg,6,12,000111100000,12
0005.jpg,7,-9,111011000111,12
0005.jpg,7,-8,010101011111,12
0005.jpg,7,7,111010011111,12
0005.jpg,9,-1,110100001100,12
0005.jpg,9,1,000111100001,12
0005.jpg,12,-1,111110100010,12
0005.jpg,0,-20,0100000001100,13
0005.jpg,0,-19,1100100111001,13
0005.jpg,0,-18,1110100011001,13
0005.jpg,0,-17,1111111011100,13
0005.jpg,0,107,1111111011110,13
0005.jpg,0,110,1111011010001,13
0005.jpg,0,111,1101000111111,13
0005.jpg,1,-5,1101000111100,13
0005.jpg,1,5,0100000100010,13
0005.jpg,2,-10,0001111000100,13
0005.jpg,2,-8,1101000111101,13
0005.jpg,2,-7,1100100111010,13
0005.jpg,2,-6,1111000001010,13
0005.jpg,2,-5,1110000110100,13
0005.jpg,2,-4,1111001100111,13
0005.jpg,2,4,1111101100001,13
0005.jpg,2,5,1110110001101,13
0005.jpg,2,6,0100000001101,13
0005.jpg,2,7,0100000001010,13
0005.jpg,3,-13,0001111000101,13
0005.jpg,3,-12,1111000001011,13
0005.jpg,3,-11,1111001100101,13
0005.jpg,3,-10,1111001100100,13
0005.jpg,3,10,0101010100110,13
0005.jpg,3,11,1111011101011,13
0005.jpg,3,12,0001111000110,13
0005.jpg,3,13,0101101100100,13
0005.jpg,4,-15,1110000110110,13
0005.jpg,4,-13,0101010100101,13
0005.jpg,4,-12,1100100111000,13
0005.jpg,4,-10,1111101100000,13
0005.jpg,4,11,1111011010000,13
0005.jpg,4,12,1110100011000,13
0005.jpg,4,13,1111101100011,13
0005.jpg,4,14,1110010111011,13
0005.jpg,5,-16,0100000001111,13
0005.jpg,5,-15,0101101100101,13
0005.jpg,5,-14,1110100011010,13
0005.jpg,5,-13,0100000001110,13
0005.jpg,5,-12,1110000110101,13
0005.jpg,5,11,1111101100100,13
0005.jpg,5,15,0101010100100,13
0005.jpg,5,16,0100000001011,13
0005.jpg,6,-18,0101101100111,13
0005.jpg,6,-15,0100000100100,13
0005.jpg,6,-14,1100100111011,13
0005.jpg,6,-13,0100000100001,13
0005.jpg,6,-12,1101000111110,13
0005.jpg,6,13,1111111011101,13
0005.jpg,6,15,0100000100000,13
0005.jpg,7,-15,0100000100011,13
0005.jpg,7,-11,1110010111010,13
0005.jpg,7,-10,1111101100010,13
0005.jpg,7,8,1110000110111,13
0005.jpg,7,9,1111001100110,13
0005.jpg,7,10,1100100111101,13
0005.jpg,7,11,1101110010000,13
0005.jpg,7,12,1100100111100,13
0005.jpg,8,-2,0101101100110,13
0005.jpg,8,2,1111011111010,13
0005.jpg,15,-2,0101010111101,13
0005.jpg,15,2,0101010111100,13
0005.jpg,16,-1,1110100011011,13
0005.jpg,23,-1,0101010100111,13
0005.jpg,23,1,1100100111110,13
0005.jpg,0,-29,01000010000000,14
0005.jpg,0,-24,11111011001101,14
0005.jpg,0,-23,00011110001111,14
0005.jpg,0,-22,11011100101101,14
0005.jpg,0,-21,01000001001110,14
0005.jpg,0,112,01000001100011,14
0005.jpg,0,113,11110110100100,14
0005.jpg,0,114,01011011010110,14
0005.jpg,0,115,01011011011100,14
0005.jpg,0,117,11011100101000,14
0005.jpg,0,118,01011011011000,14
0005.jpg,0,119,01011011011101,14
0005.jpg,0,120,11011100100011,14
0005.jpg,0,121,11101000111011,14
0005.jpg,0,122,01000001100010,14
0005.jpg,0,124,01000001100001,14
0005.jpg,0,125,01000001001101,14
0005.jpg,1,-7,01011011010011,14
0005.jpg,1,-6,11110110100110,14
0005.jpg,1,7,11101000111010,14
0005.jpg,2,-13,11101000111001,14
0005.jpg,2,-9,01011011011111,14
0005.jpg,2,9,01011011011011,14
0005.jpg,2,13,01000001001111,14
0005.jpg,3,-19,01000001100100,14
0005.jpg,3,-18,01011011100011,14
0005.jpg,3,-17,01000001100110,14
0005.jpg,3,-16,11011100100111,14
0005.jpg,3,-15,01011011010100,14
0005.jpg,3,-14,11110111110111,14
0005.jpg,3,14,11101000111000,14
0005.jpg,3,15,01011011011010,14
0005.jpg,3,16,11011100100110,14
0005.jpg,3,17,01011011010010,14
0005.jpg,3,19,01000001001100,14
0005.jpg,4,-19,11011100101100,14
0005.jpg,4,-17,11011100101001,14
0005.jpg,4,-16,01011011100010,14
0005.jpg,4,-14,11110111010101,14
0005.jpg,4,15,01011011100000,14
0005.jpg,4,16,11110111010100,14
0005.jpg,4,17,11110110100111,14
0005.jpg,4,21,01000001100000,14
0005.jpg,5,-19,01011011010000,14
0005.jpg,5,-17,11001001111111,14
0005.jpg,5,14,11111110111111,14
0005.jpg,5,17,01011011100100,14
0005.jpg,5,18,01011011100001,14
0005.jpg,5,19,11011100100101,14
0005.jpg,5,21,01000001001011,14
0005.jpg,6,-21,01011011011110,14
0005.jpg,6,-20,11011100100100,14
0005.jpg,6,-19,11101000111111,14
0005.jpg,6,-17,01011011011001,14
0005.jpg,6,-16,11011100101010,14
0005.jpg,6,14,11110110100101,14
0005.jpg,6,16,11101000111100,14
0005.jpg,6,18,11111011001100,14
0005.jpg,6,19,11101000111101,14
0005.jpg,6,20,01011011010101,14
0005.jpg,6,22,01000010000010,14
0005.jpg,7,-19,11011100101110,14
0005.jpg,7,-16,01011011100101,14
0005.jpg,7,-14,11011100101111,14
0005.jpg,7,-13,11111011001011,14
0005.jpg,7,-12,11101001100001,14
0005.jpg,7,13,11011100101011,14
0005.jpg,7,14,01011011010111,14
0005.jpg,7,16,01011011100110,14
0005.jpg,7,17,11101000111110,14
0005.jpg,7,20,01000010000011,14
0005.jpg,7,21,01011011100111,14
0005.jpg,10,-1,01000001001010,14
0005.jpg,11,-1,01011011010001,14
0005.jpg,11,1,11011100100010,14
0005.jpg,13,-2,01000001100111,14
0005.jpg,14,2,11101001100000,14
0005.jpg,15,-3,01000010000001,14
0005.jpg,15,3,01000001100101,14
0005.jpg,16,1,11111011001010,14
0005.jpg,0,-38,010110111011100,15
0005.jpg,0,-31,010110111010001,15
0005.jpg,0,-30,111110110101010,15
0005.jpg,0,-28,010110111010000,15
0005.jpg,0,-27,010110111100010,15
0005.jpg,0,-25,111010011001000,15
0005.jpg,0,116,111010011001100,15
0005.jpg,0,123,010110111011011,15
0005.jpg,1,-11,010110111011111,15
0005.jpg,1,-9,010110111010010,15
0005.jpg,1,6,010110111010100,15
0005.jpg,2,-15,010110111100011,15
0005.jpg,2,-12,111110110011110,15
0005.jpg,2,-11,111010011000100,15
0005.jpg,2,10,111010011001010,15
0005.jpg,2,11,111110110011100,15
0005.jpg,2,12,010110111100001,15
0005.jpg,2,14,111101111101101,15
0005.jpg,3,-34,010110111101110,15
0005.jpg,3,-23,010110111011001,15
0005.jpg,3,18,111110110101000,15
0005.jpg,3,20,010110111010101,15
0005.jpg,3,21,010110111010111,15
0005.jpg,3,23,111110110100101,15
0005.jpg,3,27,010110111011010,15
0005.jpg,4,-29,010110111100100,15
0005.jpg,4,-26,010110111101101,15
0005.jpg,4,-24,010110111101111,15
0005.jpg,4,-23,010110111101100,15
0005.jpg,4,-22,111110110011111,15
0005.jpg,4,-20,111010011000101,15
0005.jpg,4,-18,111110110100011,15
0005.jpg,4,22,111010011000110,15
0005.jpg,4,23,010110111101001,15
0005.jpg,4,24,111010011000111,15
0005.jpg,5,-27,010110111100111,15
0005.jpg,5,-26,111011000110000,15
0005.jpg,5,-25,010110111101011,15
0005.jpg,5,-24,010110111100110,15
0005.jpg,5,-23,010110111110000,15
0005.jpg,5,-22,111011000110001,15
0005.jpg,5,-20,010110111100101,15
0005.jpg,5,-18,111110110101101,15
0005.jpg,5,20,111110110100001,15
0005.jpg,5,22,111110110100010,15
0005.jpg,5,23,010110111100000,15
0005.jpg,5,25,111010011001001,15
0005.jpg,5,26,010110111011000,15
0005.jpg,6,-29,010110111101000,15
0005.jpg,6,-26,111010011001110,15
0005.jpg,6,-25,010110111010110,15
0005.jpg,6,-23,111110110101110,15
0005.jpg,6,-22,010110111011110,15
0005.jpg,6,17,111110110101100,15
0005.jpg,6,21,111110110100000,15
0005.jpg,6,23,111110110100110,15
0005.jpg,6,26,010110111101010,15
0005.jpg,6,30,111010011001111,15
0005.jpg,7,-31,010110111110011,15
0005.jpg,7,-25,000111100011100,15
0005.jpg,7,-24,010110111110001,15
0005.jpg,7,-23,000111100011101,15
0005.jpg,7,-20,111011000110010,15
0005.jpg,7,-18,111110110100111,15
0005.jpg,7,-17,111101111101100,15
0005.jpg,7,15,010110111011101,15
0005.jpg,7,18,010110111010011,15
0005.jpg,7,19,111011000110011,15
0005.jpg,8,3,111110110011101,15
0005.jpg,13,2,111110110101111,15
0005.jpg,14,-3,111010011001011,15
0005.jpg,14,-2,111110110101001,15
0005.jpg,15,4,010110111110010,15
0005.jpg,21,-1,111110110100100,15
0005.jpg,21,1,111110110101011,15
0005.jpg,22,-1,111010011001101,15
0005.jpg,0,-45,0101110010000001,16
0005.jpg,0,-40,0101101111111001,16
0005.jpg,0,-37,0101101111110110,16
0005.jpg,0,-36,0101110010000100,16
0005.jpg,0,-35,0101101111111111,16
0005.jpg,0,-34,0101101111110101,16
0005.jpg,0,-33,1111101101101101,16
0005.jpg,0,-32,0101101111101010,16
0005.jpg,0,-26,0101110010000011,16
0005.jpg,1,-12,0101110010000000,16
0005.jpg,1,-10,1111101101110011,16
0005.jpg,1,-8,1111101101100110,16
0005.jpg,1,8,1111101101100010,16
0005.jpg,1,9,0101101111111011,16
0005.jpg,1,10,1111101101101001,16
0005.jpg,1,11,1111101101100101,16
0005.jpg,2,-29,0101101111101011,16
0005.jpg,2,-23,0101101111111000,16
0005.jpg,2,-17,0101101111101000,16
0005.jpg,2,-14,0101101111101001,16
0005.jpg,2,8,0101101111111100,16
0005.jpg,2,15,0101101111111101,16
0005.jpg,2,18,1111101101101011,16
0005.jpg,2,20,0101101111111110,16
0005.jpg,2,24,0101101111110001,16
0005.jpg,2,28,0101101111101110,16
0005.jpg,3,-28,0101110010001101,16
0005.jpg,3,-26,0101101111101100,16
0005.jpg,3,-25,1111101101110101,16
0005.jpg,3,-24,1111101101111110,16
0005.jpg,3,-22,1111101101100001,16
0005.jpg,3,-20,1111101101100011,16
0005.jpg,3,22,1111101101100111,16
0005.jpg,3,24,0101101111110111,16
0005.jpg,3,25,1111101101110001,16
0005.jpg,3,26,0101101111101101,16
0005.jpg,3,30,0101101111110011,16
0005.jpg,3,31,0101101111110000,16
0005.jpg,3,38,0101110010001011,16
0005.jpg,4,-42,0101110010011011,16
0005.jpg,4,-34,0101110010001100,16
0005.jpg,4,-32,0101110010010001,16
0005.jpg,4,-31,0101110010001010,16
0005.jpg,4,-30,1111101101111000,16
0005.jpg,4,-27,1111101101111101,16
0005.jpg,4,-25,1111111011111000,16
0005.jpg,4,-21,0101101111110100,16
0005.jpg,4,18,1111101101111011,16
0005.jpg,4,19,1111101101111010,16
0005.jpg,4,20,0101101111111010,16
0005.jpg,4,25,1111101101100100,16
0005.jpg,4,26,1111101101101010,16
0005.jpg,4,27,1111101101110010,16
0005.jpg,4,38,1111101101101111,16
0005.jpg,5,-40,1111101101110111,16
0005.jpg,5,-37,1111111011111010,16
0005.jpg,5,-36,0101110010001001,16
0005.jpg,5,-34,1111101101110100,16
0005.jpg,5,-33,0101110010010101,16
0005.jpg,5,-31,0101110010001111,16
0005.jpg,5,-30,1111101101111111,16
0005.jpg,5,-29,0101110010000101,16
0005.jpg,5,27,0101110010010110,16
0005.jpg,5,29,0101110010010000,16
0005.jpg,6,-39,0101110010011000,16
0005.jpg,6,-38,0101110010010010,16
0005.jpg,6,-37,0101110010010100,16
0005.jpg,6,-34,0101110010011001,16
0005.jpg,6,-33,1111101101111100,16
0005.jpg,6,-32,1111101101110110,16
0005.jpg,6,-30,0101110010010111,16
0005.jpg,6,-27,0101110010001110,16
0005.jpg,6,-24,1111101101101100,16
0005.jpg,6,24,1111111011111011,16
0005.jpg,6,25,0101110010001000,16
0005.jpg,6,28,0101110010010011,16
0005.jpg,6,29,1111101101111001,16
0005.jpg,6,32,0101110010000111,16
0005.jpg,6,45,0101110010000110,16
0005.jpg,7,-35,0101110010011100,16
0005.jpg,7,-34,0101110010011101,16
0005.jpg,7,-22,0101110010011010,16
0005.jpg,10,1,1111101101101000,16
0005.jpg,11,-2,1111101101100000,16
0005.jpg,11,2,1111101101110000,16
0005.jpg,12,2,0101101111101111,16
0005.jpg,13,4,1111101101101110,16
0005.jpg,14,3,1111111011111001,16
0005.jpg,20,-1,0101110010000010,16
0005.jpg,22,1,0101101111110010,16
0005.jpg,0,-47,01011100101010000,17
0005.jpg,0,-46,10111011010010100,17
0005.jpg,0,-42,10111011010000101,17
0005.jpg,0,126,01011100101000011,17
0005.jpg,1,-23,01011100101111110,17
0005.jpg,1,-14,01011100101110110,17
0005.jpg,1,-13,01011100101000010,17
0005.jpg,1,14,01011100101111111,17
0005.jpg,1,15,10111011010010101,17
0005.jpg,1,18,01011100101111000,17
0005.jpg,1,21,01011100101001000,17
0005.jpg,1,23,01011100100111111,17
0005.jpg,2,-27,01011100101000110,17
0005.jpg,2,-24,01011100101101100,17
0005.jpg,2,-22,01011100101001100,17
0005.jpg,2,-19,01011100100111100,17
0005.jpg,2,-16,01011100101000100,17
0005.jpg,2,16,01011100101000000,17
0005.jpg,2,17,01011100101110111,17
0005.jpg,2,19,01011100101010110,17
0005.jpg,2,23,01011100101111010,17
0005.jpg,2,25,01011100101000001,17
0005.jpg,2,31,01011100101110010,17
0005.jpg,3,-39,01011100101110000,17
0005.jpg,3,-31,01011100101001010,17
0005.jpg,3,-30,10111011010000100,17
0005.jpg,3,-29,01011100101001001,17
0005.jpg,3,-21,01011100101101101,17
0005.jpg,3,28,01011100101110001,17
0005.jpg,3,29,01011100101000101,17
0005.jpg,3,33,01011100101101011,17
0005.jpg,3,35,01011100101101110,17
0005.jpg,4,-41,10111011010011101,17
0005.jpg,4,-40,01011100101011001,17
0005.jpg,4,-36,01011100101011010,17
0005.jpg,4,-33,01011100101110100,17
0005.jpg,4,-28,01011100101110101,17
0005.jpg,4,32,01011100101001101,17
0005.jpg,4,33,01011100101010101,17
0005.jpg,4,34,10111011010000111,17
0005.jpg,4,36,01011100101001011,17
0005.jpg,4,48,01011100101010010,17
0005.jpg,5,-44,10111011010011011,17
0005.jpg,5,-43,10111011010011100,17
0005.jpg,5,-39,11001001111110001,17
0005.jpg,5,-32,10111011010000010,17
0005.jpg,5,-28,10111011010001100,17
0005.jpg,5,-21,11001001111110111,17
0005.jpg,5,24,01011100101101111,17
0005.jpg,5,28,01011100101111011,17
0005.jpg,5,30,10111011010011000,17
0005.jpg,5,31,01011100101100111,17
0005.jpg,5,33,10111011010000000,17
0005.jpg,5,34,01011100101001110,17
0005.jpg,5,35,01011100101011111,17
0005.jpg,5,40,01011100101100010,17
0005.jpg,5,43,01011100101100011,17
0005.jpg,5,47,01011100101010100,17
0005.jpg,6,-45,01011100101011101,17
0005.jpg,6,-42,10111011010011001,17
0005.jpg,6,-40,10111011010000011,17
0005.jpg,6,-36,01011100101111101,17
0005.jpg,6,-31,10111011010001010,17
0005.jpg,6,-28,10111011010001001,17
0005.jpg,6,31,10111011010010111,17
0005.jpg,6,35,10111011010000110,17
0005.jpg,6,36,01011100101100001,17
0005.jpg,6,37,01011100101100110,17
0005.jpg,6,43,01011100101100101,17
0005.jpg,6,53,01011100101010011,17
0005.jpg,7,-42,10111011010011010,17
0005.jpg,7,-39,11001001111110000,17
0005.jpg,7,-38,10111011010011111,17
0005.jpg,7,-37,10111011010011110,17
0005.jpg,7,-30,11001001111110011,17
0005.jpg,7,-29,11001001111110010,17
0005.jpg,7,-28,01011100101100000,17
0005.jpg,7,-26,10111011010000001,17
0005.jpg,7,22,01011100101011110,17
0005.jpg,7,23,11001001111110110,17
0005.jpg,7,31,01011100101101001,17
0005.jpg,7,33,01011100101101000,17
0005.jpg,7,45,01011100101100100,17
0005.jpg,9,-2,11001001111110100,17
0005.jpg,9,2,01011100101011011,17
0005.jpg,12,-2,01011100101001111,17
0005.jpg,12,8,01011100101011000,17
0005.jpg,13,-4,10111011010001111,17
0005.jpg,13,-3,10111011010010011,17
0005.jpg,13,3,01011100101111001,17
0005.jpg,13,5,10111011010010010,17
0005.jpg,14,-11,01011100101101010,17
0005.jpg,15,-4,10111011010010000,17
0005.jpg,15,8,10111011010010110,17
0005.jpg,17,-1,10111011010001101,17
0005.jpg,17,1,01011100101110011,17
0005.jpg,18,1,01011100101010111,17
0005.jpg,19,-1,10111011010001000,17
0005.jpg,19,1,01011100101010001,17
0005.jpg,20,1,01011100101000111,17
0005.jpg,21,-2,01011100100111110,17
0005.jpg,23,2,01011100101111100,17
0005.jpg,24,-1,01011100100111101,17
0005.jpg,24,1,10111011010010001,17
0005.jpg,29,-1,10111011010001110,17
0005.jpg,30,-1,10111011010001011,17
0005.jpg,30,1,11001001111110101,17
0005.jpg,37,-1,01011100101011100,17
0006.jpg,0,-1,100,3
0006.jpg,0,1,011,3
0006.jpg,0,-2,0010,4
0006.jpg,0,2,0001,4
0006.jpg,0,-4,11001,5
0006.jpg,0,-3,11011,5
0006.jpg,0,3,10101,5
0006.jpg,7,-1,01001,5
0006.jpg,7,1,01000,5
0006.jpg,0,-5,111101,6
0006.jpg,0,4,010110,6
0006.jpg,1,-1,111010,6
0006.jpg,1,1,111000,6
0006.jpg,5,-1,000001,6
0006.jpg,5,1,001100,6
0006.jpg,6,-1,101110,6
0006.jpg,6,1,101001,6
0006.jpg,0,-6,1101001,7
0006.jpg,0,0,1110111,7
0006.jpg,0,5,1100001,7
0006.jpg,0,6,0011100,7
0006.jpg,4,-1,1010001,7
0006.jpg,4,1,1011000,7
0006.jpg,7,2,0000101,7
0006.jpg,0,-16,00001110,8
0006.jpg,0,-14,10110110,8
0006.jpg,0,-8,00110101,8
0006.jpg,0,-7,11110000,8
0006.jpg,0,7,11111011,8
0006.jpg,0,8,00110110,8
0006.jpg,0,13,00001111,8
0006.jpg,0,14,01010000,8
0006.jpg,0,15,11000110,8
0006.jpg,0,16,01010110,8
0006.jpg,2,-1,00111110,8
0006.jpg,2,1,00111100,8
0006.jpg,3,-1,10110010,8
0006.jpg,3,1,10111111,8
0006.jpg,4,-2,01010011,8
0006.jpg,4,2,00111111,8
0006.jpg,5,-2,10110101,8
0006.jpg,5,2,11010000,8
0006.jpg,6,-2,11000111,8
0006.jpg,6,2,11010110,8
0006.jpg,7,-2,11111000,8
0006.jpg,7,3,00000011,8
0006.jpg,0,-15,101000010,9
0006.jpg,0,-13,110001010,9
0006.jpg,0,-11,000010010,9
0006.jpg,0,-10,001110111,9
0006.jpg,0,-9,101111001,9
0006.jpg,0,9,111001010,9
0006.jpg,0,10,110000010,9
0006.jpg,0,11,110000000,9
0006.jpg,0,12,111100010,9
0006.jpg,0,17,111110011,9
0006.jpg,0,18,010111010,9
0006.jpg,0,19,010111000,9
0006.jpg,0,21,000011001,9
0006.jpg,0,23,001110101,9
0006.jpg,1,-2,111100101,9
0006.jpg,1,2,111100110,9
0006.jpg,3,-3,000000100,9
0006.jpg,3,-2,110001000,9
0006.jpg,3,2,110101010,9
0006.jpg,3,3,000011000,9
0006.jpg,4,-3,101100110,9
0006.jpg,4,3,101111011,9
0006.jpg,5,-3,010111001,9
0006.jpg,5,3,101111000,9
0006.jpg,6,-3,101100111,9
0006.jpg,6,3,101111101,9
0006.jpg,7,-3,001101000,9
0006.jpg,7,4,010111100,9
0006.jpg,8,-1,111110100,9
0006.jpg,8,1,111100011,9
0006.jpg,15,-1,010100101,9
0006.jpg,15,1,110100011,9
0006.jpg,0,-17,1110011000,10
0006.jpg,0,-12,1111111001,10
0006.jpg,0,20,1111111111,10
0006.jpg,0,22,1111110011,10
0006.jpg,0,24,1111110100,10
0006.jpg,0,25,1110110000,10
0006.jpg,0,26,1111110101,10
0006.jpg,0,27,1111111101,10
0006.jpg,0,28,1101011111,10
0006.jpg,0,29,1111111000,10
0006.jpg,0,30,1110011100,10
0006.jpg,0,31,1110011101,10
0006.jpg,0,32,1101010010,10
0006.jpg,0,33,1011011100,10
0006.jpg,0,34,0101010001,10
0006.jpg,0,35,1100000111,10
0006.jpg,0,36,1101010011,10
0006.jpg,0,37,1110011001,10
0006.jpg,0,38,1100010110,10
0006.jpg,0,39,1110011010,10
0006.jpg,0,40,1101011110,10
0006.jpg,0,41,1101010111,10
0006.jpg,0,42,1111101011,10
0006.jpg,0,43,1110110001,10
0006.jpg,0,44,1011111001,10
0006.jpg,0,45,1100000110,10
0006.jpg,0,46,0101011101,10
0006.jpg,0,47,0101111100,10
0006.jpg,0,48,0011011101,10
0006.jpg,0,49,0011010010,10
0006.jpg,0,50,0011101100,10
0006.jpg,0,51,0101000101,10
0006.jpg,0,53,0000100011,10
0006.jpg,0,55,0000100010,10
0006.jpg,0,56,0000001010,10
0006.jpg,0,58,0011110111,10
0006.jpg,0,60,0011110101,10
0006.jpg,0,61,0000110100,10
0006.jpg,0,63,0000000100,10
0006.jpg,0,67,0000000110,10
0006.jpg,0,68,0011011110,10
0006.jpg,0,69,0101000100,10
0006.jpg,0,70,0011011100,10
0006.jpg,0,71,0101010010,10
0006.jpg,0,72,0101001000,10
0006.jpg,0,73,1010000001,10
0006.jpg,0,74,1101010000,10
0006.jpg,0,75,0101011111,10
0006.jpg,0,76,0101010000,10
0006.jpg,0,77,1011011101,10
0006.jpg,0,78,1011110101,10
0006.jpg,0,79,1011110100,10
0006.jpg,0,80,0101111101,10
0006.jpg,0,81,1110010011,10
0006.jpg,0,82,1101011101,10
0006.jpg,0,83,1111111011,10
0006.jpg,0,84,1010000010,10
0006.jpg,0,85,1100010011,10
0006.jpg,0,86,1110110010,10
0006.jpg,0,87,1111110001,10
0006.jpg,0,88,1010000000,10
0006.jpg,0,89,0011010011,10
0006.jpg,0,90,0000001011,10
0006.jpg,0,97,0011101000,10
0006.jpg,0,101,0000000011,10
0006.jpg,1,-3,0011101001,10
0006.jpg,1,3,0000100001,10
0006.jpg,2,-2,0000000001,10
0006.jpg,2,2,0000100000,10
0006.jpg,3,-4,0011101101,10
0006.jpg,3,4,1101010001,10
0006.jpg,4,-5,0101000110,10
0006.jpg,4,-4,1100010111,10
0006.jpg,4,4,1011010011,10
0006.jpg,4,5,0000000111,10
0006.jpg,5,-5,0000000101,10
0006.jpg,5,-4,1110110110,10
0006.jpg,5,4,1011010000,10
0006.jpg,5,5,0101111010,10
0006.jpg,6,-5,0000110101,10
0006.jpg,6,-4,1110010110,10
0006.jpg,6,4,1110010000,10
0006.jpg,6,5,0101110110,10
0006.jpg,7,-4,1110110101,10
0006.jpg,7,5,1011111000,10
0006.jpg,13,-1,1010000011,10
0006.jpg,13,1,0101011100,10
0006.jpg,14,-1,0101110111,10
0006.jpg,14,1,1110110100,10
0006.jpg,0,52,11110010011,11
0006.jpg,0,54,11111010100,11
0006.jpg,0,57,11110011100,11
0006.jpg,0,59,11111010101,11
0006.jpg,0,62,11110011111,11
0006.jpg,0,64,11110011110,11
0006.jpg,0,65,10110111111,11
0006.jpg,0,66,11111110100,11
0006.jpg,0,91,11111100100,11
0006.jpg,0,92,11100110110,11
0006.jpg,0,93,11110010001,11
0006.jpg,0,94,11101100110,11
0006.jpg,0,95,01011111100,11
0006.jpg,0,96,11110010000,11
0006.jpg,0,98,11101101110,11
0006.jpg,0,99,11111111101,11
0006.jpg,0,100,11111101110,11
0006.jpg,0,102,11111111000,11
0006.jpg,0,103,11111100000,11
0006.jpg,0,104,11010111000,11
0006.jpg,0,105,10100001111,11
0006.jpg,0,106,10110111110,11
0006.jpg,0,107,11000000101,11
0006.jpg,1,-4,00111101101,11
0006.jpg,2,-4,00000000101,11
0006.jpg,2,-3,11100100010,11
0006.jpg,2,3,11010101101,11
0006.jpg,2,4,01010001110,11
0006.jpg,3,-6,01011111111,11
0006.jpg,3,-5,11111100101,11
0006.jpg,3,5,11111001011,11
0006.jpg,3,6,10110111101,11
0006.jpg,4,-6,11000100101,11
0006.jpg,4,6,11100101110,11
0006.jpg,4,7,01010100110,11
0006.jpg,5,-8,00001101110,11
0006.jpg,5,-7,10100001101,11
0006.jpg,5,-6,11100110111,11
0006.jpg,5,6,11110010010,11
0006.jpg,5,7,00001101101,11
0006.jpg,6,-8,01010010010,11
0006.jpg,6,-7,01011110110,11
0006.jpg,6,-6,11010111001,11
0006.jpg,6,6,11111111001,11
0006.jpg,6,7,11000000111,11
0006.jpg,6,8,00110111111,11
0006.jpg,7,-7,00001101111,11
0006.jpg,7,-6,01010111101,11
0006.jpg,7,-5,11100100011,11
0006.jpg,7,6,11111110101,11
0006.jpg,7,7,11010101100,11
0006.jpg,7,8,01010111100,11
0006.jpg,12,-1,01010010011,11
0006.jpg,0,-19,000010011000,12
0006.jpg,0,-18,101000011100,12
0006.jpg,0,108,110000001100,12
0006.jpg,0,109,101101000101,12
0006.jpg,0,110,000010011001,12
0006.jpg,1,4,111110010000,12
0006.jpg,2,-6,000000000010,12
0006.jpg,2,-5,010111111011,12
0006.jpg,2,5,111001111000,12
0006.jpg,2,6,101101111001,12
0006.jpg,2,7,010111101111,12
0006.jpg,3,-9,000000000000,12
0006.jpg,3,-8,111011001110,12
0006.jpg,3,-7,111111011000,12
0006.jpg,3,7,111111111001,12
0006.jpg,3,8,111011011110,12
0006.jpg,3,9,110000001001,12
0006.jpg,4,-9,010101001110,12
0006.jpg,4,-8,111001001001,12
0006.jpg,4,-7,111111011001,12
0006.jpg,4,8,010111111010,12
0006.jpg,4,9,101000011001,12
0006.jpg,4,11,010101001111,12
0006.jpg,5,-10,010111111100,12
0006.jpg,5,-9,101101000100,12
0006.jpg,5,8,111100111010,12
0006.jpg,5,9,111001001000,12
0006.jpg,5,10,010100011110,12
0006.jpg,5,11,010111101110,12
0006.jpg,6,-10,111111000011,12
0006.jpg,6,-9,111011001111,12
0006.jpg,6,9,111001011110,12
0006.jpg,6,11,110001001001,12
0006.jpg,6,12,000000000001,12
0006.jpg,7,-10,101000011101,12
0006.jpg,7,-9,110100010000,12
0006.jpg,7,-8,111001001010,12
0006.jpg,7,9,110000001000,12
0006.jpg,7,10,001101111101,12
0006.jpg,7,11,000000000011,12
0006.jpg,9,-1,111111011010,12
0006.jpg,9,1,111001011111,12
0006.jpg,12,1,111111011111,12
0006.jpg,16,1,010100011111,12
0006.jpg,0,-23,0000100110100,13
0006.jpg,0,-21,0000100110110,13
0006.jpg,0,-20,1100000011010,13
0006.jpg,0,111,1110011111000,13
0006.jpg,0,113,0000100110111,13
0006.jpg,1,-7,0011110100000,13
0006.jpg,1,-5,1111111110001,13
0006.jpg,1,5,1011010010001,13
0006.jpg,1,6,1011010010000,13
0006.jpg,1,7,1011010001101,13
0006.jpg,2,-8,0011110100111,13
0006.jpg,2,-7,1110011110100,13
0006.jpg,2,8,1100010010000,13
0006.jpg,2,9,0101010100001,13
0006.jpg,2,12,0011110100110,13
0006.jpg,3,-12,0000000010001,13
0006.jpg,3,-11,0011110110000,13
0006.jpg,3,-10,1110011110110,13
0006.jpg,3,10,1110010010111,13
0006.jpg,3,11,1011010001110,13
0006.jpg,3,13,0101111111011,13
0006.jpg,4,-15,0101010100000,13
0006.jpg,4,-14,0000100111011,13
0006.jpg,4,-12,1011010001111,13
0006.jpg,4,-11,1111110110111,13
0006.jpg,4,-10,1110010010110,13
0006.jpg,4,10,1111110110110,13
0006.jpg,4,12,1111110111100,13
0006.jpg,4,14,0011110100101,13
0006.jpg,5,-15,0000100110101,13
0006.jpg,5,-14,0011110100001,13
0006.jpg,5,-13,0011110100010,13
0006.jpg,5,-12,0011110100100,13
0006.jpg,5,-11,1111001110111,13
0006.jpg,5,12,1101000100011,13
0006.jpg,5,13,1110110111110,13
0006.jpg,5,14,0000000010010,13
0006.jpg,5,15,0000100111001,13
0006.jpg,5,16,0011110110010,13
0006.jpg,6,-14,1100010010001,13
0006.jpg,6,-13,0011110100011,13
0006.jpg,6,-12,1011010001100,13
0006.jpg,6,-11,1110011110010,13
0006.jpg,6,10,1110011110101,13
0006.jpg,6,13,1100000011011,13
0006.jpg,6,14,1110011110011,13
0006.jpg,6,16,0000100111000,13
0006.jpg,7,-13,0101010100010,13
0006.jpg,7,-12,1101000100010,13
0006.jpg,7,-11,1111110111101,13
0006.jpg,7,12,1111001110110,13
0006.jpg,7,14,0000100111010,13
0006.jpg,8,-2,1110011111001,13
0006.jpg,8,2,1101000100100,13
0006.jpg,11,-1,0011110110001,13
0006.jpg,11,1,1110011110111,13
0006.jpg,15,2,0000000010011,13
0006.jpg,16,-1,1110110111111,13
0006.jpg,21,-1,0101111111010,13
0006.jpg,21,1,0000000010000,13
0006.jpg,22,-1,0101010100011,13
0006.jpg,22,1,0011110110011,13
0006.jpg,23,-1,0101010100100,13
0006.jpg,23,1,1010000110000,13
0006.jpg,0,-28,00001101100000,14
0006.jpg,0,-27,11111001000111,14
0006.jpg,0,-26,11100111110101,14
0006.jpg,0,-25,11111001000110,14
0006.jpg,0,-24,11100111110110,14
0006.jpg,0,-22,11100111111100,14
0006.jpg,0,114,00001001111101,14
0006.jpg,0,116,00001001111111,14
0006.jpg,0,118,01010101010011,14
0006.jpg,0,119,00001101100001,14
0006.jpg,0,122,10110100101110,14
0006.jpg,1,-8,10100001100011,14
0006.jpg,1,-6,11010001001101,14
0006.jpg,1,8,11010001001010,14
0006.jpg,2,-13,01010101001010,14
0006.jpg,2,-12,10110100100101,14
0006.jpg,2,-11,00001001111001,14
0006.jpg,2,-10,01010101001100,14
0006.jpg,2,-9,11100111110100,14
0006.jpg,2,11,10110100100110,14
0006.jpg,2,13,01010101010000,14
0006.jpg,2,15,00001001111110,14
0006.jpg,3,-17,11100111111011,14
0006.jpg,3,-16,11010001010000,14
0006.jpg,3,-14,11010001001110,14
0006.jpg,3,-13,11010001001011,14
0006.jpg,3,12,11100111111000,14
0006.jpg,3,14,11010001001100,14
0006.jpg,3,16,01010101010010,14
0006.jpg,3,17,01010101001111,14
0006.jpg,3,19,11010001001111,14
0006.jpg,4,-24,00110111110000,14
0006.jpg,4,-23,00110111110010,14
0006.jpg,4,-20,00001001111100,14
0006.jpg,4,-19,00110111110001,14
0006.jpg,4,-18,10110100101000,14
0006.jpg,4,-17,11100111111101,14
0006.jpg,4,-16,10110100101011,14
0006.jpg,4,-13,11100111110111,14
0006.jpg,4,13,10110100100111,14
0006.jpg,4,15,10110100101111,14
0006.jpg,4,17,10110111100000,14
0006.jpg,4,18,10110100101001,14
0006.jpg,4,19,00001101100110,14
0006.jpg,4,21,10110100101010,14
0006.jpg,5,-18,11111001000101,14
0006.jpg,5,-17,11010001010001,14
0006.jpg,5,-16,10110111100001,14
0006.jpg,5,17,01010101001011,14
0006.jpg,5,18,00001001111000,14
0006.jpg,5,19,01010101001101,14
0006.jpg,5,20,00001101100111,14
0006.jpg,6,-19,11100111111001,14
0006.jpg,6,-17,00001101100101,14
0006.jpg,6,-16,00001001111010,14
0006.jpg,6,-15,11111111100001,14
0006.jpg,6,15,11100111111110,14
0006.jpg,6,17,01010101010100,14
0006.jpg,6,18,01010101001110,14
0006.jpg,6,19,10110100101101,14
0006.jpg,6,20,11010001010010,14
0006.jpg,6,22,11010001010011,14
0006.jpg,7,-24,10110111100010,14
0006.jpg,7,-21,01010101010110,14
0006.jpg,7,-18,00001101100011,14
0006.jpg,7,-17,10110100100100,14
0006.jpg,7,-16,01010101010001,14
0006.jpg,7,13,11100111111010,14
0006.jpg,7,15,11111001001000,14
0006.jpg,7,16,00001101100100,14
0006.jpg,7,17,01010101010111,14
0006.jpg,10,1,11111001000100,14
0006.jpg,13,2,10110100101100,14
0006.jpg,14,-2,01010101010101,14
0006.jpg,15,-2,00001101100010,14
0006.jpg,20,1,00001001111011,14
0006.jpg,0,-38,010101010111000,15
0006.jpg,0,-35,110100010101111,15
0006.jpg,0,-32,110100010110010,15
0006.jpg,0,-31,010101010111110,15
0006.jpg,0,-30,010101010111111,15
0006.jpg,0,-29,110100010110110,15
0006.jpg,0,112,111110010011001,15
0006.jpg,0,115,010101010110011,15
0006.jpg,0,121,010101010111010,15
0006.jpg,1,-9,111110010010101,15
0006.jpg,1,9,101101111000111,15
0006.jpg,1,10,010101010110010,15
0006.jpg,1,11,110100010101101,15
0006.jpg,1,14,010101010110100,15
0006.jpg,1,15,110100010101100,15
0006.jpg,2,-15,111110010010010,15
0006.jpg,2,-14,010101010110001,15
0006.jpg,2,10,111110010010111,15
0006.jpg,2,17,010101010110101,15
0006.jpg,3,-24,110100010110001,15
0006.jpg,3,-19,010101010111011,15
0006.jpg,3,-18,110100010111001,15
0006.jpg,3,-15,111110010010110,15
0006.jpg,3,15,111110010100101,15
0006.jpg,3,18,110100010110011,15
0006.jpg,3,20,111110010011011,15
0006.jpg,3,23,111110010011010,15
0006.jpg,4,-25,010101010111101,15
0006.jpg,4,-22,110100010111000,15
0006.jpg,4,-21,010101011001011,15
0006.jpg,4,16,111110010100000,15
0006.jpg,4,20,111110010100011,15
0006.jpg,4,22,111110010011100,15
0006.jpg,4,23,010101010110111,15
0006.jpg,4,25,010101010110110,15
0006.jpg,4,26,110100010101110,15
0006.jpg,5,-33,110100010111110,15
0006.jpg,5,-32,010101011001000,15
0006.jpg,5,-31,010101011000111,15
0006.jpg,5,-30,010101010111100,15
0006.jpg,5,-26,010101011001010,15
0006.jpg,5,-21,110100010111010,15
0006.jpg,5,-20,111110010010100,15
0006.jpg,5,-19,110100010110100,15
0006.jpg,5,21,110100010110101,15
0006.jpg,5,23,111110010100100,15
0006.jpg,5,26,110100010101000,15
0006.jpg,5,31,010101011000110,15
0006.jpg,6,-33,010101011000011,15
0006.jpg,6,-31,010101011000100,15
0006.jpg,6,-29,010101011000010,15
0006.jpg,6,-28,010101011001001,15
0006.jpg,6,-26,010101011000101,15
0006.jpg,6,-21,110100010110000,15
0006.jpg,6,-20,110100010111011,15
0006.jpg,6,-18,111110010010011,15
0006.jpg,6,21,001101111100111,15
0006.jpg,6,23,111110010100110,15
0006.jpg,6,24,110100010111111,15
0006.jpg,7,-25,111110010100111,15
0006.jpg,7,-23,110100010101001,15
0006.jpg,7,-22,111110010100001,15
0006.jpg,7,-20,111110010011101,15
0006.jpg,7,-19,010101011001100,15
0006.jpg,7,-15,111110010011111,15
0006.jpg,7,-14,111110010011110,15
0006.jpg,7,18,111001111111111,15
0006.jpg,7,19,110100010111100,15
0006.jpg,7,20,110100010111101,15
0006.jpg,7,21,010101011000001,15
0006.jpg,10,-1,111110010011000,15
0006.jpg,12,-2,110100010101011,15
0006.jpg,13,-2,111110010100010,15
0006.jpg,14,2,010101011000000,15
0006.jpg,15,3,110100010110111,15
0006.jpg,17,1,010101010110000,15
0006.jpg,20,-1,110100010101010,15
0006.jpg,29,-1,010101010111001,15
0006.jpg,0,-40,0101010110011010,16
0006.jpg,0,117,1111100101011100,16
0006.jpg,0,120,0101010110101011,16
0006.jpg,0,123,1111100101010101,16
0006.jpg,0,124,0101010110100001,16
0006.jpg,0,125,0101010110100000,16
0006.jpg,1,-16,0101010110011100,16
0006.jpg,1,-14,0101010110011111,16
0006.jpg,1,-12,1111100101011101,16
0006.jpg,1,-10,1111100101011110,16
0006.jpg,2,-30,0101010110110111,16
0006.jpg,2,-27,0011011111001101,16
0006.jpg,2,-22,1110011111111101,16
0006.jpg,2,-21,0101010110100110,16
0006.jpg,2,-17,1111100101010010,16
0006.jpg,2,-16,1111100101010000,16
0006.jpg,2,14,1111100101010001,16
0006.jpg,2,19,1111100101011001,16
0006.jpg,2,21,0101010110100100,16
0006.jpg,2,23,1111100101010100,16
0006.jpg,2,26,0101010110011110,16
0006.jpg,2,30,0101010110101101,16
0006.jpg,3,-40,0101010110110100,16
0006.jpg,3,-30,0101010110011011,16
0006.jpg,3,-27,0101010110101000,16
0006.jpg,3,-25,1111110000100110,16
0006.jpg,3,-22,1111100101010011,16
0006.jpg,3,-21,0101010110110000,16
0006.jpg,3,-20,1111110000101111,16
0006.jpg,3,21,0101010110011101,16
0006.jpg,3,24,1111110000100101,16
0006.jpg,3,25,0101010110111100,16
0006.jpg,3,26,0101010111000000,16
0006.jpg,3,27,0101010110101100,16
0006.jpg,4,-38,0101010110110011,16
0006.jpg,4,-36,1111110000100100,16
0006.jpg,4,-35,1111100101011010,16
0006.jpg,4,-34,0101010110110101,16
0006.jpg,4,-33,0101010110111101,16
0006.jpg,4,-31,1111111110000011,16
0006.jpg,4,-27,0101010111000110,16
0006.jpg,4,24,1111100101010110,16
0006.jpg,4,37,0101010110100011,16
0006.jpg,4,43,0101010110101110,16
0006.jpg,5,-38,0101010110111110,16
0006.jpg,5,-34,1111110000100111,16
0006.jpg,5,-29,1111110000101010,16
0006.jpg,5,-25,1111110000101011,16
0006.jpg,5,-23,1111110000101100,16
0006.jpg,5,-22,1111110000100000,16
0006.jpg,5,22,1111100101011000,16
0006.jpg,5,24,1111110000101001,16
0006.jpg,5,27,1111100101010111,16
0006.jpg,5,28,1111111110000010,16
0006.jpg,5,29,0101010111000101,16
0006.jpg,5,32,0101010110110001,16
0006.jpg,5,39,0101010110100010,16
0006.jpg,6,-37,0101010111000010,16
0006.jpg,6,-36,1111110000101110,16
0006.jpg,6,-35,0101010110111010,16
0006.jpg,6,-32,0101010111001000,16
0006.jpg,6,-30,1111110000100010,16
0006.jpg,6,-27,1111111110000000,16
0006.jpg,6,-24,1111110000100011,16
0006.jpg,6,-23,0101010110111001,16
0006.jpg,6,25,1111110000101000,16
0006.jpg,6,26,0101010110110010,16
0006.jpg,6,27,0101010111001010,16
0006.jpg,6,30,0101010110111111,16
0006.jpg,6,34,0101010111001001,16
0006.jpg,7,-29,0101010111001100,16
0006.jpg,7,-28,0101010110101111,16
0006.jpg,7,-27,1111110000101101,16
0006.jpg,7,-26,0011011111001100,16
0006.jpg,7,24,0101010111001011,16
0006.jpg,7,26,0101010111001101,16
0006.jpg,7,30,0101010110111000,16
0006.jpg,8,-3,1111111110000001,16
0006.jpg,8,3,0101010110100111,16
0006.jpg,11,-2,0101010110100101,16
0006.jpg,11,2,0101010110101010,16
0006.jpg,12,2,1111100101011011,16
0006.jpg,13,-5,0101010110111011,16
0006.jpg,14,3,0101010111000100,16
0006.jpg,15,-3,0101010111000001,16
0006.jpg,17,-1,1111110000100001,16
0006.jpg,18,-1,0101010110101001,16
0006.jpg,18,1,1111100101011111,16
0006.jpg,28,1,0101010111000111,16
0006.jpg,29,1,0101010110110110,16
0006.jpg,31,1,0101010111000011,16
0006.jpg,0,-46,01010101111011001,17
0006.jpg,0,-42,01010101111111001,17
0006.jpg,0,-39,01010101111111010,17
0006.jpg,0,-36,01010101111110111,17
0006.jpg,0,-34,01010101110110011,17
0006.jpg,0,-33,01010101110011101,17
0006.jpg,1,-23,01010101111001010,17
0006.jpg,1,-19,01010101111110101,17
0006.jpg,1,-17,01010101110011100,17
0006.jpg,1,-15,01010101111101011,17
0006.jpg,1,-11,01010101111100011,17
0006.jpg,1,12,01010101110100111,17
0006.jpg,1,13,01010101111110001,17
0006.jpg,1,17,01010101111100100,17
0006.jpg,1,19,01010101110111011,17
0006.jpg,1,21,01010101110110000,17
0006.jpg,2,-39,01010101111011000,17
0006.jpg,2,-36,01010101111101001,17
0006.jpg,2,-35,01010101111010001,17
0006.jpg,2,-31,01010101111110011,17
0006.jpg,2,-25,01010101111001011,17
0006.jpg,2,-20,01010101111011010,17
0006.jpg,2,-19,01010101111100101,17
0006.jpg,2,16,01010101110110110,17
0006.jpg,2,18,01010101110101110,17
0006.jpg,2,20,01010101110111010,17
0006.jpg,2,22,01010101110110101,17
0006.jpg,2,24,01010101111101000,17
0006.jpg,2,27,01010101111000000,17
0006.jpg,2,28,01010101110011111,17
0006.jpg,2,33,01010101111011011,17
0006.jpg,2,34,01010101111000101,17
0006.jpg,2,35,01010101111111011,17
0006.jpg,3,-36,01010101111110000,17
0006.jpg,3,-35,01010101111110010,17
0006.jpg,3,-33,10100001100010001,17
0006.jpg,3,-29,10100001100010111,17
0006.jpg,3,-28,01010101111110100,17
0006.jpg,3,-26,01010101110110010,17
0006.jpg,3,-23,01010101111100010,17
0006.jpg,3,22,10100001100010011,17
0006.jpg,3,28,01010101110011110,17
0006.jpg,3,29,01010101111011101,17
0006.jpg,3,30,01010101110101101,17
0006.jpg,3,31,01010101111000110,17
0006.jpg,3,32,01010101110100000,17
0006.jpg,3,33,01010101111100000,17
0006.jpg,3,34,01010101111111101,17
0006.jpg,3,35,01010101111000100,17
0006.jpg,4,-48,01010101111000010,17
0006.jpg,4,-46,01010101110111100,17
0006.jpg,4,-44,01010101111011110,17
0006.jpg,4,-41,01010101110111000,17
0006.jpg,4,-37,01010101111010000,17
0006.jpg,4,-30,01010101111101010,17
0006.jpg,4,-29,01010101111001100,17
0006.jpg,4,-26,10100001100010100,17
0006.jpg,4,29,01010101111001000,17
0006.jpg,4,31,01010101111001001,17
0006.jpg,4,33,01010101111011100,17
0006.jpg,4,35,10100001100010110,17
0006.jpg,4,36,10110111100011011,17
0006.jpg,4,38,10100001100010101,17
0006.jpg,4,39,10100001100010010,17
0006.jpg,4,40,01010101111100001,17
0006.jpg,4,42,01010101111001110,17
0006.jpg,4,46,01010101110111101,17
0006.jpg,4,50,01010101111001111,17
0006.jpg,5,-49,01010101111010100,17
0006.jpg,5,-45,01010101111010011,17
0006.jpg,5,-42,01010101111010111,17
0006.jpg,5,-40,01010101111000111,17
0006.jpg,5,-36,01010101111100111,17
0006.jpg,5,-35,01010101111100110,17
0006.jpg,5,-27,01010101111101100,17
0006.jpg,5,-24,01010101111011111,17
0006.jpg,5,25,11100111111111001,17
0006.jpg,5,33,11100111111111000,17
0006.jpg,5,38,01010101111000011,17
0006.jpg,5,40,01010101110100010,17
0006.jpg,6,-48,01010101111010110,17
0006.jpg,6,-22,10110111100011001,17
0006.jpg,6,29,01010101110111110,17
0006.jpg,6,31,01010101110100110,17
0006.jpg,6,32,10100001100010000,17
0006.jpg,6,33,01010101110101100,17
0006.jpg,6,37,01010101111001101,17
0006.jpg,6,38,01010101110100100,17
0006.jpg,6,47,01010101111111100,17
0006.jpg,7,-49,01010101111010101,17
0006.jpg,7,-43,01010101111010010,17
0006.jpg,7,-38,01010101111101110,17
0006.jpg,7,-36,01010101111101101,17
0006.jpg,7,22,01010101111111000,17
0006.jpg,7,25,01010101111110110,17
0006.jpg,7,34,01010101110100101,17
0006.jpg,7,39,01010101110100001,17
0006.jpg,7,40,01010101110100011,17
0006.jpg,8,-4,10110111100011010,17
0006.jpg,9,-2,01010101110101000,17
0006.jpg,9,2,01010101110110001,17
0006.jpg,10,-2,01010101110110100,17
0006.jpg,10,2,10110111100011000,17
0006.jpg,11,-3,01010101110111111,17
0006.jpg,13,-3,01010101111000001,17
0006.jpg,14,-4,01010101111101111,17
0006.jpg,14,4,01010101111111110,17
0006.jpg,15,-10,01010101111111111,17
0006.jpg,19,-1,01010101110101001,17
0006.jpg,24,1,01010101110111001,17
0006.jpg,28,-1,01010101110110111,17
0006.jpg,31,-1,01010101110101111,17
0006.jpg,35,1,01010101110101011,17
0006.jpg,37,-1,01010101110101010,17
0007.jpg,0,-1,100,3
0007.jpg,0,1,011,3
0007.jpg,0,-2,0010,4
0007.jpg,0,2,0001,4
0007.jpg,0,-4,11001,5
0007.jpg,0,-3,11100,5
0007.jpg,0,3,10110,5
0007.jpg,7,-1,00111,5
0007.jpg,7,1,01001,5
0007.jpg,0,-5,111100,6
0007.jpg,0,4,010101,6
0007.jpg,1,-1,110101,6
0007.jpg,1,1,110111,6
0007.jpg,5,-1,000000,6
0007.jpg,5,1,001100,6
0007.jpg,6,-1,101001,6
0007.jpg,6,1,101010,6
0007.jpg,0,-6,1011101,7
0007.jpg,0,0,1100011,7
0007.jpg,0,5,1110110,7
0007.jpg,0,6,0100010,7
0007.jpg,4,-1,1010000,7
0007.jpg,4,1,1011111,7
0007.jpg,7,2,0000100,7
0007.jpg,0,-16,00110111,8
0007.jpg,0,-14,10111000,8
0007.jpg,0,-8,00001111,8
0007.jpg,0,-7,11111001,8
0007.jpg,0,7,11111010,8
0007.jpg,0,8,00110110,8
0007.jpg,0,13,00001100,8
0007.jpg,0,14,01000111,8
0007.jpg,0,15,11010010,8
0007.jpg,0,16,01011011,8
0007.jpg,2,-1,00110100,8
0007.jpg,2,1,00000111,8
0007.jpg,3,-1,10101111,8
0007.jpg,3,1,10111100,8
0007.jpg,4,-2,01011100,8
0007.jpg,4,2,01011001,8
0007.jpg,5,-2,11000101,8
0007.jpg,5,2,10111101,8
0007.jpg,6,-2,11000011,8
0007.jpg,6,2,11011010,8
0007.jpg,7,-2,11101110,8
0007.jpg,0,-15,010110001,9
0007.jpg,0,-13,110000001,9
0007.jpg,0,-12,010001101,9
0007.jpg,0,-11,000010101,9
0007.jpg,0,-10,010000101,9
0007.jpg,0,-9,111010000,9
0007.jpg,0,9,111011110,9
0007.jpg,0,10,110110000,9
0007.jpg,0,11,110100010,9
0007.jpg,0,12,111101110,9
0007.jpg,0,17,111110111,9
0007.jpg,0,18,101000110,9
0007.jpg,0,22,010000001,9
0007.jpg,0,23,010100110,9
0007.jpg,0,24,000001101,9
0007.jpg,0,26,000001000,9
0007.jpg,1,-2,111111100,9
0007.jpg,1,2,111011111,9
0007.jpg,3,-3,010000111,9
0007.jpg,3,-2,111010100,9
0007.jpg,3,2,110100111,9
0007.jpg,3,3,010000000,9
0007.jpg,4,-3,010110000,9
0007.jpg,4,3,101000100,9
0007.jpg,5,-3,010111010,9
0007.jpg,5,3,110000011,9
0007.jpg,6,-3,101011100,9
0007.jpg,6,3,110000000,9
0007.jpg,7,-3,101011010,9
0007.jpg,7,3,111111101,9
0007.jpg,7,4,010100101,9
0007.jpg,8,-1,111010101,9
0007.jpg,8,1,111010111,9
0007.jpg,15,-1,010000011,9
0007.jpg,15,1,101011001,9
0007.jpg,0,-17,1111010100,10
0007.jpg,0,19,1111110001,10
0007.jpg,0,20,1111110011,10
0007.jpg,0,21,1111101101,10
0007.jpg,0,25,1111110111,10
0007.jpg,0,27,1111111111,10
0007.jpg,0,28,1111110010,10
0007.jpg,0,29,1111110000,10
0007.jpg,0,30,1111100001,10
0007.jpg,0,31,1101101111,10
0007.jpg,0,32,1110100100,10
0007.jpg,0,33,1101001100,10
0007.jpg,0,34,1101100101,10
0007.jpg,0,35,0101111110,10
0007.jpg,0,36,1010110110,10
0007.jpg,0,37,1010001111,10
0007.jpg,0,38,1100001001,10
0007.jpg,0,39,1100010000,10
0007.jpg,0,40,1101100110,10
0007.jpg,0,41,1101100111,10
0007.jpg,0,42,1111011011,10
0007.jpg,0,43,1111011000,10
0007.jpg,0,44,1111010011,10
0007.jpg,0,45,1101000010,10
0007.jpg,0,46,0101001110,10
0007.jpg,0,47,0101111011,10
0007.jpg,0,49,0100001001,10
0007.jpg,0,52,0000010111,10
0007.jpg,0,54,0101110111,10
0007.jpg,0,55,0000111011,10
0007.jpg,0,58,0000011000,10
0007.jpg,0,59,0000101111,10
0007.jpg,0,60,0000010110,10
0007.jpg,0,61,0000101001,10
0007.jpg,0,62,0000111010,10
0007.jpg,0,63,0011010111,10
0007.jpg,0,65,0000010101,10
0007.jpg,0,68,0000111001,10
0007.jpg,0,69,0100001100,10
0007.jpg,0,70,1100000100,10
0007.jpg,0,71,0101001000,10
0007.jpg,0,72,1010110001,10
0007.jpg,0,73,1100010011,10
0007.jpg,0,74,1100000101,10
0007.jpg,0,75,1101000110,10
0007.jpg,0,76,1101000000,10
0007.jpg,0,77,0101101001,10
0007.jpg,0,78,1100010001,10
0007.jpg,0,79,0101111101,10
0007.jpg,0,80,1010111011,10
0007.jpg,0,81,0011010110,10
0007.jpg,0,82,1010001011,10
0007.jpg,0,83,1011100111,10
0007.jpg,0,84,1010001110,10
0007.jpg,0,85,0101001001,10
0007.jpg,0,86,0101000011,10
0007.jpg,0,87,1101001101,10
0007.jpg,0,88,0101101000,10
0007.jpg,0,89,0101111010,10
0007.jpg,0,90,0101111100,10
0007.jpg,0,91,0000101000,10
0007.jpg,0,93,0000101110,10
0007.jpg,0,99,0000101101,10
0007.jpg,1,-3,0000110101,10
0007.jpg,1,3,0011010100,10
0007.jpg,2,2,0100000101,10
0007.jpg,3,-4,0101111000,10
0007.jpg,3,4,1110100101,10
0007.jpg,3,5,0000010100,10
0007.jpg,4,-5,0000010011,10
0007.jpg,4,-4,1101101100,10
0007.jpg,4,4,1101100100,10
0007.jpg,4,5,1010001010,10
0007.jpg,5,-5,0100011000,10
0007.jpg,5,-4,1111101100,10
0007.jpg,5,4,1111010001,10
0007.jpg,5,5,0101101011,10
0007.jpg,5,6,0000010010,10
0007.jpg,6,-5,0101000001,10
0007.jpg,6,-4,1111010111,10
0007.jpg,6,4,1110100010,10
0007.jpg,6,5,1011100101,10
0007.jpg,7,-4,1111011001,10
0007.jpg,7,5,1100001010,10
0007.jpg,13,-1,0000110110,10
0007.jpg,13,1,0101111001,10
0007.jpg,14,-1,1100001011,10
0007.jpg,14,1,1101000001,10
0007.jpg,0,48,11111111101,11
0007.jpg,0,50,11110111100,11
0007.jpg,0,51,11111111000,11
0007.jpg,0,53,11110101011,11
0007.jpg,0,56,11110101010,11
0007.jpg,0,57,11111111011,11
0007.jpg,0,64,11111111100,11
0007.jpg,0,66,11110100001,11
0007.jpg,0,67,11110111110,11
0007.jpg,0,92,11000010001,11
0007.jpg,0,94,11101011011,11
0007.jpg,0,95,11101001110,11
0007.jpg,0,96,11101001101,11
0007.jpg,0,97,11110100101,11
0007.jpg,0,98,11111101001,11
0007.jpg,0,100,11111101011,11
0007.jpg,0,101,11110111101,11
0007.jpg,0,102,11011011011,11
0007.jpg,0,103,11111101100,11
0007.jpg,0,104,11101011000,11
0007.jpg,0,105,11011000100,11
0007.jpg,0,106,10101100000,11
0007.jpg,0,107,01010000101,11
0007.jpg,0,108,00001011000,11
0007.jpg,2,-3,01011111111,11
0007.jpg,2,-2,11110110101,11
0007.jpg,2,3,10111001001,11
0007.jpg,3,-7,00000110011,11
0007.jpg,3,-6,11000100100,11
0007.jpg,3,-5,11111101000,11
0007.jpg,3,6,11000100101,11
0007.jpg,3,7,01010000001,11
0007.jpg,4,-6,11011000101,11
0007.jpg,4,6,11101000110,11
0007.jpg,4,7,01010000100,11
0007.jpg,4,8,00001101001,11
0007.jpg,5,-7,01011010100,11
0007.jpg,5,-6,11110100000,11
0007.jpg,5,7,01010011111,11
0007.jpg,5,8,00001011001,11
0007.jpg,6,-8,01011101101,11
0007.jpg,6,-7,00110101010,11
0007.jpg,6,-6,11111000101,11
0007.jpg,6,6,11011011010,11
0007.jpg,6,7,10101100001,11
0007.jpg,6,8,01000011011,11
0007.jpg,6,9,01000110010,11
0007.jpg,7,-7,01011010101,11
0007.jpg,7,-6,10111001100,11
0007.jpg,7,-5,11110101100,11
0007.jpg,7,6,11110101101,11
0007.jpg,12,-1,10101101110,11
0007.jpg,12,1,00000110010,11
0007.jpg,0,-18,010001100111,12
0007.jpg,0,109,010000010011,12
0007.jpg,0,110,010100000000,12
0007.jpg,0,111,001101010110,12
0007.jpg,1,-5,010111011001,12
0007.jpg,1,-4,111010001111,12
0007.jpg,1,4,111110001101,12
0007.jpg,1,5,010100111101,12
0007.jpg,2,-6,010000010010,12
0007.jpg,2,-5,110110111001,12
0007.jpg,2,-4,111101001000,12
0007.jpg,2,4,111010011111,12
0007.jpg,3,-9,010000010001,12
0007.jpg,3,-8,110100011111,12
0007.jpg,3,8,111010110011,12
0007.jpg,3,9,000011100011,12
0007.jpg,4,-11,010000110101,12
0007.jpg,4,-10,010111011000,12
0007.jpg,4,-9,111010110010,12
0007.jpg,4,-8,111110001110,12
0007.jpg,4,-7,111111011011,12
0007.jpg,4,9,010100010001,12
0007.jpg,4,10,010001100110,12
0007.jpg,5,-12,001101010111,12
0007.jpg,5,-9,101110011010,12
0007.jpg,5,-8,110110111000,12
0007.jpg,5,9,101011011110,12
0007.jpg,5,10,101011011111,12
0007.jpg,6,-12,000011010001,12
0007.jpg,6,-10,010100010000,12
0007.jpg,6,-9,111010110101,12
0007.jpg,6,10,110110001100,12
0007.jpg,7,-10,000011010000,12
0007.jpg,7,-9,010100000001,12
0007.jpg,7,-8,110100011110,12
0007.jpg,7,7,111010110100,12
0007.jpg,7,8,101110011011,12
0007.jpg,9,-1,110110111010,12
0007.jpg,9,1,110110111011,12
0007.jpg,0,-22,1010111010010,13
0007.jpg,0,-21,0100001000100,13
0007.jpg,0,-20,1111110101010,13
0007.jpg,0,-19,1110100110000,13
0007.jpg,1,-7,0000110111011,13
0007.jpg,1,-6,1111110110100,13
0007.jpg,1,6,0100000100001,13
0007.jpg,2,-9,0100001000011,13
0007.jpg,2,-8,0101000100110,13
0007.jpg,2,-7,1101100011011,13
0007.jpg,2,5,1111110101001,13
0007.jpg,2,6,1101100011100,13
0007.jpg,2,7,1101100011101,13
0007.jpg,2,8,1110100011101,13
0007.jpg,2,9,0000110111001,13
0007.jpg,2,10,0000110111010,13
0007.jpg,3,-14,0100001000001,13
0007.jpg,3,-12,1101000011000,13
0007.jpg,3,-11,1111011010000,13
0007.jpg,3,-10,1111111100100,13
0007.jpg,3,10,1101100011110,13
0007.jpg,3,11,1100001000001,13
0007.jpg,3,12,1010111010011,13
0007.jpg,3,13,1010111010001,13
0007.jpg,3,15,0100001000010,13
0007.jpg,4,-14,0000110111100,13
0007.jpg,4,11,1111010010010,13
0007.jpg,4,12,1111011111100,13
0007.jpg,4,14,0000110111111,13
0007.jpg,5,-19,0100001101001,13
0007.jpg,5,-18,1100001000011,13
0007.jpg,5,-15,1100001000000,13
0007.jpg,5,-14,0101000100101,13
0007.jpg,5,-13,0101111111001,13
0007.jpg,5,-11,1101100011010,13
0007.jpg,5,-10,1111110101000,13
0007.jpg,5,11,1111111100110,13
0007.jpg,5,12,1111111100101,13
0007.jpg,5,14,1010111010000,13
0007.jpg,6,-19,0000111000001,13
0007.jpg,6,-18,0100001000111,13
0007.jpg,6,-16,1111011010010,13
0007.jpg,6,-15,0000111000000,13
0007.jpg,6,-14,0100001000000,13
0007.jpg,6,-13,1111110110101,13
0007.jpg,6,-11,1111011111101,13
0007.jpg,6,11,1111110101011,13
0007.jpg,6,12,1111100011111,13
0007.jpg,6,13,0101111111000,13
0007.jpg,6,14,0000110111000,13
0007.jpg,6,22,0100001000101,13
0007.jpg,7,-19,0101000100100,13
0007.jpg,7,-14,0000110111110,13
0007.jpg,7,-13,0100001101000,13
0007.jpg,7,-12,1110100110001,13
0007.jpg,7,-11,1111010010011,13
0007.jpg,7,9,1010111010100,13
0007.jpg,7,10,0101111111010,13
0007.jpg,8,-2,0100001000110,13
0007.jpg,8,2,0101000100111,13
0007.jpg,11,1,1101100011111,13
0007.jpg,16,-1,1111011010011,13
0007.jpg,16,1,0000110111101,13
0007.jpg,23,-1,1111011010001,13
0007.jpg,23,1,1100001000010,13
0007.jpg,0,-29,10101110101100,14
0007.jpg,0,-28,10111001000100,14
0007.jpg,0,-27,11101001111000,14
0007.jpg,0,-25,11101000111001,14
0007.jpg,0,-24,01010001011001,14
0007.jpg,0,-23,11110111111110,14
0007.jpg,0,113,01010001010100,14
0007.jpg,0,119,00001110000111,14
0007.jpg,0,122,00001110001000,14
0007.jpg,1,8,00001110000110,14
0007.jpg,2,-11,10101110101101,14
0007.jpg,2,-10,11010000111000,14
0007.jpg,2,11,11010000110100,14
0007.jpg,2,13,00001110000100,14
0007.jpg,2,16,01010001010001,14
0007.jpg,3,-22,10101110101110,14
0007.jpg,3,-16,00001110000101,14
0007.jpg,3,-15,11111111010001,14
0007.jpg,3,-13,11010000110110,14
0007.jpg,3,14,01011111110111,14
0007.jpg,3,17,01010001010011,14
0007.jpg,3,18,01010001010010,14
0007.jpg,4,-19,01010001011010,14
0007.jpg,4,-16,11110111111100,14
0007.jpg,4,-15,10101110101111,14
0007.jpg,4,-13,10101110101011,14
0007.jpg,4,-12,11111111001111,14
0007.jpg,4,13,11010000111011,14
0007.jpg,4,16,11101001111010,14
0007.jpg,4,17,10111001000000,14
0007.jpg,4,18,11111000000010,14
0007.jpg,4,23,10111001000001,14
0007.jpg,5,-20,11101001111001,14
0007.jpg,5,-17,11010000110111,14
0007.jpg,5,-16,11111111001110,14
0007.jpg,5,13,11111000000100,14
0007.jpg,5,15,11111111010100,14
0007.jpg,5,16,11111111010011,14
0007.jpg,5,18,11111000000011,14
0007.jpg,5,20,00001110001010,14
0007.jpg,5,22,11101001100101,14
0007.jpg,5,23,01010001010000,14
0007.jpg,5,24,01000001000000,14
0007.jpg,6,-17,11111000000110,14
0007.jpg,6,15,11111111010000,14
0007.jpg,6,16,01010001010111,14
0007.jpg,6,17,10111001000101,14
0007.jpg,6,19,11111000000101,14
0007.jpg,6,20,11010000110011,14
0007.jpg,6,21,01010001010101,14
0007.jpg,6,23,11010000111001,14
0007.jpg,7,-22,11111111010110,14
0007.jpg,7,-20,11111000000111,14
0007.jpg,7,-18,10111001000110,14
0007.jpg,7,-17,01010001011100,14
0007.jpg,7,-16,01010001011000,14
0007.jpg,7,-15,10111001000010,14
0007.jpg,7,11,11010000111100,14
0007.jpg,7,12,11111111010101,14
0007.jpg,7,13,11111000000001,14
0007.jpg,7,14,10101110101010,14
0007.jpg,7,15,00001110001011,14
0007.jpg,7,19,11101001100100,14
0007.jpg,7,20,10111001000011,14
0007.jpg,7,21,01010001011011,14
0007.jpg,7,22,10111001000111,14
0007.jpg,7,24,00001110001001,14
0007.jpg,10,-1,11010000110101,14
0007.jpg,11,-1,11110111111111,14
0007.jpg,13,-2,11010000110010,14
0007.jpg,14,-2,01010001010110,14
0007.jpg,15,-2,11010000111010,14
0007.jpg,15,2,11111000000000,14
0007.jpg,21,-1,11101001100111,14
0007.jpg,21,1,11111111010010,14
0007.jpg,22,-1,11110111111101,14
0007.jpg,22,1,11101001100110,14
0007.jpg,0,-34,010100011001101,15
0007.jpg,0,-31,111110000011101,15
0007.jpg,0,-30,110100011100101,15
0007.jpg,0,-26,111110000010010,15
0007.jpg,0,112,111110000010110,15
0007.jpg,0,114,111110000011011,15
0007.jpg,0,116,111110000010101,15
0007.jpg,0,117,110100011100010,15
0007.jpg,0,120,111110000010111,15
0007.jpg,0,121,010100011001001,15
0007.jpg,0,123,110100001111111,15
0007.jpg,0,124,110100011100000,15
0007.jpg,1,-11,110100011101110,15
0007.jpg,1,-9,010100011001011,15
0007.jpg,1,7,111111110101111,15
0007.jpg,1,10,010100011001000,15
0007.jpg,2,-15,010100010111100,15
0007.jpg,2,-14,010000010000011,15
0007.jpg,2,-13,110100001111010,15
0007.jpg,2,-12,010100011000001,15
0007.jpg,2,12,110100011101001,15
0007.jpg,2,14,010100010111110,15
0007.jpg,2,22,110100001111110,15
0007.jpg,2,29,010100011000010,15
0007.jpg,3,-25,110100001111011,15
0007.jpg,3,-23,111110000010100,15
0007.jpg,3,-20,010100010111111,15
0007.jpg,3,-18,010100010111101,15
0007.jpg,3,-17,111110000010011,15
0007.jpg,3,16,110100011100001,15
0007.jpg,3,19,110100011100100,15
0007.jpg,3,20,010100011000011,15
0007.jpg,3,21,110100001111101,15
0007.jpg,3,22,010100011000111,15
0007.jpg,3,26,010100011000100,15
0007.jpg,4,-31,010100011001111,15
0007.jpg,4,-27,010100011001110,15
0007.jpg,4,-26,010100010111011,15
0007.jpg,4,-25,110100011100111,15
0007.jpg,4,-24,111110001000110,15
0007.jpg,4,-23,111110001000100,15
0007.jpg,4,-21,110100001111100,15
0007.jpg,4,-20,111110000010001,15
0007.jpg,4,-18,111110001000111,15
0007.jpg,4,-17,111110000011110,15
0007.jpg,4,15,111110000011001,15
0007.jpg,4,19,111110000011010,15
0007.jpg,4,25,010100011000000,15
0007.jpg,4,27,010100011000110,15
0007.jpg,4,31,111110001000011,15
0007.jpg,5,-31,110100011101010,15
0007.jpg,5,-25,110100011101100,15
0007.jpg,5,-24,111110001000000,15
0007.jpg,5,-23,110100011101011,15
0007.jpg,5,-22,110100011100110,15
0007.jpg,5,-21,111110001000001,15
0007.jpg,5,17,010100011010001,15
0007.jpg,5,19,010100010111010,15
0007.jpg,5,21,111110000011111,15
0007.jpg,5,25,010100011010000,15
0007.jpg,5,27,010100011001100,15
0007.jpg,6,-30,010100011010010,15
0007.jpg,6,-22,111110001000010,15
0007.jpg,6,-21,111110000011100,15
0007.jpg,6,-20,010100011010100,15
0007.jpg,6,18,111110000010000,15
0007.jpg,6,24,111110001000101,15
0007.jpg,6,26,010100011010011,15
0007.jpg,6,27,111010001110000,15
0007.jpg,7,-24,110100011101101,15
0007.jpg,7,-23,111010001110001,15
0007.jpg,7,-21,110100011101111,15
0007.jpg,7,16,111010011110111,15
0007.jpg,7,17,010100011000101,15
0007.jpg,7,23,111110001001000,15
0007.jpg,10,1,111110000011000,15
0007.jpg,11,-2,010100011001010,15
0007.jpg,14,3,110100011101000,15
0007.jpg,20,1,110100011100011,15
0007.jpg,0,-38,0101000110111101,16
0007.jpg,0,-37,1111100011000010,16
0007.jpg,0,-35,1111100011001111,16
0007.jpg,0,-33,0101000111001010,16
0007.jpg,0,-32,1111100011110111,16
0007.jpg,0,115,0101000110110101,16
0007.jpg,0,118,0101000110110110,16
0007.jpg,1,-26,0101000110111110,16
0007.jpg,1,-17,1111100010010011,16
0007.jpg,1,-13,0101000110101100,16
0007.jpg,1,-12,1111100010010101,16
0007.jpg,1,-10,0101000110111000,16
0007.jpg,1,-8,1111100010011000,16
0007.jpg,1,9,1111100011000100,16
0007.jpg,1,11,1111100010011100,16
0007.jpg,1,14,0100000100000101,16
0007.jpg,2,-31,0101000111001100,16
0007.jpg,2,-26,0101000110101011,16
0007.jpg,2,-19,1111100010011111,16
0007.jpg,2,-17,0101000110101111,16
0007.jpg,2,15,1111100010011001,16
0007.jpg,2,18,1111100011001000,16
0007.jpg,2,19,0101000111000010,16
0007.jpg,3,-28,0101000111000000,16
0007.jpg,3,-27,0101000111000001,16
0007.jpg,3,-26,1111100011000011,16
0007.jpg,3,-24,1111100011001100,16
0007.jpg,3,-19,1111100010010110,16
0007.jpg,3,23,1111100011001010,16
0007.jpg,3,24,1111100010011011,16
0007.jpg,3,30,0101000110101101,16
0007.jpg,3,42,0101000110111100,16
0007.jpg,4,-39,0101000111001101,16
0007.jpg,4,-38,1111100011110011,16
0007.jpg,4,-36,0101000111000110,16
0007.jpg,4,-33,0101000110111111,16
0007.jpg,4,-32,1111100011001001,16
0007.jpg,4,-30,0101000111010010,16
0007.jpg,4,-28,1111100011000111,16
0007.jpg,4,20,1111100011000101,16
0007.jpg,4,21,0101000110110000,16
0007.jpg,4,22,1111100010011110,16
0007.jpg,4,24,1111100010011010,16
0007.jpg,4,26,1111100010010111,16
0007.jpg,4,29,0101000111001111,16
0007.jpg,4,34,0101000110110010,16
0007.jpg,5,-39,0101000111001001,16
0007.jpg,5,-36,0101000111000100,16
0007.jpg,5,-35,0101000110111001,16
0007.jpg,5,-32,1111100011001101,16
0007.jpg,5,-28,0101000111001000,16
0007.jpg,5,-27,1111100011110010,16
0007.jpg,5,26,0101000110101110,16
0007.jpg,5,28,0101000111010011,16
0007.jpg,5,31,1111111101011100,16
0007.jpg,5,33,1111100010011101,16
0007.jpg,5,37,0101000110111011,16
0007.jpg,5,43,0101000110111010,16
0007.jpg,6,-36,0101000111000101,16
0007.jpg,6,-35,0101000110110111,16
0007.jpg,6,-34,1111100011001011,16
0007.jpg,6,-29,1111100011110110,16
0007.jpg,6,-24,1111100011110000,16
0007.jpg,6,-23,1111100011110001,16
0007.jpg,6,28,0101000111001110,16
0007.jpg,6,29,0101000111000011,16
0007.jpg,7,18,1111100011110100,16
0007.jpg,7,27,1111100011110101,16
0007.jpg,8,-3,0101000111010001,16
0007.jpg,8,3,1111100011000000,16
0007.jpg,8,4,0100000100000100,16
0007.jpg,11,2,0101000110101010,16
0007.jpg,12,-2,1110100111101101,16
0007.jpg,12,2,1111100010010100,16
0007.jpg,12,3,1111100010010010,16
0007.jpg,13,-3,0101000110110011,16
0007.jpg,13,2,1111100011000110,16
0007.jpg,13,3,1111100011001110,16
0007.jpg,14,2,0101000111010000,16
0007.jpg,15,-3,1111111101011101,16
0007.jpg,15,3,0101000111000111,16
0007.jpg,15,4,0101000110110001,16
0007.jpg,15,5,0101000111010101,16
0007.jpg,19,-1,0101000110110100,16
0007.jpg,19,1,1111100011000001,16
0007.jpg,29,1,0101000111010100,16
0007.jpg,30,1,0101000111001011,16
0007.jpg,0,-46,01010001111011011,17
0007.jpg,0,-44,01010001110110010,17
0007.jpg,0,-43,01010011110001110,17
0007.jpg,0,-40,01010001111011111,17
0007.jpg,0,-36,01010001111101000,17
0007.jpg,0,125,01010001110110111,17
0007.jpg,0,126,01010001110110101,17
0007.jpg,1,-20,01010001111011000,17
0007.jpg,1,-19,01010001111010001,17
0007.jpg,1,-16,01010001110110011,17
0007.jpg,1,-15,01010001110110001,17
0007.jpg,1,12,01010011110000100,17
0007.jpg,1,15,01010001111000100,17
0007.jpg,1,16,01010001110101101,17
0007.jpg,1,17,01010001110101100,17
0007.jpg,1,19,01010011110010000,17
0007.jpg,2,-33,01010001111111100,17
0007.jpg,2,-23,01010001111011101,17
0007.jpg,2,-20,01010001110110000,17
0007.jpg,2,-18,01010001110101111,17
0007.jpg,2,-16,01010001111001111,17
0007.jpg,2,20,01010011110011000,17
0007.jpg,2,21,01010001110111111,17
0007.jpg,2,24,01010001111110100,17
0007.jpg,2,26,01010001110110110,17
0007.jpg,2,28,01010001110111100,17
0007.jpg,2,30,01010001111111101,17
0007.jpg,2,32,01010011110000010,17
0007.jpg,3,-53,01010001111010110,17
0007.jpg,3,-46,01010001111001001,17
0007.jpg,3,-44,01010001111101011,17
0007.jpg,3,-40,01010001111000101,17
0007.jpg,3,-37,01010011110010100,17
0007.jpg,3,-33,01011111110110101,17
0007.jpg,3,-32,01010001111011100,17
0007.jpg,3,-30,01010001111111000,17
0007.jpg,3,-29,01010001111111010,17
0007.jpg,3,-21,01010001111100010,17
0007.jpg,3,27,01010001111100000,17
0007.jpg,3,28,01010001110110100,17
0007.jpg,3,31,01010001111001000,17
0007.jpg,3,32,01010001111111111,17
0007.jpg,3,41,01010001111001100,17
0007.jpg,4,-44,01010001111000011,17
0007.jpg,4,-41,01010001111000010,17
0007.jpg,4,-37,01010011110010101,17
0007.jpg,4,-35,01010011110000001,17
0007.jpg,4,-34,01010011110011010,17
0007.jpg,4,-22,01010001111110101,17
0007.jpg,4,28,01010001111111110,17
0007.jpg,4,30,01010001111011010,17
0007.jpg,4,33,01010001111001011,17
0007.jpg,4,35,01010001111001010,17
0007.jpg,4,36,01011111110110011,17
0007.jpg,4,39,01010001110111010,17
0007.jpg,5,-53,01010011110001000,17
0007.jpg,5,-47,01010001111101010,17
0007.jpg,5,-45,01010011110000111,17
0007.jpg,5,-44,01010001111110110,17
0007.jpg,5,-43,01010001111110111,17
0007.jpg,5,-42,01010001111101001,17
0007.jpg,5,-40,01010011110001001,17
0007.jpg,5,-37,01010001111101101,17
0007.jpg,5,-34,01010001111010010,17
0007.jpg,5,-30,01011111110110110,17
0007.jpg,5,-29,01010001111010101,17
0007.jpg,5,-26,01010001111100110,17
0007.jpg,5,29,11101001111011001,17
0007.jpg,5,32,01010011110011001,17
0007.jpg,5,34,01010001111000110,17
0007.jpg,5,35,01010001110111001,17
0007.jpg,5,38,01010001111101111,17
0007.jpg,5,40,01010001111110010,17
0007.jpg,5,41,01010001111110001,17
0007.jpg,5,44,01010001111110011,17
0007.jpg,6,-39,01010001111101100,17
0007.jpg,6,-37,01010001111100101,17
0007.jpg,6,-33,01010001111111011,17
0007.jpg,6,-32,01011111110110010,17
0007.jpg,6,-31,01010001111100100,17
0007.jpg,6,-27,01010001111101110,17
0007.jpg,6,-26,01010001111100011,17
0007.jpg,6,-25,01010011110001100,17
0007.jpg,6,25,01010001111010011,17
0007.jpg,6,30,01010011110001101,17
0007.jpg,6,31,11101001111011000,17
0007.jpg,6,33,01010001111011110,17
0007.jpg,6,34,01011111110110111,17
0007.jpg,6,46,01010001111000111,17
0007.jpg,7,-39,01010011110000110,17
0007.jpg,7,-33,01010001111010111,17
0007.jpg,7,-30,01010011110010111,17
0007.jpg,7,-27,01010011110011101,17
0007.jpg,7,-26,01010001110101110,17
0007.jpg,7,25,01011111110110000,17
0007.jpg,7,26,01010011110011111,17
0007.jpg,7,28,01010011110011110,17
0007.jpg,7,42,01010001111110000,17
0007.jpg,8,5,01010011110010010,17
0007.jpg,10,2,01010001111010000,17
0007.jpg,12,-5,01010011110000011,17
0007.jpg,12,-3,01010001110111110,17
0007.jpg,13,-8,01010011110010011,17
0007.jpg,13,-6,01010001111111001,17
0007.jpg,13,11,01010001110111000,17
0007.jpg,14,-9,01010011110001010,17
0007.jpg,14,-8,01010011110000101,17
0007.jpg,14,-7,01010001111010100,17
0007.jpg,14,-5,01010001111100111,17
0007.jpg,14,-3,01010001111100001,17
0007.jpg,14,4,01010001111001110,17
0007.jpg,15,-9,01010011110001011,17
0007.jpg,17,-1,01010001111001101,17
0007.jpg,17,1,01011111110110100,17
0007.jpg,18,-1,01010011110010001,17
0007.jpg,18,1,01010001110111011,17
0007.jpg,20,-1,01010001111000001,17
0007.jpg,21,-2,01010011110010110,17
0007.jpg,22,-2,01010011110000000,17
0007.jpg,22,2,01010011110001111,17
0007.jpg,23,-2,01010001110111101,17
0007.jpg,26,-1,01010001111011001,17
0007.jpg,28,-1,01010001111000000,17
0007.jpg,28,1,01010011110011100,17
0007.jpg,31,-1,01011111110110001,17
0007.jpg,31,1,01010011110011011,17
0008.jpg,0,-1,100,3
0008.jpg,0,1,011,3
0008.jpg,0,-2,0010,4
0008.jpg,0,2,0001,4
0008.jpg,0,-4,10110,5
0008.jpg,0,-3,11100,5
0008.jpg,0,3,11000,5
0008.jpg,7,-1,00111,5
0008.jpg,7,1,01000,5
0008.jpg,0,-5,111100,6
0008.jpg,0,4,010101,6
0008.jpg,1,-1,111011,6
0008.jpg,1,1,111010,6
0008.jpg,5,-1,000011,6
0008.jpg,5,1,010010,6
0008.jpg,6,-1,101110,6
0008.jpg,6,1,101010,6
0008.jpg,0,-6,1100111,7
0008.jpg,0,0,1101000,7
0008.jpg,0,5,1101010,7
0008.jpg,0,6,0011011,7
0008.jpg,4,-1,1010001,7
0008.jpg,4,1,1010110,7
0008.jpg,7,2,0000010,7
0008.jpg,0,-16,01010010,8
0008.jpg,0,-14,10111100,8
0008.jpg,0,-8,00001011,8
0008.jpg,0,-7,11111011,8
0008.jpg,0,7,11110111,8
0008.jpg,0,8,00001000,8
0008.jpg,0,13,00000010,8
0008.jpg,0,14,01001101,8
0008.jpg,0,15,11011011,8
0008.jpg,0,16,01011011,8
0008.jpg,2,-1,00110100,8
0008.jpg,2,1,01011000,8
0008.jpg,3,-1,10100101,8
0008.jpg,3,1,11001001,8
0008.jpg,4,-2,01010001,8
0008.jpg,4,2,01011010,8
0008.jpg,5,-2,10111101,8
0008.jpg,5,2,10100111,8
0008.jpg,6,-2,10100110,8
0008.jpg,6,2,11010010,8
0008.jpg,7,-2,11001100,8
0008.jpg,0,-15,010100111,9
0008.jpg,0,-13,101011101,9
0008.jpg,0,-12,000000111,9
0008.jpg,0,-11,000000011,9
0008.jpg,0,-10,010011110,9
0008.jpg,0,-9,101111101,9
0008.jpg,0,9,110111010,9
0008.jpg,0,10,110111111,9
0008.jpg,0,11,110100111,9
0008.jpg,0,12,111111111,9
0008.jpg,0,17,111101100,9
0008.jpg,0,18,101011110,9
0008.jpg,0,22,001100001,9
0008.jpg,0,23,010100001,9
0008.jpg,0,24,000000000,9
0008.jpg,1,-2,111110010,9
0008.jpg,1,2,111110000,9
0008.jpg,3,-2,110010000,9
0008.jpg,3,2,110110000,9
0008.jpg,3,3,001100111,9
0008.jpg,4,-3,101000001,9
0008.jpg,4,3,101000011,9
0008.jpg,5,-3,110101111,9
0008.jpg,5,3,110111001,9
0008.jpg,6,-3,110010100,9
0008.jpg,6,3,110100110,9
0008.jpg,7,-3,101011100,9
0008.jpg,7,3,111111011,9
0008.jpg,7,4,010111011,9
0008.jpg,8,-1,111111001,9
0008.jpg,8,1,111110101,9
0008.jpg,15,-1,010011111,9
0008.jpg,15,1,110010101,9
0008.jpg,0,-17,1111010100,10
0008.jpg,0,19,1111100011,10
0008.jpg,0,20,1111111001,10
0008.jpg,0,21,1101011101,10
0008.jpg,0,25,1111111101,10
0008.jpg,0,26,1111100110,10
0008.jpg,0,27,1111111011,10
0008.jpg,0,28,1101110110,10
0008.jpg,0,29,1101111101,10
0008.jpg,0,30,1101111100,10
0008.jpg,0,31,1101011001,10
0008.jpg,0,32,1101101010,10
0008.jpg,0,33,1011111101,10
0008.jpg,0,34,0101111010,10
0008.jpg,0,35,0101111000,10
0008.jpg,0,36,1101011100,10
0008.jpg,0,37,1100110100,10
0008.jpg,0,38,1100110101,10
0008.jpg,0,39,1111010011,10
0008.jpg,0,40,1101100110,10
0008.jpg,0,41,1101111010,10
0008.jpg,0,42,1101101011,10
0008.jpg,0,43,1011111000,10
0008.jpg,0,44,1100100010,10
0008.jpg,0,45,0101001100,10
0008.jpg,0,46,0101110000,10
0008.jpg,0,47,0000101010,10
0008.jpg,0,48,0000001100,10
0008.jpg,0,49,0011001000,10
0008.jpg,0,50,0000000011,10
0008.jpg,0,53,0000011111,10
0008.jpg,0,54,0011000100,10
0008.jpg,0,55,0000100100,10
0008.jpg,0,56,0000101011,10
0008.jpg,0,57,0000011010,10
0008.jpg,0,60,0000011110,10
0008.jpg,0,62,0011000001,10
0008.jpg,0,64,0000011011,10
0008.jpg,0,65,0011000111,10
0008.jpg,0,67,0011001011,10
0008.jpg,0,68,0000011101,10
0008.jpg,0,69,1010010000,10
0008.jpg,0,70,1010010011,10
0008.jpg,0,71,0101110101,10
0008.jpg,0,72,1011111111,10
0008.jpg,0,73,1011111100,10
0008.jpg,0,74,1100101110,10
0008.jpg,0,75,0100110010,10
0008.jpg,0,76,0101100101,10
0008.jpg,0,77,0100111000,10
0008.jpg,0,78,0101111101,10
0008.jpg,0,79,0101111111,10
0008.jpg,0,80,1010010010,10
0008.jpg,0,81,0101111100,10
0008.jpg,0,82,1010111111,10
0008.jpg,0,83,1100101101,10
0008.jpg,0,84,1101100101,10
0008.jpg,0,85,1010000101,10
0008.jpg,0,86,0101100111,10
0008.jpg,0,87,1101011010,10
0008.jpg,0,88,0101100100,10
0008.jpg,0,89,0101111110,10
0008.jpg,0,90,0101110001,10
0008.jpg,0,93,0000000101,10
0008.jpg,0,96,0000101001,10
0008.jpg,0,97,0000000010,10
0008.jpg,0,103,0000011100,10
0008.jpg,1,-3,0101000001,10
0008.jpg,1,3,0011001001,10
0008.jpg,2,-2,0000011000,10
0008.jpg,2,2,0011001010,10
0008.jpg,3,-4,1101101001,10
0008.jpg,3,-3,1111100111,10
0008.jpg,3,4,1100100011,10
0008.jpg,3,5,0011000000,10
0008.jpg,4,-5,0100110001,10
0008.jpg,4,-4,1101111000,10
0008.jpg,4,4,1101110001,10
0008.jpg,4,5,0011010111,10
0008.jpg,5,-5,0011000101,10
0008.jpg,5,-4,1101100111,10
0008.jpg,5,4,1111101000,10
0008.jpg,5,5,0101111001,10
0008.jpg,6,-4,1111010111,10
0008.jpg,6,4,1101011011,10
0008.jpg,6,5,0000011001,10
0008.jpg,7,-4,1101100100,10
0008.jpg,7,5,0011010101,10
0008.jpg,13,-1,0101110010,10
0008.jpg,13,1,1010000000,10
0008.jpg,14,-1,1101100011,10
0008.jpg,14,1,1100101100,10
0008.jpg,0,51,11110100100,11
0008.jpg,0,52,11110110100,11
0008.jpg,0,58,11111110001,11
0008.jpg,0,59,11111111000,11
0008.jpg,0,61,11111100010,11
0008.jpg,0,63,11011010001,11
0008.jpg,0,66,11111101000,11
0008.jpg,0,91,11111010011,11
0008.jpg,0,92,11111100000,11
0008.jpg,0,94,11110100101,11
0008.jpg,0,95,11001011111,11
0008.jpg,0,98,11111110000,11
0008.jpg,0,99,11110100000,11
0008.jpg,0,100,11111000101,11
0008.jpg,0,101,11111100001,11
0008.jpg,0,102,11011101111,11
0008.jpg,0,104,11011110010,11
0008.jpg,0,105,10100001000,11
0008.jpg,0,106,00110101101,11
0008.jpg,0,107,10101111101,11
0008.jpg,1,4,00110001100,11
0008.jpg,2,-4,00001001011,11
0008.jpg,2,-3,10111111101,11
0008.jpg,2,3,10101111100,11
0008.jpg,2,4,00000011011,11
0008.jpg,3,-7,00110001101,11
0008.jpg,3,-6,00110011010,11
0008.jpg,3,-5,11111010010,11
0008.jpg,3,6,11010110001,11
0008.jpg,3,7,00110101100,11
0008.jpg,4,-7,01010011010,11
0008.jpg,4,-6,11011101110,11
0008.jpg,4,6,11110100001,11
0008.jpg,4,7,01011100111,11
0008.jpg,5,-9,00001001010,11
0008.jpg,5,-8,00001001100,11
0008.jpg,5,-6,11110101100,11
0008.jpg,5,6,11111101001,11
0008.jpg,5,7,11001101111,11
0008.jpg,6,-8,01011100110,11
0008.jpg,6,-7,01011001100,11
0008.jpg,6,-6,11011100000,11
0008.jpg,6,-5,11111111001,11
0008.jpg,6,6,11110101011,11
0008.jpg,6,7,11011000100,11
0008.jpg,7,-7,01010011011,11
0008.jpg,7,-6,01001100001,11
0008.jpg,7,-5,11110100011,11
0008.jpg,7,6,01011101000,11
0008.jpg,9,-1,10100000010,11
0008.jpg,12,-1,00110011001,11
0008.jpg,12,1,01011110110,11
0008.jpg,0,108,110101100001,12
0008.jpg,0,109,010111101110,12
0008.jpg,0,110,101001000111,12
0008.jpg,1,-5,101111100100,12
0008.jpg,1,-4,111111000111,12
0008.jpg,2,-6,000000010010,12
0008.jpg,2,-5,010011001101,12
0008.jpg,2,5,110111000010,12
0008.jpg,2,6,000000010011,12
0008.jpg,3,-10,001100110110,12
0008.jpg,3,-9,000010011011,12
0008.jpg,3,-8,110110001010,12
0008.jpg,3,8,101111100101,12
0008.jpg,3,9,101000000111,12
0008.jpg,3,10,000010011100,12
0008.jpg,4,-12,001100110000,12
0008.jpg,4,-10,001101010000,12
0008.jpg,4,-9,110111101100,12
0008.jpg,4,-8,110111000011,12
0008.jpg,4,8,111111010100,12
0008.jpg,4,9,110111100111,12
0008.jpg,4,10,000010011010,12
0008.jpg,5,-11,010110011010,12
0008.jpg,5,-10,010111010011,12
0008.jpg,5,-7,111111101011,12
0008.jpg,5,8,111111010111,12
0008.jpg,5,9,010011000001,12
0008.jpg,5,10,001100110111,12
0008.jpg,6,-14,000000010001,12
0008.jpg,6,-12,001101010010,12
0008.jpg,6,-11,000000110100,12
0008.jpg,6,-9,111111010101,12
0008.jpg,6,8,110111100110,12
0008.jpg,6,9,110110001011,12
0008.jpg,6,10,110010111101,12
0008.jpg,6,11,010011001110,12
0008.jpg,7,-8,010111101111,12
0008.jpg,7,7,111101101010,12
0008.jpg,7,8,000010011101,12
0008.jpg,9,1,111101011010,12
0008.jpg,16,-1,001101010001,12
0008.jpg,16,1,110010111100,12
0008.jpg,23,1,000000110101,12
0008.jpg,0,-22,0100110011111,13
0008.jpg,0,-21,1011111110000,13
0008.jpg,0,-20,1011111110010,13
0008.jpg,0,-19,1010000100100,13
0008.jpg,0,-18,1111010101010,13
0008.jpg,0,111,0011010100111,13
0008.jpg,1,-6,0100110011001,13
0008.jpg,1,5,1011111001110,13
0008.jpg,1,7,0000100111110,13
0008.jpg,2,-9,0101100110110,13
0008.jpg,2,-8,1100110110010,13
0008.jpg,2,-7,1111010101000,13
0008.jpg,2,7,1010000001101,13
0008.jpg,2,8,1111010001011,13
0008.jpg,2,9,1011111001101,13
0008.jpg,3,-12,1100110110001,13
0008.jpg,3,-11,1101111011010,13
0008.jpg,3,11,1100110110011,13
0008.jpg,3,12,1011111110001,13
0008.jpg,3,13,0000100111101,13
0008.jpg,4,-11,1111110001101,13
0008.jpg,4,11,0011010100110,13
0008.jpg,4,12,0101100110111,13
0008.jpg,4,13,0100110000000,13
0008.jpg,4,14,0000100111111,13
0008.jpg,4,16,0100111001000,13
0008.jpg,5,-14,0100110011000,13
0008.jpg,5,-13,1101101000000,13
0008.jpg,5,-12,1100110110100,13
0008.jpg,5,11,1111010101001,13
0008.jpg,5,12,0101110100100,13
0008.jpg,5,13,1101101000001,13
0008.jpg,5,14,1100110110000,13
0008.jpg,5,16,0000000100001,13
0008.jpg,5,17,0000000100000,13
0008.jpg,5,18,0100110000001,13
0008.jpg,6,-13,0000101000000,13
0008.jpg,6,-10,1111110101101,13
0008.jpg,6,12,0100111001001,13
0008.jpg,6,13,1011111001100,13
0008.jpg,6,14,0011001100011,13
0008.jpg,6,17,0000100111100,13
0008.jpg,7,-21,1111010101011,13
0008.jpg,7,-20,0101110100101,13
0008.jpg,7,-13,1010000100101,13
0008.jpg,7,-10,1111111010000,13
0008.jpg,7,-9,1111110101100,13
0008.jpg,7,9,1100110110101,13
0008.jpg,7,10,1101101000010,13
0008.jpg,7,11,0100110011110,13
0008.jpg,8,-2,1111010110111,13
0008.jpg,8,2,1010000100111,13
0008.jpg,11,-1,1011111001111,13
0008.jpg,22,-1,1010000100110,13
0008.jpg,23,-1,1101111011011,13
0008.jpg,0,-28,00001010000101,14
0008.jpg,0,-27,11011110111010,14
0008.jpg,0,-26,01001110010101,14
0008.jpg,0,-24,11111110101000,14
0008.jpg,0,-23,11011110111011,14
0008.jpg,0,112,11110110101111,14
0008.jpg,0,113,11001101101110,14
0008.jpg,0,114,00001010001001,14
0008.jpg,0,117,00001010001100,14
0008.jpg,0,123,00001010001000,14
0008.jpg,1,-9,10100100010100,14
0008.jpg,1,-8,01001110011100,14
0008.jpg,1,-7,11001101101101,14
0008.jpg,1,6,11110110101101,14
0008.jpg,1,8,10100100010111,14
0008.jpg,1,10,00001010000111,14
0008.jpg,2,-14,00001010000011,14
0008.jpg,2,-12,11001101110000,14
0008.jpg,2,-11,11001101101100,14
0008.jpg,2,-10,11011110111001,14
0008.jpg,2,10,00001010000110,14
0008.jpg,2,11,10100100010011,14
0008.jpg,2,12,11111110100011,14
0008.jpg,2,15,00001010000100,14
0008.jpg,2,16,00001010000010,14
0008.jpg,3,-16,01001110010110,14
0008.jpg,3,-14,10100100010010,14
0008.jpg,3,-13,01001110011110,14
0008.jpg,3,14,11110110101110,14
0008.jpg,3,16,10100100010110,14
0008.jpg,3,18,01001110011011,14
0008.jpg,3,19,01001110011000,14
0008.jpg,4,-22,00110011000100,14
0008.jpg,4,-21,00001010001101,14
0008.jpg,4,-19,01001110010100,14
0008.jpg,4,-18,01001110010111,14
0008.jpg,4,-17,10100100011010,14
0008.jpg,4,-16,11110110110010,14
0008.jpg,4,-15,11001101110001,14
0008.jpg,4,-14,11111110100110,14
0008.jpg,4,-13,11011010000111,14
0008.jpg,4,17,11001101101111,14
0008.jpg,4,18,01001110011111,14
0008.jpg,4,21,11011110111101,14
0008.jpg,4,23,00001010001011,14
0008.jpg,5,-29,00001010001110,14
0008.jpg,5,-24,01001110100010,14
0008.jpg,5,-23,11110100010101,14
0008.jpg,5,-22,11110100010100,14
0008.jpg,5,-20,01001110100001,14
0008.jpg,5,-18,11011110111100,14
0008.jpg,5,-17,10100100010000,14
0008.jpg,5,-16,10111111100111,14
0008.jpg,5,-15,10100000011001,14
0008.jpg,5,15,11111110100111,14
0008.jpg,5,19,11110110101100,14
0008.jpg,5,22,11110110110011,14
0008.jpg,6,-22,01001110100011,14
0008.jpg,6,-17,11001101110011,14
0008.jpg,6,-16,11110110110100,14
0008.jpg,6,-15,11110100010001,14
0008.jpg,6,15,10100100010001,14
0008.jpg,6,18,00001010001010,14
0008.jpg,6,19,11110101101101,14
0008.jpg,6,20,01001110011010,14
0008.jpg,6,21,01001110100000,14
0008.jpg,6,23,11111110100100,14
0008.jpg,7,-22,11001101110010,14
0008.jpg,7,-19,10100100011011,14
0008.jpg,7,-14,11111110101011,14
0008.jpg,7,-12,11011110111000,14
0008.jpg,7,-11,11111110100101,14
0008.jpg,7,12,10100100011001,14
0008.jpg,7,13,01001110011101,14
0008.jpg,7,16,00001010001111,14
0008.jpg,7,21,11011110111110,14
0008.jpg,10,1,11111110101001,14
0008.jpg,11,1,11111110100010,14
0008.jpg,13,-2,10100100010101,14
0008.jpg,13,2,11110100010000,14
0008.jpg,14,-2,01001110011001,14
0008.jpg,14,2,11110100010010,14
0008.jpg,15,-2,11110110110000,14
0008.jpg,15,2,11110100010011,14
0008.jpg,20,-1,10100100011000,14
0008.jpg,21,-1,11110110110001,14
0008.jpg,21,1,11111110101010,14
0008.jpg,22,1,11011110111111,14
0008.jpg,0,-33,010011101001000,15
0008.jpg,0,-25,111101101110000,15
0008.jpg,0,115,111101101110011,15
0008.jpg,0,116,111101101111100,15
0008.jpg,0,121,010011101001100,15
0008.jpg,0,122,010011101001011,15
0008.jpg,0,124,010011101001010,15
0008.jpg,1,-12,110011011101001,15
0008.jpg,1,9,010011101001001,15
0008.jpg,1,11,110011011101000,15
0008.jpg,1,12,010011101010100,15
0008.jpg,2,-21,111101101101100,15
0008.jpg,2,-15,001100110001011,15
0008.jpg,2,-13,111101101101111,15
0008.jpg,2,14,101111111001101,15
0008.jpg,2,20,010011101001111,15
0008.jpg,3,-19,111101101101110,15
0008.jpg,3,-18,010011101010110,15
0008.jpg,3,-15,111101101110100,15
0008.jpg,3,15,111101101111110,15
0008.jpg,3,17,111101101111000,15
0008.jpg,3,20,111101101110001,15
0008.jpg,3,22,111101101110010,15
0008.jpg,4,-29,110011011101110,15
0008.jpg,4,-24,110101100000000,15
0008.jpg,4,-23,111101101101101,15
0008.jpg,4,15,110011011101011,15
0008.jpg,4,19,110011011101010,15
0008.jpg,4,20,111101101111001,15
0008.jpg,4,22,111101101111101,15
0008.jpg,4,25,010011101001110,15
0008.jpg,5,-31,110101100000001,15
0008.jpg,5,-28,111101101111111,15
0008.jpg,5,-25,111110001000001,15
0008.jpg,5,-21,010011101011111,15
0008.jpg,5,-19,010011101010000,15
0008.jpg,5,20,110011011101100,15
0008.jpg,5,21,111110001000011,15
0008.jpg,5,23,110101100000111,15
0008.jpg,5,29,010011101010101,15
0008.jpg,6,-37,110101100000010,15
0008.jpg,6,-34,010011101011000,15
0008.jpg,6,-32,010011101011010,15
0008.jpg,6,-27,110011011101111,15
0008.jpg,6,-26,111101101101010,15
0008.jpg,6,-25,010011101011011,15
0008.jpg,6,-24,110011011101101,15
0008.jpg,6,-21,111110001000010,15
0008.jpg,6,-20,010011101011110,15
0008.jpg,6,-19,010011101011101,15
0008.jpg,6,-18,111101101111011,15
0008.jpg,6,16,111101101110101,15
0008.jpg,6,22,010011101010111,15
0008.jpg,6,24,111101101101011,15
0008.jpg,7,-24,110110100001101,15
0008.jpg,7,-23,110101100000100,15
0008.jpg,7,-17,111110001000000,15
0008.jpg,7,-16,110101100000011,15
0008.jpg,7,-15,110101100000101,15
0008.jpg,7,14,110101100000110,15
0008.jpg,7,17,010011101010010,15
0008.jpg,7,20,111110001000100,15
0008.jpg,7,22,010011101100000,15
0008.jpg,7,23,010011101100001,15
0008.jpg,7,25,010011101011001,15
0008.jpg,7,27,010011101100010,15
0008.jpg,7,29,110110100001100,15
0008.jpg,7,47,010011101001101,15
0008.jpg,8,3,111101101110111,15
0008.jpg,10,-1,010011101010001,15
0008.jpg,12,2,111101011011001,15
0008.jpg,15,-4,010011101011100,15
0008.jpg,15,-3,111101101110110,15
0008.jpg,17,-1,010011101010011,15
0008.jpg,20,1,111101101111010,15
0008.jpg,0,-39,0100111011010001,16
0008.jpg,0,-35,0100111011011100,16
0008.jpg,0,-34,0100111011001010,16
0008.jpg,0,-31,1111100010011011,16
0008.jpg,0,-30,0100111011010111,16
0008.jpg,0,-29,1111100010001110,16
0008.jpg,0,118,1111100010010101,16
0008.jpg,0,120,1111100010010100,16
0008.jpg,0,125,0100111011001101,16
0008.jpg,1,-26,0100111011011011,16
0008.jpg,1,-16,0100111011001001,16
0008.jpg,1,-15,0100111011000110,16
0008.jpg,1,-13,0100111011001000,16
0008.jpg,1,13,1111010110110001,16
0008.jpg,1,20,0100111011110010,16
0008.jpg,2,-27,0100111011011110,16
0008.jpg,2,-24,0100111011000111,16
0008.jpg,2,-23,0100111011110000,16
0008.jpg,2,-18,0100111011011010,16
0008.jpg,2,-16,1111100010001011,16
0008.jpg,2,13,1111100010001101,16
0008.jpg,2,21,1111100010011100,16
0008.jpg,3,-33,1111100010011110,16
0008.jpg,3,-29,0100111011100010,16
0008.jpg,3,-24,0100111011010110,16
0008.jpg,3,-23,0100111011100110,16
0008.jpg,3,-21,1111100010010010,16
0008.jpg,3,-20,1111100010001010,16
0008.jpg,3,-17,0011001100010101,16
0008.jpg,3,23,0100111011001100,16
0008.jpg,3,29,0100111011001011,16
0008.jpg,4,-46,0100111011100011,16
0008.jpg,4,-36,1111110001100101,16
0008.jpg,4,-33,0100111011101101,16
0008.jpg,4,-32,1111110001100010,16
0008.jpg,4,-31,0100111011111000,16
0008.jpg,4,-30,0100111011101001,16
0008.jpg,4,-28,1111110001100001,16
0008.jpg,4,-27,1111100010010111,16
0008.jpg,4,-26,1111100010011111,16
0008.jpg,4,-20,0100111011011000,16
0008.jpg,4,24,0100111011011001,16
0008.jpg,4,26,1111100010001111,16
0008.jpg,4,28,0100111011111011,16
0008.jpg,4,30,0100111011110001,16
0008.jpg,4,31,0100111011010000,16
0008.jpg,4,32,0100111011111101,16
0008.jpg,4,34,0100111011101000,16
0008.jpg,5,-42,0100111011110011,16
0008.jpg,5,-30,0100111011011101,16
0008.jpg,5,-27,0100111011101111,16
0008.jpg,5,-26,0100111011110101,16
0008.jpg,5,24,0100111011010010,16
0008.jpg,5,25,1111100010011000,16
0008.jpg,5,26,1111100010011010,16
0008.jpg,5,32,0100111011100111,16
0008.jpg,6,-33,1111110001100000,16
0008.jpg,6,-31,1111100010011101,16
0008.jpg,6,-30,0100111011100101,16
0008.jpg,6,-29,0100111011101110,16
0008.jpg,6,26,1111110001100110,16
0008.jpg,6,27,0100111011110100,16
0008.jpg,6,30,0100111011001111,16
0008.jpg,6,35,0100111011111100,16
0008.jpg,7,-27,0100111011111110,16
0008.jpg,7,-18,0101000000000101,16
0008.jpg,7,15,1111110001100100,16
0008.jpg,7,18,0100111011111111,16
0008.jpg,7,19,0100111011100000,16
0008.jpg,7,24,0101000000000000,16
0008.jpg,7,26,0100111011001110,16
0008.jpg,7,28,0101000000000001,16
0008.jpg,7,30,1111110001100111,16
0008.jpg,7,31,0101000000000011,16
0008.jpg,8,4,0101000000000110,16
0008.jpg,11,-2,1111100010010000,16
0008.jpg,11,2,1111100010011001,16
0008.jpg,12,-3,0100111011011111,16
0008.jpg,13,-3,0100111011101100,16
0008.jpg,13,3,0100111011101010,16
0008.jpg,14,-5,0101000000000010,16
0008.jpg,14,-4,1111110001100011,16
0008.jpg,14,-3,0100111011101011,16
0008.jpg,15,-7,0101000000000100,16
0008.jpg,16,-2,0011001100010100,16
0008.jpg,17,1,1111100010010001,16
0008.jpg,19,-1,1111100010010110,16
0008.jpg,19,1,1111100010001100,16
0008.jpg,23,-2,0100111011100001,16
0008.jpg,24,-1,0100111011111010,16
0008.jpg,27,-1,0100111011010100,16
0008.jpg,28,1,0100111011010101,16
0008.jpg,29,-1,0100111011010011,16
0008.jpg,29,1,0100111011110111,16
0008.jpg,31,-1,1111100010010011,16
0008.jpg,31,1,0100111011111001,16
0008.jpg,32,1,0100111011110110,16
0008.jpg,39,-1,0100111011100100,16
0008.jpg,0,-48,01010000001101001,17
0008.jpg,0,-46,01010000000100110,17
0008.jpg,0,-45,01010000000110101,17
0008.jpg,0,-43,01010000001101010,17
0008.jpg,0,-42,01010000000101001,17
0008.jpg,0,-41,01010000001101110,17
0008.jpg,0,-38,01010000001000110,17
0008.jpg,0,-37,01010000001000011,17
0008.jpg,0,-36,01010000000100100,17
0008.jpg,0,-32,01010000000111111,17
0008.jpg,0,119,01010000000100111,17
0008.jpg,1,-22,01010000001110110,17
0008.jpg,1,-17,01010000000110110,17
0008.jpg,1,-10,01010000001101101,17
0008.jpg,1,14,01010000000001110,17
0008.jpg,1,15,01010000000001111,17
0008.jpg,2,-29,01010000000010001,17
0008.jpg,2,-28,01010000001010110,17
0008.jpg,2,-26,01010000001100100,17
0008.jpg,2,-20,01010000001100011,17
0008.jpg,2,-19,01010000001001100,17
0008.jpg,2,-17,01010000000010000,17
0008.jpg,2,17,01010000000100011,17
0008.jpg,2,18,01010000001111010,17
0008.jpg,2,19,01010000000101101,17
0008.jpg,2,22,01010000000010101,17
0008.jpg,2,23,01010000001000101,17
0008.jpg,2,26,01010000000010100,17
0008.jpg,2,28,01010000000110000,17
0008.jpg,2,34,01010000000101100,17
0008.jpg,2,36,01010000001100001,17
0008.jpg,3,-41,01010000001011000,17
0008.jpg,3,-37,01010000001000001,17
0008.jpg,3,-36,01010000001001111,17
0008.jpg,3,-35,01010000001111111,17
0008.jpg,3,-31,01010000000010011,17
0008.jpg,3,-28,01010000001100111,17
0008.jpg,3,-25,01010000001000111,17
0008.jpg,3,-22,01010000001100000,17
0008.jpg,3,21,01010000001111011,17
0008.jpg,3,27,01010000001010100,17
0008.jpg,3,30,01010000001110011,17
0008.jpg,3,31,01010000000010110,17
0008.jpg,3,32,01010000000101011,17
0008.jpg,3,34,01010000001011001,17
0008.jpg,3,35,01010000001110101,17
0008.jpg,3,36,01010000000111011,17
0008.jpg,4,-50,01010000000110111,17
0008.jpg,4,-49,01010000000101111,17
0008.jpg,4,-43,01010000001000010,17
0008.jpg,4,-42,01010000000110010,17
0008.jpg,4,-41,01010000001001101,17
0008.jpg,4,-39,01010000001010101,17
0008.jpg,4,-38,01010000000101110,17
0008.jpg,4,-37,01010000001001110,17
0008.jpg,4,-34,01010000001001000,17
0008.jpg,4,-25,01010000001101011,17
0008.jpg,4,33,01010000000111000,17
0008.jpg,4,35,01010000000011111,17
0008.jpg,4,36,10100000011000011,17
0008.jpg,4,37,01010000001000100,17
0008.jpg,4,40,01010000000110100,17
0008.jpg,4,43,01010000001011010,17
0008.jpg,4,44,01010000000111010,17
0008.jpg,5,-43,01010000000110011,17
0008.jpg,5,-41,01010000001100110,17
0008.jpg,5,-38,01010000001010001,17
0008.jpg,5,-37,01010000001010000,17
0008.jpg,5,-36,01010000001001001,17
0008.jpg,5,-35,01010000001010010,17
0008.jpg,5,-34,01010000001111000,17
0008.jpg,5,-32,01010000001110111,17
0008.jpg,5,27,01010000000111110,17
0008.jpg,5,28,10100000011000000,17
0008.jpg,5,31,01010000000110001,17
0008.jpg,5,33,10100000011000010,17
0008.jpg,5,40,01010000000011100,17
0008.jpg,5,41,01010000000111001,17
0008.jpg,5,46,01010000000011010,17
0008.jpg,6,-46,01010000001110010,17
0008.jpg,6,-43,01010000001110001,17
0008.jpg,6,-36,01010000001001011,17
0008.jpg,6,-35,01010000001001010,17
0008.jpg,6,-28,01010000001101111,17
0008.jpg,6,-23,10111111100110011,17
0008.jpg,6,28,10111111100110001,17
0008.jpg,6,31,10111111100110000,17
0008.jpg,6,32,01010000000010111,17
0008.jpg,6,34,01010000000011000,17
0008.jpg,6,36,01010000000011110,17
0008.jpg,6,39,01010000000011001,17
0008.jpg,6,43,01010000001011011,17
0008.jpg,7,-34,01010000001011100,17
0008.jpg,7,-33,10100000011000100,17
0008.jpg,7,-31,01010000001011101,17
0008.jpg,7,-30,10100000011000101,17
0008.jpg,7,-28,01010000001110000,17
0008.jpg,7,-26,01010000001011110,17
0008.jpg,7,-25,10111111100110010,17
0008.jpg,7,36,10100000011000111,17
0008.jpg,7,39,01010000000011101,17
0008.jpg,7,46,01010000000011011,17
0008.jpg,8,-4,11110101101100001,17
0008.jpg,8,-3,11110101101100000,17
0008.jpg,10,-2,01010000000010010,17
0008.jpg,11,-3,01010000001011111,17
0008.jpg,12,-4,01010000000111100,17
0008.jpg,12,-2,01010000001111101,17
0008.jpg,12,3,01010000000100101,17
0008.jpg,13,-8,01010000001010111,17
0008.jpg,13,-4,01010000000111101,17
0008.jpg,13,4,01010000001100010,17
0008.jpg,14,3,01010000001100101,17
0008.jpg,14,14,01010000001010011,17
0008.jpg,15,-8,01010000001101100,17
0008.jpg,15,-5,10100000011000001,17
0008.jpg,15,3,10100000011000110,17
0008.jpg,15,4,01010000001101000,17
0008.jpg,15,6,01010000001000000,17
0008.jpg,21,3,01010000001110100,17
0008.jpg,22,2,01010000001111001,17
0008.jpg,24,1,01010000000100000,17
0008.jpg,27,1,01010000000100001,17
0008.jpg,28,-1,01010000000100010,17
0008.jpg,30,-1,01010000000101000,17
0008.jpg,30,1,01010000001111110,17
0008.jpg,35,-1,01010000000101010,17
0008.jpg,39,1,01010000001111100,17
0009.jpg,0,-1,011,3
0009.jpg,0,1,100,3
0009.jpg,0,-2,0010,4
0009.jpg,0,2,0001,4
0009.jpg,0,-4,10101,5
0009.jpg,0,-3,11101,5
0009.jpg,0,3,11000,5
0009.jpg,7,-1,00111,5
0009.jpg,7,1,01001,5
0009.jpg,0,-5,111100,6
0009.jpg,0,4,010001,6
0009.jpg,1,-1,110110,6
0009.jpg,1,1,110011,6
0009.jpg,5,1,000010,6
0009.jpg,6,-1,101101,6
0009.jpg,6,1,101110,6
0009.jpg,0,-6,1101000,7
0009.jpg,0,0,1011001,7
0009.jpg,0,5,1110001,7
0009.jpg,0,6,0100000,7
0009.jpg,4,-1,0101101,7
0009.jpg,4,1,0101111,7
0009.jpg,5,-1,1111111,7
0009.jpg,7,2,0000001,7
0009.jpg,0,-16,01010011,8
0009.jpg,0,-14,11001011,8
0009.jpg,0,-8,00110011,8
0009.jpg,0,-7,11111000,8
0009.jpg,0,7,11111101,8
0009.jpg,0,8,01010111,8
0009.jpg,0,12,00000101,8
0009.jpg,0,13,01010010,8
0009.jpg,0,14,10100010,8
0009.jpg,0,15,11100111,8
0009.jpg,0,16,10100110,8
0009.jpg,0,17,00110110,8
0009.jpg,2,-1,00001100,8
0009.jpg,2,1,00000110,8
0009.jpg,3,-1,01011101,8
0009.jpg,3,1,10110001,8
0009.jpg,4,-2,01010101,8
0009.jpg,4,2,10100100,8
0009.jpg,5,-2,10111110,8
0009.jpg,5,2,11010101,8
0009.jpg,6,-2,11010111,8
0009.jpg,6,2,11010100,8
0009.jpg,7,-2,11011110,8
0009.jpg,7,3,00000111,8
0009.jpg,0,-17,010101100,9
0009.jpg,0,-15,101100001,9
0009.jpg,0,-13,110100110,9
0009.jpg,0,-12,000001000,9
0009.jpg,0,-11,010110001,9
0009.jpg,0,-10,101000110,9
0009.jpg,0,-9,110111001,9
0009.jpg,0,9,111001100,9
0009.jpg,0,10,111101110,9
0009.jpg,0,11,111110101,9
0009.jpg,0,18,111001000,9
0009.jpg,0,19,001101011,9
0009.jpg,0,20,001100100,9
0009.jpg,0,21,000011010,9
0009.jpg,0,22,010101000,9
0009.jpg,0,23,101000001,9
0009.jpg,0,24,001100010,9
0009.jpg,0,25,000000010,9
0009.jpg,0,27,000011011,9
0009.jpg,0,28,000000001,9
0009.jpg,1,-2,110101101,9
0009.jpg,1,2,110111010,9
0009.jpg,3,-2,110010001,9
0009.jpg,3,2,111101010,9
0009.jpg,3,3,001100001,9
0009.jpg,4,-3,010101001,9
0009.jpg,4,3,110010000,9
0009.jpg,5,-3,101111110,9
0009.jpg,5,3,110101100,9
0009.jpg,6,-3,101001110,9
0009.jpg,6,3,110010011,9
0009.jpg,7,-3,010100000,9
0009.jpg,7,4,010000101,9
0009.jpg,8,-1,111000000,9
0009.jpg,8,1,111000001,9
0009.jpg,15,1,010100010,9
0009.jpg,0,26,1111011001,10
0009.jpg,0,29,1111011010,10
0009.jpg,0,30,1101111101,10
0009.jpg,0,31,1111100111,10
0009.jpg,0,32,1011111110,10
0009.jpg,0,33,1011110110,10
0009.jpg,0,34,1010000000,10
0009.jpg,0,35,1101001000,10
0009.jpg,0,36,1110010110,10
0009.jpg,0,37,1110010100,10
0009.jpg,0,38,1110000100,10
0009.jpg,0,39,1011110111,10
0009.jpg,0,40,1101001001,10
0009.jpg,0,41,1111011011,10
0009.jpg,0,42,1101111110,10
0009.jpg,0,43,1101001110,10
0009.jpg,0,44,1011000001,10
0009.jpg,0,45,1011110010,10
0009.jpg,0,46,0101100101,10
0009.jpg,0,47,1010001111,10
0009.jpg,0,49,0000010011,10
0009.jpg,0,55,0011000111,10
0009.jpg,0,56,0011010010,10
0009.jpg,0,57,0000000110,10
0009.jpg,0,60,1010000110,10
0009.jpg,0,64,0000111010,10
0009.jpg,0,66,0000111101,10
0009.jpg,0,67,0000111110,10
0009.jpg,0,68,1011110101,10
0009.jpg,0,69,0011011100,10
0009.jpg,0,70,1011110001,10
0009.jpg,0,71,0101100111,10
0009.jpg,0,72,0101110000,10
0009.jpg,0,73,1110000111,10
0009.jpg,0,74,0101110001,10
0009.jpg,0,75,1011110000,10
0009.jpg,0,76,0100001111,10
0009.jpg,0,77,0000111001,10
0009.jpg,0,78,1100101000,10
0009.jpg,0,79,1010000001,10
0009.jpg,0,80,0100001100,10
0009.jpg,0,81,1010001110,10
0009.jpg,0,82,0101110011,10
0009.jpg,0,83,1010010110,10
0009.jpg,0,84,0100001101,10
0009.jpg,0,85,0100001001,10
0009.jpg,0,86,0011010100,10
0009.jpg,0,87,1101001011,10
0009.jpg,0,88,0011010000,10
0009.jpg,0,89,1100101010,10
0009.jpg,0,90,1010011110,10
0009.jpg,0,91,0101100110,10
0009.jpg,0,96,0011010011,10
0009.jpg,0,97,0100001000,10
0009.jpg,1,-3,0000111011,10
0009.jpg,1,3,0000010010,10
0009.jpg,3,-4,1100101011,10
0009.jpg,3,-3,1111101001,10
0009.jpg,3,4,1100100100,10
0009.jpg,3,5,0011000000,10
0009.jpg,4,-5,0011001010,10
0009.jpg,4,-4,1101110111,10
0009.jpg,4,4,1110011011,10
0009.jpg,4,5,0011000110,10
0009.jpg,5,-5,0101011010,10
0009.jpg,5,-4,1111011110,10
0009.jpg,5,4,1111011000,10
0009.jpg,5,5,0100001110,10
0009.jpg,6,-6,0101000110,10
0009.jpg,6,-5,1011000000,10
0009.jpg,6,-4,1111010111,10
0009.jpg,6,4,1111101000,10
0009.jpg,6,5,0101000011,10
0009.jpg,7,-4,1101111111,10
0009.jpg,7,5,1010010111,10
0009.jpg,13,-1,0011011111,10
0009.jpg,13,1,0011010101,10
0009.jpg,14,-1,1010010100,10
0009.jpg,14,1,1010000101,10
0009.jpg,15,-1,1111010011,10
0009.jpg,0,48,11111011111,11
0009.jpg,0,50,11110111111,11
0009.jpg,0,51,11110100100,11
0009.jpg,0,52,11111100100,11
0009.jpg,0,53,11110111110,11
0009.jpg,0,54,11100110101,11
0009.jpg,0,58,11110100000,11
0009.jpg,0,59,11100110100,11
0009.jpg,0,61,11111011000,11
0009.jpg,0,62,11111011001,11
0009.jpg,0,63,11111100111,11
0009.jpg,0,65,11111100110,11
0009.jpg,0,92,11100100101,11
0009.jpg,0,93,11111100010,11
0009.jpg,0,94,11111100101,11
0009.jpg,0,95,11011111001,11
0009.jpg,0,98,11111011101,11
0009.jpg,0,99,11111011011,11
0009.jpg,0,100,11111100000,11
0009.jpg,0,101,11111100001,11
0009.jpg,0,102,11100101011,11
0009.jpg,0,103,11100100110,11
0009.jpg,0,104,11100001101,11
0009.jpg,0,105,10111100110,11
0009.jpg,0,106,11001001010,11
0009.jpg,0,107,10100111110,11
0009.jpg,0,108,00001110000,11
0009.jpg,1,4,00000000000,11
0009.jpg,2,-3,01010000100,11
0009.jpg,2,-2,11110100010,11
0009.jpg,2,2,11100001011,11
0009.jpg,2,3,10100001001,11
0009.jpg,3,-6,11010010100,11
0009.jpg,3,-5,11111001000,11
0009.jpg,3,6,11011100000,11
0009.jpg,3,7,00110010110,11
0009.jpg,4,-6,11010011110,11
0009.jpg,4,6,11010010101,11
0009.jpg,4,7,01011100100,11
0009.jpg,5,-6,11110100011,11
0009.jpg,5,6,01010000101,11
0009.jpg,5,7,00110100011,11
0009.jpg,6,-8,10100001110,11
0009.jpg,6,-7,10111111110,11
0009.jpg,6,6,11100100111,11
0009.jpg,6,7,10111111111,11
0009.jpg,6,8,10100101011,11
0009.jpg,7,-6,01011100101,11
0009.jpg,7,-5,11110100101,11
0009.jpg,7,6,11100001100,11
0009.jpg,7,7,00001111000,11
0009.jpg,12,-1,00000001111,11
0009.jpg,12,1,00110111010,11
0009.jpg,0,-19,001100101111,12
0009.jpg,0,-18,001100101110,12
0009.jpg,0,109,010101101100,12
0009.jpg,0,110,000011110011,12
0009.jpg,1,-5,101000010000,12
0009.jpg,1,-4,111101000011,12
0009.jpg,1,5,101000011111,12
0009.jpg,2,-8,001101110111,12
0009.jpg,2,-6,000000000010,12
0009.jpg,2,-5,010100011110,12
0009.jpg,2,-4,111110110100,12
0009.jpg,2,4,111000010100,12
0009.jpg,2,5,110111000010,12
0009.jpg,2,6,001101111000,12
0009.jpg,2,7,000000000100,12
0009.jpg,3,-9,111001001001,12
0009.jpg,3,-8,111000010101,12
0009.jpg,3,-7,111101000010,12
0009.jpg,3,8,110111110001,12
0009.jpg,3,9,110111110000,12
0009.jpg,3,10,001100000111,12
0009.jpg,4,-11,000011100010,12
0009.jpg,4,-10,101000011110,12
0009.jpg,4,-9,000011100011,12
0009.jpg,4,-8,111111000110,12
0009.jpg,4,-7,111110111001,12
0009.jpg,4,8,111001010101,12
0009.jpg,4,9,110100111110,12
0009.jpg,4,10,010100011101,12
0009.jpg,5,-10,001101110110,12
0009.jpg,5,-9,101001111110,12
0009.jpg,5,-8,110010100101,12
0009.jpg,5,-7,111110110101,12
0009.jpg,5,8,111101011000,12
0009.jpg,5,9,110100111111,12
0009.jpg,5,10,000000000011,12
0009.jpg,6,-12,001101000100,12
0009.jpg,6,-10,110010010111,12
0009.jpg,6,-9,111110010010,12
0009.jpg,6,9,111101011011,12
0009.jpg,6,10,101001111111,12
0009.jpg,6,11,010100011100,12
0009.jpg,7,-9,110010010110,12
0009.jpg,7,-8,111101011001,12
0009.jpg,7,-7,111111000111,12
0009.jpg,7,9,000000000101,12
0009.jpg,9,-1,010100011111,12
0009.jpg,9,1,110010100100,12
0009.jpg,0,-22,1010010101000,13
0009.jpg,0,-21,1100101001101,13
0009.jpg,0,-20,1011110011111,13
0009.jpg,0,111,0000111111001,13
0009.jpg,0,112,0000000111000,13
0009.jpg,1,-6,0011010001011,13
0009.jpg,1,6,1101110000111,13
0009.jpg,1,7,0000000111010,13
0009.jpg,2,-7,1111010110100,13
0009.jpg,2,8,1110010101001,13
0009.jpg,2,9,0011011110010,13
0009.jpg,3,-13,0000000001100,13
0009.jpg,3,-12,0000000001101,13
0009.jpg,3,-11,0011011110011,13
0009.jpg,3,-10,1111101111000,13
0009.jpg,3,11,1110010010001,13
0009.jpg,3,12,1111100100111,13
0009.jpg,3,13,1101110000110,13
0009.jpg,4,-16,1010010101001,13
0009.jpg,4,-13,0011011110100,13
0009.jpg,4,11,1011110011110,13
0009.jpg,4,12,1011110100001,13
0009.jpg,4,13,0011011110101,13
0009.jpg,4,14,0000111100101,13
0009.jpg,4,18,1110010101000,13
0009.jpg,5,-15,0000111111000,13
0009.jpg,5,-13,1011110011101,13
0009.jpg,5,-12,0000111100100,13
0009.jpg,5,-11,1111100101000,13
0009.jpg,5,11,1110010111011,13
0009.jpg,5,12,1110010111000,13
0009.jpg,5,13,1101110001010,13
0009.jpg,5,14,1111101111010,13
0009.jpg,5,15,1011110011100,13
0009.jpg,6,-16,0101011011011,13
0009.jpg,6,-15,0000000001110,13
0009.jpg,6,-14,0000000001111,13
0009.jpg,6,-13,1111100100110,13
0009.jpg,6,-11,1110010111001,13
0009.jpg,6,12,1111101110001,13
0009.jpg,6,13,1111101111001,13
0009.jpg,6,14,1100101001100,13
0009.jpg,7,-22,1101110001011,13
0009.jpg,7,-14,0000111111100,13
0009.jpg,7,-13,0000000111001,13
0009.jpg,7,-12,0011011110110,13
0009.jpg,7,-11,0011011110111,13
0009.jpg,7,-10,1110010111010,13
0009.jpg,7,8,1110010010000,13
0009.jpg,7,10,0000111111011,13
0009.jpg,7,11,1100101001110,13
0009.jpg,8,-2,1101110001001,13
0009.jpg,8,2,0101011011010,13
0009.jpg,11,-1,1101110001000,13
0009.jpg,11,1,1010000100011,13
0009.jpg,15,-2,0000111111010,13
0009.jpg,15,2,0000000111011,13
0009.jpg,16,-1,1010010101010,13
0009.jpg,16,1,1011110100000,13
0009.jpg,23,-1,1111100101001,13
0009.jpg,23,1,1111100101010,13
0009.jpg,0,-29,10111101000101,14
0009.jpg,0,-27,10111101001011,14
0009.jpg,0,-26,00001111111111,14
0009.jpg,0,-25,10111101001010,14
0009.jpg,0,-24,11011100011010,14
0009.jpg,0,-23,11011100011101,14
0009.jpg,0,113,01011000000010,14
0009.jpg,0,114,01011000000001,14
0009.jpg,0,115,00110000010001,14
0009.jpg,1,-8,01010110111011,14
0009.jpg,1,8,10111101000100,14
0009.jpg,2,-13,10100101010111,14
0009.jpg,2,-12,00110000010000,14
0009.jpg,2,-9,11111001010111,14
0009.jpg,2,10,11100101111010,14
0009.jpg,2,11,11111001011000,14
0009.jpg,2,13,00001111111010,14
0009.jpg,2,14,11100101111001,14
0009.jpg,3,-21,00110000010101,14
0009.jpg,3,-15,11100101111000,14
0009.jpg,3,-14,01010110111010,14
0009.jpg,3,14,11011100011100,14
0009.jpg,3,15,11111001011011,14
0009.jpg,3,16,11111001011100,14
0009.jpg,3,19,10111101001001,14
0009.jpg,3,23,00001111111011,14
0009.jpg,4,-23,00001111111110,14
0009.jpg,4,-18,01010110111100,14
0009.jpg,4,-15,11111011110111,14
0009.jpg,4,-14,11111001010110,14
0009.jpg,4,-12,11110101101011,14
0009.jpg,4,15,11100101111101,14
0009.jpg,4,16,01010110111110,14
0009.jpg,4,19,11111001011010,14
0009.jpg,5,-26,00001111111101,14
0009.jpg,5,-24,11001010011110,14
0009.jpg,5,-22,10111101001000,14
0009.jpg,5,-18,00001111111100,14
0009.jpg,5,-17,01010110111000,14
0009.jpg,5,-14,10111101000110,14
0009.jpg,5,16,11111001011101,14
0009.jpg,5,17,11111001011001,14
0009.jpg,5,18,11100101111100,14
0009.jpg,5,19,10111101001101,14
0009.jpg,5,20,00110000011001,14
0009.jpg,6,-29,01011000000011,14
0009.jpg,6,-26,00110000010111,14
0009.jpg,6,-22,11011100011111,14
0009.jpg,6,-21,01011000000100,14
0009.jpg,6,-19,10111101001110,14
0009.jpg,6,-18,00110000010011,14
0009.jpg,6,-17,01010110111101,14
0009.jpg,6,15,11011100011001,14
0009.jpg,6,16,11001010011111,14
0009.jpg,6,17,11100101111011,14
0009.jpg,6,18,01011000000000,14
0009.jpg,6,19,11100101111110,14
0009.jpg,6,20,11111001011111,14
0009.jpg,7,-28,00110000011000,14
0009.jpg,7,-27,00110100010100,14
0009.jpg,7,-21,11110101101010,14
0009.jpg,7,-20,11100101111111,14
0009.jpg,7,-16,00110000010010,14
0009.jpg,7,-15,00110000011011,14
0009.jpg,7,15,11011100011000,14
0009.jpg,7,16,01010110111111,14
0009.jpg,7,27,00110000011010,14
0009.jpg,7,28,01011000000101,14
0009.jpg,12,2,10111101000111,14
0009.jpg,13,-2,00110000010100,14
0009.jpg,13,2,01010110111001,14
0009.jpg,14,-2,10111101001100,14
0009.jpg,14,2,10111101001111,14
0009.jpg,21,-1,11011100011011,14
0009.jpg,21,1,00110000010110,14
0009.jpg,22,-1,11111001011110,14
0009.jpg,22,1,11011100011110,14
0009.jpg,0,-34,001101000101011,15
0009.jpg,0,-33,010110000010111,15
0009.jpg,0,-31,110111011001111,15
0009.jpg,0,-30,010110000011101,15
0009.jpg,0,-28,010110000001110,15
0009.jpg,0,116,010110000011011,15
0009.jpg,0,117,111110011001000,15
0009.jpg,0,120,110111011001100,15
0009.jpg,0,122,010110000011010,15
0009.jpg,0,123,111110011001010,15
0009.jpg,0,124,110111011000110,15
0009.jpg,1,-13,010110000001111,15
0009.jpg,1,-11,110111011010001,15
0009.jpg,1,11,111110011000001,15
0009.jpg,1,15,010110000011100,15
0009.jpg,2,-14,010110000010001,15
0009.jpg,2,-11,010110000001100,15
0009.jpg,2,-10,111110011000100,15
0009.jpg,2,12,111110011000101,15
0009.jpg,2,15,110111011000101,15
0009.jpg,3,-22,111110011000000,15
0009.jpg,3,-19,110111011000010,15
0009.jpg,3,-18,111110011000010,15
0009.jpg,3,-16,111110011001110,15
0009.jpg,3,17,010110000001101,15
0009.jpg,3,18,111110011000110,15
0009.jpg,3,21,110111011000100,15
0009.jpg,3,22,110111011000011,15
0009.jpg,4,-30,110111011010110,15
0009.jpg,4,-29,110111011010101,15
0009.jpg,4,-27,111110011001101,15
0009.jpg,4,-24,010110000011000,15
0009.jpg,4,-21,010110000011111,15
0009.jpg,4,-20,010110000100010,15
0009.jpg,4,-17,111110011001011,15
0009.jpg,4,17,110111011000111,15
0009.jpg,4,20,110111011001010,15
0009.jpg,4,21,010110000011001,15
0009.jpg,4,22,111110011001001,15
0009.jpg,4,25,010110000010010,15
0009.jpg,4,29,110111011001000,15
0009.jpg,5,-35,010110000011110,15
0009.jpg,5,-25,110111011011010,15
0009.jpg,5,-23,111110011010000,15
0009.jpg,5,-21,010110000100110,15
0009.jpg,5,-19,110111011000000,15
0009.jpg,5,22,010110000100100,15
0009.jpg,5,27,010110000010110,15
0009.jpg,5,32,010110000010101,15
0009.jpg,5,34,010110000010100,15
0009.jpg,6,-34,110111011011000,15
0009.jpg,6,-31,010110000101010,15
0009.jpg,6,-28,111110011010001,15
0009.jpg,6,-25,110111011011001,15
0009.jpg,6,-23,110111011010100,15
0009.jpg,6,21,110111011011101,15
0009.jpg,6,22,110111011010000,15
0009.jpg,6,24,110111011010111,15
0009.jpg,6,25,010110000101001,15
0009.jpg,6,28,010110000100011,15
0009.jpg,7,-37,110111011011011,15
0009.jpg,7,-24,110111011011110,15
0009.jpg,7,-19,110111011011111,15
0009.jpg,7,12,111110011000111,15
0009.jpg,7,13,010110000100101,15
0009.jpg,7,14,010110000101011,15
0009.jpg,7,17,111110011001100,15
0009.jpg,7,18,110111011011100,15
0009.jpg,7,21,111110011001111,15
0009.jpg,7,22,010110000100001,15
0009.jpg,7,23,010110000100111,15
0009.jpg,7,30,010110000101100,15
0009.jpg,8,-3,110111011001101,15
0009.jpg,8,3,110111011010010,15
0009.jpg,10,-1,111110011000011,15
0009.jpg,10,1,110111011001110,15
0009.jpg,12,-3,010110000010011,15
0009.jpg,15,-4,110111011010011,15
0009.jpg,15,-3,010110000101000,15
0009.jpg,15,3,010110000100000,15
0009.jpg,17,-1,010110000010000,15
0009.jpg,19,-1,110111011000001,15
0009.jpg,20,-1,110111011001001,15
0009.jpg,20,1,110111011001011,15
0009.jpg,0,-43,0101100001101000,16
0009.jpg,0,-42,0101100001101010,16
0009.jpg,0,-41,0101100100000101,16
0009.jpg,0,-36,0101100001100110,16
0009.jpg,0,-35,1111100110110110,16
0009.jpg,0,-32,1111100110111001,16
0009.jpg,0,118,1111100110110001,16
0009.jpg,0,119,1111100110110101,16
0009.jpg,0,121,1111100110110000,16
0009.jpg,1,-18,1111100110101101,16
0009.jpg,1,-14,0101100001111000,16
0009.jpg,1,-12,0101100001011101,16
0009.jpg,1,-10,1111100110101001,16
0009.jpg,1,-7,1111100110101000,16
0009.jpg,1,9,0101100001011111,16
0009.jpg,1,10,0101100001011110,16
0009.jpg,1,17,0101100001011010,16
0009.jpg,2,-25,1111100110111010,16
0009.jpg,2,-21,0101100001111111,16
0009.jpg,2,-17,1111100110101110,16
0009.jpg,2,-16,0101100001110101,16
0009.jpg,2,-15,1111100110101011,16
0009.jpg,2,16,0101100001011100,16
0009.jpg,2,17,0101100001101110,16
0009.jpg,2,19,0101100001101100,16
0009.jpg,2,20,0101100001101001,16
0009.jpg,2,21,1111100110111000,16
0009.jpg,3,-26,0101100001111010,16
0009.jpg,3,-25,1111100110100100,16
0009.jpg,3,-24,1111100110111011,16
0009.jpg,3,-23,1111100110101111,16
0009.jpg,3,-20,1111100110100111,16
0009.jpg,3,-17,1111100110101010,16
0009.jpg,3,20,0101100001101101,16
0009.jpg,3,24,1111100110110111,16
0009.jpg,3,25,1111100110110011,16
0009.jpg,3,32,1111100110101100,16
0009.jpg,4,-36,0101100100001001,16
0009.jpg,4,-35,0101100001110110,16
0009.jpg,4,-26,0101100001101111,16
0009.jpg,4,-25,1111101110000001,16
0009.jpg,4,-22,1111101110000011,16
0009.jpg,4,-19,1111100110100101,16
0009.jpg,4,23,0101100100001000,16
0009.jpg,4,24,0101100100001011,16
0009.jpg,4,27,0101100001110000,16
0009.jpg,4,28,0101100001101011,16
0009.jpg,5,-43,1111100110111101,16
0009.jpg,5,-42,0101100001110111,16
0009.jpg,5,-40,0101100001111001,16
0009.jpg,5,-38,0101100100000011,16
0009.jpg,5,-36,1111100110111100,16
0009.jpg,5,-34,0101100001111101,16
0009.jpg,5,-33,0101100100000000,16
0009.jpg,5,-32,1111101110000010,16
0009.jpg,5,-29,1111100110111111,16
0009.jpg,5,-28,0101100100001101,16
0009.jpg,5,-27,1111101110000000,16
0009.jpg,5,-20,0101100001111100,16
0009.jpg,5,-16,0011010001010101,16
0009.jpg,5,23,1111101111011000,16
0009.jpg,5,24,0101100100001110,16
0009.jpg,5,25,0101100001110001,16
0009.jpg,5,28,0101100100001010,16
0009.jpg,5,40,1111100110110010,16
0009.jpg,6,-43,0101100001111110,16
0009.jpg,6,-36,0101100100000001,16
0009.jpg,6,-35,1111101110000101,16
0009.jpg,6,-33,1111100110111110,16
0009.jpg,6,-32,0101100001110010,16
0009.jpg,6,-30,0101100100000010,16
0009.jpg,6,-27,1111101110000110,16
0009.jpg,6,-24,0101100001111011,16
0009.jpg,6,23,0101100001110100,16
0009.jpg,6,27,0101100100010001,16
0009.jpg,6,31,0011010001010100,16
0009.jpg,6,37,0101100001100001,16
0009.jpg,6,39,0101100001100011,16
0009.jpg,7,-32,0101100100000100,16
0009.jpg,7,-31,0101100100001100,16
0009.jpg,7,-26,1111101111011010,16
0009.jpg,7,-23,0101100100010101,16
0009.jpg,7,-18,1111101110000100,16
0009.jpg,7,-17,1111101111011001,16
0009.jpg,7,19,1111101110000111,16
0009.jpg,7,20,1111100110100110,16
0009.jpg,7,26,0101100100010100,16
0009.jpg,7,29,0101100100010000,16
0009.jpg,7,38,0101100001100010,16
0009.jpg,8,4,1111101111011011,16
0009.jpg,8,5,0101100100001111,16
0009.jpg,11,-2,0101100001011011,16
0009.jpg,12,-2,0101100001100000,16
0009.jpg,14,-9,0101100100000111,16
0009.jpg,14,-6,0101100100010010,16
0009.jpg,14,3,0101100100000110,16
0009.jpg,15,-5,0101100100010011,16
0009.jpg,17,1,0101100001100100,16
0009.jpg,18,-1,1111100110110100,16
0009.jpg,19,1,0101100001100111,16
0009.jpg,28,1,0101100001110011,16
0009.jpg,31,1,0101100001100101,16
0009.jpg,0,-48,01011001001000000,17
0009.jpg,0,-47,01011001000111111,17
0009.jpg,0,-46,01011001001001100,17
0009.jpg,0,-40,01011001001110101,17
0009.jpg,0,125,01011001000110110,17
0009.jpg,1,-16,01011001000101111,17
0009.jpg,1,-9,01011001000111100,17
0009.jpg,1,12,01011001000101101,17
0009.jpg,1,13,10100001000100111,17
0009.jpg,1,18,01011001000110000,17
0009.jpg,2,-33,01011001001100001,17
0009.jpg,2,-30,01011001000110100,17
0009.jpg,2,-29,01011001001110100,17
0009.jpg,2,-28,01011001001101011,17
0009.jpg,2,-26,01011001000110001,17
0009.jpg,2,-20,01011001001011001,17
0009.jpg,2,-19,01011001000110010,17
0009.jpg,2,-18,01011001001011000,17
0009.jpg,2,18,01011001001110000,17
0009.jpg,2,23,01011001001111000,17
0009.jpg,2,24,01011001000110011,17
0009.jpg,2,25,01011001001001101,17
0009.jpg,2,29,01011001001000001,17
0009.jpg,3,-43,01011001001010010,17
0009.jpg,3,-42,01011001001101101,17
0009.jpg,3,-41,01011001001011100,17
0009.jpg,3,-38,01011001001101010,17
0009.jpg,3,-32,01011001001001000,17
0009.jpg,3,-30,01011001001100000,17
0009.jpg,3,-29,01011001000111110,17
0009.jpg,3,-28,01011001001101001,17
0009.jpg,3,26,01011001001101111,17
0009.jpg,3,27,01011001001000101,17
0009.jpg,3,28,01011001000110101,17
0009.jpg,3,30,01011001001110011,17
0009.jpg,3,31,01011001001000110,17
0009.jpg,3,37,01011001001101110,17
0009.jpg,4,-50,01011001001000111,17
0009.jpg,4,-45,01011001001001110,17
0009.jpg,4,-43,01011001001001111,17
0009.jpg,4,-40,01011001001101100,17
0009.jpg,4,-37,01011001001011110,17
0009.jpg,4,-34,01011001001111001,17
0009.jpg,4,-33,01011001001001001,17
0009.jpg,4,-32,10100001000101001,17
0009.jpg,4,-31,01011001001011011,17
0009.jpg,4,-28,10100001000100001,17
0009.jpg,4,26,01011001001011010,17
0009.jpg,4,32,01011001001010101,17
0009.jpg,4,34,10100101010110011,17
0009.jpg,4,35,01011001001011111,17
0009.jpg,4,37,01011001001010011,17
0009.jpg,4,38,01011001000111011,17
0009.jpg,4,42,01011001001010000,17
0009.jpg,5,-41,01011001001100101,17
0009.jpg,5,-37,01011001001100110,17
0009.jpg,5,26,10100001000101100,17
0009.jpg,5,33,01011001001001011,17
0009.jpg,5,35,01011001001010001,17
0009.jpg,5,36,01011001001100100,17
0009.jpg,5,37,10100101010110100,17
0009.jpg,5,38,01011001001100011,17
0009.jpg,5,39,01011001000111000,17
0009.jpg,5,41,01011001001010100,17
0009.jpg,6,-45,01011001001001010,17
0009.jpg,6,-41,01011001001111011,17
0009.jpg,6,-37,01011001001100010,17
0009.jpg,6,-20,10100001000100000,17
0009.jpg,6,30,01011001001111110,17
0009.jpg,6,33,10100101010110111,17
0009.jpg,6,34,10100101010110110,17
0009.jpg,6,35,10100101010110101,17
0009.jpg,6,40,01011001000110111,17
0009.jpg,6,44,01011001000111001,17
0009.jpg,7,-45,01011001001111100,17
0009.jpg,7,-38,10100001000100010,17
0009.jpg,7,-36,10100001000100011,17
0009.jpg,7,-34,10100001000100100,17
0009.jpg,7,-30,01011001001110001,17
0009.jpg,7,-29,01011001001111010,17
0009.jpg,7,-25,01011001001100111,17
0009.jpg,7,24,10100001000101011,17
0009.jpg,7,40,01011001000111010,17
0009.jpg,8,-5,01011001000101100,17
0009.jpg,8,-4,10100001000101010,17
0009.jpg,10,2,01011001000101110,17
0009.jpg,11,2,01011001001000100,17
0009.jpg,12,3,01011001001101000,17
0009.jpg,13,-9,01011001001110111,17
0009.jpg,13,-3,01011001000111101,17
0009.jpg,13,3,01011001001011101,17
0009.jpg,14,-5,10100001000101111,17
0009.jpg,14,-4,01011001001110010,17
0009.jpg,14,-3,10100001000101101,17
0009.jpg,14,5,01011001001111101,17
0009.jpg,14,6,10100101010110010,17
0009.jpg,15,-9,10100101010110000,17
0009.jpg,15,-8,01011001001110110,17
0009.jpg,15,-6,10100001000101110,17
0009.jpg,20,-4,01011001001000010,17
0009.jpg,22,-2,10100101010110001,17
0009.jpg,24,-1,10100001000101000,17
0009.jpg,24,1,10100001000100101,17
0009.jpg,27,1,01011001001010110,17
0009.jpg,28,-1,01011001001010111,17
0009.jpg,29,-1,10100001000100110,17
0009.jpg,30,1,01011001001111111,17
0009.jpg,34,1,01011001001000011,17
0010.jpg,0,-1,101,3
0010.jpg,0,1,011,3
0010.jpg,0,-2,0100,4
0010.jpg,0,2,0001,4
0010.jpg,0,-4,10001,5
0010.jpg,0,-3,11101,5
0010.jpg,0,3,00111,5
0010.jpg,7,-1,01011,5
0010.jpg,7,1,00101,5
0010.jpg,0,-5,100001,6
0010.jpg,0,4,000011,6
0010.jpg,1,-1,110100,6
0010.jpg,1,1,110111,6
0010.jpg,6,-1,010101,6
0010.jpg,6,1,100110,6
0010.jpg,0,-16,0000000,7
0010.jpg,0,-6,1001010,7
0010.jpg,0,0,1000001,7
0010.jpg,0,5,1100000,7
0010.jpg,0,15,0101000,7
0010.jpg,4,-1,1000000,7
0010.jpg,4,1,1100001,7
0010.jpg,5,-1,1111011,7
0010.jpg,5,1,1111101,7
0010.jpg,7,2,0011000,7
0010.jpg,0,-15,10010011,8
0010.jpg,0,-14,11100111,8
0010.jpg,0,-8,00100101,8
0010.jpg,0,-7,11110010,8
0010.jpg,0,6,11111101,8
0010.jpg,0,7,11100011,8
0010.jpg,0,8,00000010,8
0010.jpg,0,10,00000100,8
0010.jpg,0,11,00100001,8
0010.jpg,0,13,00000111,8
0010.jpg,0,14,00110011,8
0010.jpg,0,16,11011000,8
0010.jpg,0,17,11110001,8
0010.jpg,0,18,11000111,8
0010.jpg,2,1,00100000,8
0010.jpg,3,-1,11001000,8
0010.jpg,3,1,11010111,8
0010.jpg,4,-2,00001010,8
0010.jpg,4,2,10010000,8
0010.jpg,5,-2,00100011,8
0010.jpg,5,2,10010110,8
0010.jpg,6,-2,11001101,8
0010.jpg,6,2,11100101,8
0010.jpg,7,-2,11110100,8
0010.jpg,7,3,01010010,8
0010.jpg,0,-17,111110001,9
0010.jpg,0,-13,110110110,9
0010.jpg,0,-12,000010011,9
0010.jpg,0,-11,001100101,9
0010.jpg,0,-9,110011001,9
0010.jpg,0,9,110110011,9
0010.jpg,0,12,111111001,9
0010.jpg,0,19,001001101,9
0010.jpg,0,20,010100110,9
0010.jpg,0,21,110010111,9
0010.jpg,0,22,001101001,9
0010.jpg,0,23,100100100,9
0010.jpg,0,24,100101111,9
0010.jpg,0,25,001101111,9
0010.jpg,1,-2,111000101,9
0010.jpg,1,2,111000001,9
0010.jpg,2,-1,111110010,9
0010.jpg,3,-2,110010101,9
0010.jpg,3,2,110101101,9
0010.jpg,3,3,000001011,9
0010.jpg,4,-3,100100011,9
0010.jpg,4,3,110010011,9
0010.jpg,5,-3,100111011,9
0010.jpg,5,3,110101010,9
0010.jpg,6,-3,100101110,9
0010.jpg,6,3,110101000,9
0010.jpg,7,-3,100111110,9
0010.jpg,7,4,100100010,9
0010.jpg,8,-1,111100000,9
0010.jpg,8,1,110011111,9
0010.jpg,15,-1,001101010,9
0010.jpg,15,1,110010010,9
0010.jpg,0,-18,1101101110,10
0010.jpg,0,-10,1111110000,10
0010.jpg,0,26,1111111111,10
0010.jpg,0,27,1111010111,10
0010.jpg,0,28,1111001110,10
0010.jpg,0,29,1110011010,10
0010.jpg,0,30,1110011000,10
0010.jpg,0,31,1111111011,10
0010.jpg,0,32,1111010110,10
0010.jpg,0,33,1110001000,10
0010.jpg,0,34,1110010000,10
0010.jpg,0,35,1110010010,10
0010.jpg,0,36,1110001001,10
0010.jpg,0,37,1111111100,10
0010.jpg,0,38,1110011011,10
0010.jpg,0,39,1100110001,10
0010.jpg,0,40,1100010000,10
0010.jpg,0,42,0011011101,10
0010.jpg,0,43,0000100000,10
0010.jpg,0,44,0010011101,10
0010.jpg,0,45,0011010110,10
0010.jpg,0,46,0010011100,10
0010.jpg,0,47,0011010111,10
0010.jpg,0,49,0000101111,10
0010.jpg,0,51,1001111111,10
0010.jpg,0,52,0000101110,10
0010.jpg,0,53,1001111110,10
0010.jpg,0,54,0011011001,10
0010.jpg,0,55,0011001001,10
0010.jpg,0,56,1001110101,10
0010.jpg,0,58,0000011001,10
0010.jpg,0,60,0000011000,10
0010.jpg,0,61,1100011001,10
0010.jpg,0,62,1001111000,10
0010.jpg,0,63,1001111001,10
0010.jpg,0,64,0101001111,10
0010.jpg,0,65,1100101001,10
0010.jpg,0,66,1100010110,10
0010.jpg,0,67,0000100100,10
0010.jpg,0,68,1100010111,10
0010.jpg,0,70,0000100101,10
0010.jpg,0,71,0010010011,10
0010.jpg,0,72,0000100001,10
0010.jpg,0,73,1101010010,10
0010.jpg,0,74,1101010011,10
0010.jpg,0,75,0010010010,10
0010.jpg,0,76,0000100011,10
0010.jpg,0,77,0000010101,10
0010.jpg,0,80,0000011011,10
0010.jpg,0,82,0000100010,10
0010.jpg,0,83,1100010101,10
0010.jpg,0,85,0000001101,10
0010.jpg,0,86,1100110000,10
0010.jpg,0,87,1110000110,10
0010.jpg,0,88,1101101000,10
0010.jpg,0,89,1001111011,10
0010.jpg,0,90,1101101011,10
0010.jpg,0,91,1111001100,10
0010.jpg,0,92,1100010010,10
0010.jpg,0,93,1101010110,10
0010.jpg,0,94,1110010011,10
0010.jpg,0,95,1001110000,10
0010.jpg,0,96,1100111100,10
0010.jpg,0,97,1101011000,10
0010.jpg,0,98,0010011110,10
0010.jpg,0,100,0011011011,10
0010.jpg,1,-3,0011010001,10
0010.jpg,1,3,0010001000,10
0010.jpg,3,-4,1001001011,10
0010.jpg,3,-3,1110000111,10
0010.jpg,3,4,1100111000,10
0010.jpg,4,-5,0000001110,10
0010.jpg,4,-4,1100011011,10
0010.jpg,4,4,1110000100,10
0010.jpg,4,5,1001001010,10
0010.jpg,5,-5,0000001111,10
0010.jpg,5,-4,1100111001,10
0010.jpg,5,4,1101010111,10
0010.jpg,5,5,0011011010,10
0010.jpg,6,-5,1100111010,10
0010.jpg,6,-4,1110010001,10
0010.jpg,6,4,1111001101,10
0010.jpg,6,5,0101001110,10
0010.jpg,7,-5,0010011111,10
0010.jpg,7,-4,1101100100,10
0010.jpg,7,5,1101101001,10
0010.jpg,13,-1,0010001001,10
0010.jpg,13,1,0000101100,10
0010.jpg,14,-1,1100111101,10
0010.jpg,14,1,1100011010,10
0010.jpg,0,41,11111110100,11
0010.jpg,0,48,11110101001,11
0010.jpg,0,50,11111000001,11
0010.jpg,0,57,11111110010,11
0010.jpg,0,59,11111110001,11
0010.jpg,0,69,11111111100,11
0010.jpg,0,78,11000110000,11
0010.jpg,0,79,11111000000,11
0010.jpg,0,81,11110000101,11
0010.jpg,0,84,11111111011,11
0010.jpg,0,99,11111111101,11
0010.jpg,0,101,11100110010,11
0010.jpg,0,102,11111100011,11
0010.jpg,0,103,11100001010,11
0010.jpg,0,104,00001011010,11
0010.jpg,0,105,00000101000,11
0010.jpg,0,106,00100110001,11
0010.jpg,1,4,00100010101,11
0010.jpg,2,-3,00100110011,11
0010.jpg,2,-2,11111110101,11
0010.jpg,2,2,11110101000,11
0010.jpg,2,3,00110010001,11
0010.jpg,2,4,00110100001,11
0010.jpg,3,-6,00000011001,11
0010.jpg,3,-5,11100110011,11
0010.jpg,3,5,11110011110,11
0010.jpg,3,6,11010110011,11
0010.jpg,4,-7,00100010100,11
0010.jpg,4,-6,11001010000,11
0010.jpg,4,6,11011001010,11
0010.jpg,4,7,00110010000,11
0010.jpg,5,-7,00110110001,11
0010.jpg,5,-6,11000100110,11
0010.jpg,5,6,11100001011,11
0010.jpg,5,7,00100110000,11
0010.jpg,6,-7,11000100111,11
0010.jpg,6,-6,11100000010,11
0010.jpg,6,6,11001110111,11
0010.jpg,6,7,11000100010,11
0010.jpg,7,-8,00100110010,11
0010.jpg,7,-6,11011010100,11
0010.jpg,7,6,11111000010,11
0010.jpg,7,7,00110111000,11
0010.jpg,0,-19,100111000100,12
0010.jpg,0,107,110010100010,12
0010.jpg,1,-4,111110011000,12
0010.jpg,2,-5,110010110001,12
0010.jpg,2,-4,111100001111,12
0010.jpg,2,5,000001101011,12
0010.jpg,2,6,001000101110,12
0010.jpg,3,-8,001000101101,12
0010.jpg,3,-7,110110010110,12
0010.jpg,3,7,111110011001,12
0010.jpg,3,8,100111101001,12
0010.jpg,4,-10,001101000000,12
0010.jpg,4,-9,110011101101,12
0010.jpg,4,-8,110001100011,12
0010.jpg,4,8,111110000111,12
0010.jpg,4,9,001000101100,12
0010.jpg,4,10,000010110110,12
0010.jpg,5,-11,110101100100,12
0010.jpg,5,-10,111101010101,12
0010.jpg,5,-9,110110101010,12
0010.jpg,5,-8,111000000111,12
0010.jpg,5,8,111100111110,12
0010.jpg,5,10,001101100000,12
0010.jpg,5,12,001101100001,12
0010.jpg,6,-10,110010100011,12
0010.jpg,6,-9,111111100001,12
0010.jpg,6,-8,111101010111,12
0010.jpg,6,8,111111000101,12
0010.jpg,6,9,110001000111,12
0010.jpg,6,10,110001000110,12
0010.jpg,6,11,001101110010,12
0010.jpg,6,13,001000101111,12
0010.jpg,7,-11,100111101011,12
0010.jpg,7,-10,110110010111,12
0010.jpg,7,-9,110110101011,12
0010.jpg,7,-7,111100111111,12
0010.jpg,7,8,111101010100,12
0010.jpg,7,9,100111101010,12
0010.jpg,9,-1,001101000001,12
0010.jpg,9,1,100111000101,12
0010.jpg,12,-1,111111110101,12
0010.jpg,12,1,111111110100,12
0010.jpg,0,-24,0000101101111,13
0010.jpg,0,-23,0000011010100,13
0010.jpg,0,-22,1101101111100,13
0010.jpg,0,-20,0000011010001,13
0010.jpg,0,108,1111100110110,13
0010.jpg,0,109,1111111001101,13
0010.jpg,0,110,1101101111111,13
0010.jpg,0,111,0000011010000,13
0010.jpg,1,-7,0010010000101,13
0010.jpg,1,-6,0000001100001,13
0010.jpg,1,-5,1101101111001,13
0010.jpg,1,5,1101101111011,13
0010.jpg,1,6,1100101100110,13
0010.jpg,2,-9,0000010100101,13
0010.jpg,2,-8,0011011100110,13
0010.jpg,2,-7,1100010100110,13
0010.jpg,2,-6,1100010100000,13
0010.jpg,2,7,1111100001101,13
0010.jpg,2,8,1100010100010,13
0010.jpg,2,9,1100101100001,13
0010.jpg,3,-13,0010010000011,13
0010.jpg,3,-12,0010010000001,13
0010.jpg,3,-10,0010010000000,13
0010.jpg,3,-9,1111111000001,13
0010.jpg,3,9,1111111001100,13
0010.jpg,3,10,1101011001010,13
0010.jpg,3,12,1111010101100,13
0010.jpg,3,13,1100101100101,13
0010.jpg,4,-14,1101011001011,13
0010.jpg,4,-12,1100101100100,13
0010.jpg,4,-11,1100010100011,13
0010.jpg,4,11,1111000010001,13
0010.jpg,4,12,1101101111000,13
0010.jpg,4,13,1100010100101,13
0010.jpg,4,14,0010010000010,13
0010.jpg,4,15,0000001100010,13
0010.jpg,5,-16,1001110001101,13
0010.jpg,5,-15,0000011010101,13
0010.jpg,5,-14,0010010000110,13
0010.jpg,5,-13,1100011000101,13
0010.jpg,5,-12,1100101101010,13
0010.jpg,5,9,1101101111101,13
0010.jpg,5,11,1101101111110,13
0010.jpg,5,13,0000010100111,13
0010.jpg,5,14,1111100110100,13
0010.jpg,6,-18,0010010000111,13
0010.jpg,6,-17,1001110001110,13
0010.jpg,6,-16,1100101101100,13
0010.jpg,6,-15,1111000010011,13
0010.jpg,6,-14,1111000011000,13
0010.jpg,6,-13,1100101100111,13
0010.jpg,6,-12,1100101101011,13
0010.jpg,6,-11,1111111001110,13
0010.jpg,6,12,1100010100100,13
0010.jpg,6,14,1001110001111,13
0010.jpg,6,15,1001110001100,13
0010.jpg,7,-14,1001110010000,13
0010.jpg,7,-12,1111010101101,13
0010.jpg,7,10,1111000010010,13
0010.jpg,7,11,1100101101000,13
0010.jpg,7,12,1111100110101,13
0010.jpg,7,13,0010010001000,13
0010.jpg,7,14,1111100110111,13
0010.jpg,7,15,1100010100111,13
0010.jpg,8,-2,0000011010011,13
0010.jpg,8,2,0000010100100,13
0010.jpg,11,-1,1100010100001,13
0010.jpg,11,1,1101101111010,13
0010.jpg,15,-2,0010010000100,13
0010.jpg,15,2,0000001100011,13
0010.jpg,16,-1,1100011000100,13
0010.jpg,21,-1,1100101101001,13
0010.jpg,21,1,0000010100110,13
0010.jpg,22,-1,0000011010010,13
0010.jpg,23,-1,1111000010000,13
0010.jpg,23,1,1111111001111,13
0010.jpg,0,-35,00001011011101,14
0010.jpg,0,-30,00100100011001,14
0010.jpg,0,-28,11110000110100,14
0010.jpg,0,-27,11100000000100,14
0010.jpg,0,-25,11110000110110,14
0010.jpg,0,-21,11001011011010,14
0010.jpg,0,113,11110000111001,14
0010.jpg,0,114,11100000000110,14
0010.jpg,0,115,00100100011101,14
0010.jpg,0,118,00100100011011,14
0010.jpg,0,119,00100100011100,14
0010.jpg,1,-8,00100100010010,14
0010.jpg,1,7,11110000110111,14
0010.jpg,1,8,11110000110010,14
0010.jpg,1,9,10011100100011,14
0010.jpg,1,10,11001011000001,14
0010.jpg,2,-11,00110111001111,14
0010.jpg,2,-10,10011100100010,14
0010.jpg,2,10,11100000000000,14
0010.jpg,2,11,11001011011111,14
0010.jpg,3,-15,11100000000011,14
0010.jpg,3,-14,11111001110000,14
0010.jpg,3,-11,11100000000010,14
0010.jpg,3,11,11111000011001,14
0010.jpg,3,15,11001011011100,14
0010.jpg,3,17,11001011011110,14
0010.jpg,4,-17,11001011011011,14
0010.jpg,4,-15,11110000111011,14
0010.jpg,4,-13,11100000000001,14
0010.jpg,4,16,10011100100100,14
0010.jpg,4,17,10011100100110,14
0010.jpg,4,24,00100100010110,14
0010.jpg,5,-19,10011100101001,14
0010.jpg,5,-18,00100100011110,14
0010.jpg,5,-17,10011100101010,14
0010.jpg,5,15,11110000110101,14
0010.jpg,5,16,00100100010011,14
0010.jpg,5,17,11100000000101,14
0010.jpg,5,18,11001110110011,14
0010.jpg,5,19,10011100101000,14
0010.jpg,6,-29,00100100011111,14
0010.jpg,6,-23,11100000001000,14
0010.jpg,6,-22,00110111001110,14
0010.jpg,6,-21,10011100100111,14
0010.jpg,6,-19,11001110110000,14
0010.jpg,6,16,11100000000111,14
0010.jpg,6,18,11110000111010,14
0010.jpg,6,19,00100100010100,14
0010.jpg,6,20,11001011011101,14
0010.jpg,6,22,11001110110010,14
0010.jpg,7,-18,11110000111000,14
0010.jpg,7,-17,11111001110011,14
0010.jpg,7,-15,11111001110100,14
0010.jpg,7,-13,11111001110001,14
0010.jpg,7,17,00100100010101,14
0010.jpg,13,2,00100100010111,14
0010.jpg,14,-2,11001110110001,14
0010.jpg,14,2,10011100100101,14
0010.jpg,16,1,11110000110011,14
0010.jpg,20,-1,00100100011000,14
0010.jpg,20,1,00100100011010,14
0010.jpg,22,1,11111001110010,14
0010.jpg,0,-38,111000000010110,15
0010.jpg,0,-34,111110011101111,15
0010.jpg,0,-33,111110011110000,15
0010.jpg,0,-31,100111001011010,15
0010.jpg,0,-29,100111001100010,15
0010.jpg,0,112,100111001101000,15
0010.jpg,0,116,111110011110100,15
0010.jpg,0,117,100111001101010,15
0010.jpg,0,120,100111001101001,15
0010.jpg,0,121,111110011110011,15
0010.jpg,0,122,111110011110101,15
0010.jpg,0,123,111000000110101,15
0010.jpg,1,-13,111000000010111,15
0010.jpg,1,-9,111110000110001,15
0010.jpg,1,13,111000000011000,15
0010.jpg,2,-19,100111001011000,15
0010.jpg,2,-17,100111001011100,15
0010.jpg,2,-15,111000000011001,15
0010.jpg,2,-12,100111001011001,15
0010.jpg,2,13,111110011101100,15
0010.jpg,2,14,111000000010100,15
0010.jpg,2,16,100111001011110,15
0010.jpg,2,18,111000000010010,15
0010.jpg,2,19,100111001010111,15
0010.jpg,3,-19,111000000110000,15
0010.jpg,3,-16,100111001010110,15
0010.jpg,3,14,111000000011110,15
0010.jpg,3,16,111110011101010,15
0010.jpg,3,18,111000000010011,15
0010.jpg,3,19,111110011101011,15
0010.jpg,3,20,100111001011101,15
0010.jpg,3,23,111000000011010,15
0010.jpg,3,24,100111001100111,15
0010.jpg,4,-31,100111001101101,15
0010.jpg,4,-27,100111001100110,15
0010.jpg,4,-23,100111001101011,15
0010.jpg,4,-22,111000000110011,15
0010.jpg,4,-21,111000000110001,15
0010.jpg,4,-20,111110011110001,15
0010.jpg,4,-19,100111001101110,15
0010.jpg,4,-18,111000000011101,15
0010.jpg,4,-16,111110011110110,15
0010.jpg,4,18,111000000011011,15
0010.jpg,4,20,100111001100100,15
0010.jpg,5,-27,111000000110100,15
0010.jpg,5,-25,111110011110111,15
0010.jpg,5,-22,100111001101111,15
0010.jpg,5,-21,111000000011100,15
0010.jpg,5,20,111000000110110,15
0010.jpg,5,21,111110011101110,15
0010.jpg,5,22,100111001100000,15
0010.jpg,5,23,111110011101101,15
0010.jpg,5,26,000000110000000,15
0010.jpg,5,29,000000110000010,15
0010.jpg,6,-28,111110011111000,15
0010.jpg,6,-27,100111001110011,15
0010.jpg,6,-25,000000110000001,15
0010.jpg,6,-20,100111001110000,15
0010.jpg,6,17,111110011111001,15
0010.jpg,6,21,111000000010101,15
0010.jpg,6,27,111000000110111,15
0010.jpg,6,28,100111001100001,15
0010.jpg,7,-26,000010110111001,15
0010.jpg,7,-24,000010110111000,15
0010.jpg,7,-23,100111001101100,15
0010.jpg,7,-22,111110011111010,15
0010.jpg,7,-20,111110011110010,15
0010.jpg,7,-19,100111001100101,15
0010.jpg,7,-16,100111001110100,15
0010.jpg,7,16,100111001110010,15
0010.jpg,7,18,100111001110101,15
0010.jpg,7,20,100111001011111,15
0010.jpg,7,22,000000110000011,15
0010.jpg,7,23,111110000110000,15
0010.jpg,8,3,100111001110001,15
0010.jpg,10,-1,100111001011011,15
0010.jpg,12,2,111000000110010,15
0010.jpg,13,-2,111000000011111,15
0010.jpg,15,3,100111001100011,15
0010.jpg,0,-43,1001110100000110,16
0010.jpg,0,-42,1001110011111111,16
0010.jpg,0,-39,1001110100000100,16
0010.jpg,0,-37,1111110001000011,16
0010.jpg,0,-36,1001110011111110,16
0010.jpg,0,-26,1111100111111101,16
0010.jpg,1,-12,1111110001000001,16
0010.jpg,1,-10,1001110011101100,16
0010.jpg,1,11,1001110100001101,16
0010.jpg,1,12,1001110100000000,16
0010.jpg,2,-26,1001110011111010,16
0010.jpg,2,-20,1001110011110101,16
0010.jpg,2,-14,1111100111111110,16
0010.jpg,2,-13,1111100111111100,16
0010.jpg,2,12,1001110100001111,16
0010.jpg,3,-35,1001110100001000,16
0010.jpg,3,-29,1001110011111001,16
0010.jpg,3,-26,1001110011110111,16
0010.jpg,3,-23,1001110100000101,16
0010.jpg,3,-22,1001110100010001,16
0010.jpg,3,-20,1111110001001100,16
0010.jpg,3,-18,1001110011110001,16
0010.jpg,3,21,1111100111111111,16
0010.jpg,3,25,1001110100000111,16
0010.jpg,3,26,1111110001000000,16
0010.jpg,3,27,1001110011110000,16
0010.jpg,3,28,1001110011101111,16
0010.jpg,3,32,1001110100001010,16
0010.jpg,3,34,1001110100000010,16
0010.jpg,4,-32,1111111000000100,16
0010.jpg,4,-30,1001110100001001,16
0010.jpg,4,-29,1001110100001011,16
0010.jpg,4,-28,1001110100010000,16
0010.jpg,4,-24,1111111000000110,16
0010.jpg,4,19,1001110100011001,16
0010.jpg,4,21,1111111000000010,16
0010.jpg,4,22,1111100111111010,16
0010.jpg,4,23,1111110001000100,16
0010.jpg,4,27,1111110001000101,16
0010.jpg,4,28,1111110001001110,16
0010.jpg,4,30,1111100111110110,16
0010.jpg,4,36,1001110100000011,16
0010.jpg,4,47,1001110100010011,16
0010.jpg,5,-29,1111111000000001,16
0010.jpg,5,-26,1001110100010111,16
0010.jpg,5,-24,1111110001001001,16
0010.jpg,5,-23,1111110001000111,16
0010.jpg,5,-20,1001110011111101,16
0010.jpg,5,24,1111110001001101,16
0010.jpg,5,27,1111111000000011,16
0010.jpg,5,32,1111110001001111,16
0010.jpg,6,-39,1001110100001100,16
0010.jpg,6,-33,1001110100010010,16
0010.jpg,6,-31,1001110100010110,16
0010.jpg,6,-24,1111110001001000,16
0010.jpg,6,24,1001110100011111,16
0010.jpg,6,25,1001110011111011,16
0010.jpg,6,26,1111111000000000,16
0010.jpg,6,32,1001110100001110,16
0010.jpg,7,-34,1001110100010101,16
0010.jpg,7,-27,1001110100100000,16
0010.jpg,7,-25,1001110100011000,16
0010.jpg,7,-21,1001110011111100,16
0010.jpg,7,19,1001110100011011,16
0010.jpg,7,21,1001110100011100,16
0010.jpg,7,24,1001110100011010,16
0010.jpg,7,26,1001110011110010,16
0010.jpg,7,27,1001110100011110,16
0010.jpg,7,29,1001110100011101,16
0010.jpg,7,35,1001110011110011,16
0010.jpg,7,38,1001110011110100,16
0010.jpg,10,1,1001110011101110,16
0010.jpg,11,-2,1111100111110111,16
0010.jpg,11,2,1001110100000001,16
0010.jpg,12,-3,1111100111111000,16
0010.jpg,12,-2,1111111000000101,16
0010.jpg,14,3,1111110001001011,16
0010.jpg,15,-6,1111111000000111,16
0010.jpg,15,-5,1001110011110110,16
0010.jpg,15,-3,1111110001001010,16
0010.jpg,15,4,1111100111111011,16
0010.jpg,15,5,1001110100010100,16
0010.jpg,17,1,1001110011101101,16
0010.jpg,19,1,1001110011111000,16
0010.jpg,30,-1,1111110001000110,16
0010.jpg,31,-1,1111100111111001,16
0010.jpg,31,1,1111110001000010,16
0010.jpg,0,-51,10011110100011001,17
0010.jpg,0,-47,10011101001101001,17
0010.jpg,0,-40,10011101001010111,17
0010.jpg,0,-32,10011101001100101,17
0010.jpg,0,126,10011110100011100,17
0010.jpg,1,-18,10011110100010100,17
0010.jpg,1,-17,10011101001110001,17
0010.jpg,1,-14,10011110100010110,17
0010.jpg,1,22,10011101001111101,17
0010.jpg,1,23,10011101001011110,17
0010.jpg,1,24,10011101001010000,17
0010.jpg,1,27,10011101001010100,17
0010.jpg,1,32,10011110100010001,17
0010.jpg,2,-29,10011101001100000,17
0010.jpg,2,-23,10011110100011110,17
0010.jpg,2,-21,10011101001100010,17
0010.jpg,2,-18,10011101001101101,17
0010.jpg,2,-16,10011101001011001,17
0010.jpg,2,15,10011101001101011,17
0010.jpg,2,21,10011101001010110,17
0010.jpg,2,22,10011101001111111,17
0010.jpg,2,23,10011101001000011,17
0010.jpg,2,24,10011101001101010,17
0010.jpg,2,26,11001011000000000,17
0010.jpg,2,29,10011101001010011,17
0010.jpg,2,32,10011101001011011,17
0010.jpg,3,-44,10011101001110110,17
0010.jpg,3,-37,10011110100001100,17
0010.jpg,3,-34,10011110100001101,17
0010.jpg,3,-31,10011101001111110,17
0010.jpg,3,-28,10011110100000000,17
0010.jpg,3,-24,10011101001101100,17
0010.jpg,3,-21,10011110100001001,17
0010.jpg,3,22,10011110100010111,17
0010.jpg,3,29,10011110100011010,17
0010.jpg,3,31,10011101001010001,17
0010.jpg,3,35,10011110100001010,17
0010.jpg,3,36,10011110100010010,17
0010.jpg,3,38,10011110100000101,17
0010.jpg,4,-50,10011101001110101,17
0010.jpg,4,-45,10011101001110011,17
0010.jpg,4,-36,10011110100000001,17
0010.jpg,4,-35,10011110100010011,17
0010.jpg,4,-26,11001011000000001,17
0010.jpg,4,-25,10011101001110000,17
0010.jpg,4,26,10011101001010101,17
0010.jpg,4,32,10011101001001111,17
0010.jpg,4,33,10011101001110010,17
0010.jpg,4,35,10011101001100100,17
0010.jpg,4,40,10011101001001101,17
0010.jpg,5,-50,10011101001110100,17
0010.jpg,5,-41,10011101001110111,17
0010.jpg,5,-40,10011110100001110,17
0010.jpg,5,-36,10011101001111001,17
0010.jpg,5,-34,10011110100000111,17
0010.jpg,5,-30,10011101001100001,17
0010.jpg,5,25,11001011000000010,17
0010.jpg,5,31,10011101001101111,17
0010.jpg,5,37,10011101001001001,17
0010.jpg,5,41,10011101001100110,17
0010.jpg,6,-40,10011101001111010,17
0010.jpg,6,-38,10011101001111011,17
0010.jpg,6,-37,10011101001111100,17
0010.jpg,6,-36,10011110100000110,17
0010.jpg,6,-34,10011110100001000,17
0010.jpg,6,-32,10011110100000010,17
0010.jpg,6,-30,10011110100011011,17
0010.jpg,6,-26,10011110100001011,17
0010.jpg,6,23,11001011000000011,17
0010.jpg,6,30,10011101001000110,17
0010.jpg,6,34,10011101001001000,17
0010.jpg,6,37,10011101001001110,17
0010.jpg,6,40,10011101001001011,17
0010.jpg,6,45,10011101001100111,17
0010.jpg,7,-37,10011101001111000,17
0010.jpg,7,-30,10011110100000100,17
0010.jpg,7,-28,11001011000000100,17
0010.jpg,7,25,10011110100011000,17
0010.jpg,7,32,10011101001000111,17
0010.jpg,7,39,10011101001001100,17
0010.jpg,7,40,10011101001001010,17
0010.jpg,8,-4,10011101001011111,17
0010.jpg,8,-3,10011101001100011,17
0010.jpg,8,4,11001011000000101,17
0010.jpg,8,5,11001011000000110,17
0010.jpg,11,-3,10011101001101000,17
0010.jpg,13,10,10011110100010101,17
0010.jpg,14,-7,10011110100001111,17
0010.jpg,14,-6,10011110100010000,17
0010.jpg,14,-3,10011101001000100,17
0010.jpg,14,4,10011110100000011,17
0010.jpg,15,-4,10011101001000101,17
0010.jpg,15,6,10011110100011111,17
0010.jpg,19,-1,10011101001000010,17
0010.jpg,24,-1,10011101001011100,17
0010.jpg,28,1,10011101001101110,17
0010.jpg,29,-1,10011101001011000,17
0010.jpg,29,1,10011101001011010,17
0010.jpg,30,1,10011101001010010,17
0010.jpg,32,-1,10011110100011101,17
0010.jpg,37,-1,10011101001011101,17
0010.jpg,38,1,11001011000000111,17
